Suite,Paradigm,InstanceName,AbilityTested,GoalVisibleAtChoicePoint,RequiresOP?,LavaPresence,PlatformPresence,RampPresence,TimeUnderOcclusion,OccluderColour,RightLeftPosition,RowPosition,ColumnPosition,NumOtherPositionsAvailable,GoalSize,TransparentWallPresence,LightsOutPresence,GoodGoalBounce?,ForcedChoice?,DistanceToGoalManhattan,OccluderPresence,OccluderRedness,OccluderGreenness,OccluderBlueness,Agent1,Agent2,Agent3,Agent4,Agent5,Agent6,Agent7,Agent8,Agent9,Agent10,Agent11,Agent12,Agent13,Agent14,Agent15,Agent16,Agent17,Agent18,Agent19,Agent20,Agent21,Agent22,Agent23,Agent24,Agent25,Agent26,Agent27,Agent28,Agent29,Agent30
AllocentricOP,CVChick,OP-STC-Allo-CVChick-1Occluder-Left-Beige-0-OPQ.yml,CVChickLikeTasks,0,1,1,1,0,3,Beige,-1,,,1,2.0,1,1,1,1,46,1,236.0,195.0,153.0,1,1,0,0,1,0,0,1,1,1,0,0,1,1,0,1,0,1,1,1,0,0,0,0,1,0,0,0,1,1
AllocentricOP,CVChick,OP-STC-Allo-CVChick-1Occluder-Left-Brown-0-OPQ.yml,CVChickLikeTasks,0,1,1,1,0,3,Brown,-1,,,1,2.0,1,1,1,1,46,1,102.0,51.0,1.0,1,1,0,0,1,0,1,1,1,1,1,0,1,0,0,0,0,1,1,0,0,0,0,1,1,1,0,0,1,1
AllocentricOP,CVChick,OP-STC-Allo-CVChick-1Occluder-Left-DarkBlue-0-OPQ.yml,CVChickLikeTasks,0,1,1,1,0,3,DarkBlue,-1,,,1,2.0,1,1,1,1,46,1,1.0,1.0,153.0,1,0,0,0,1,0,1,1,1,0,1,0,0,1,0,0,0,1,1,1,0,0,0,1,1,1,0,0,1,1
AllocentricOP,CVChick,OP-STC-Allo-CVChick-1Occluder-Left-DarkGreen-0-OPQ.yml,CVChickLikeTasks,0,1,1,1,0,3,DarkGreen,-1,,,1,2.0,1,1,1,1,46,1,1.0,100.0,1.0,1,1,1,0,1,0,1,1,1,0,0,0,1,1,0,0,0,1,1,0,0,0,0,0,1,1,0,1,1,1
AllocentricOP,CVChick,OP-STC-Allo-CVChick-1Occluder-Left-Grey-0-OPQ.yml,CVChickLikeTasks,0,1,1,1,0,3,Grey,-1,,,1,2.0,1,1,1,1,46,1,153.0,153.0,153.0,1,0,0,0,1,0,1,1,1,1,1,0,1,1,0,0,0,1,1,1,0,0,0,1,1,1,0,0,1,1
AllocentricOP,CVChick,OP-STC-Allo-CVChick-1Occluder-Left-OffWhite-0-OPQ.yml,CVChickLikeTasks,0,1,1,1,0,3,OffWhite,-1,,,1,2.0,1,1,1,1,46,1,248.0,253.0,212.0,1,1,0,0,1,0,0,0,1,0,1,0,1,1,0,0,0,1,1,1,0,0,0,0,1,1,0,0,1,1
AllocentricOP,CVChick,OP-STC-Allo-CVChick-1Occluder-Right-Beige-0-OPQ.yml,CVChickLikeTasks,0,1,1,1,0,3,Beige,1,,,1,2.0,1,1,1,1,46,1,236.0,195.0,153.0,1,0,1,0,1,0,0,1,1,1,1,1,0,1,0,0,0,1,1,1,0,0,0,0,1,0,0,1,1,0
AllocentricOP,CVChick,OP-STC-Allo-CVChick-1Occluder-Right-Brown-0-OPQ.yml,CVChickLikeTasks,0,1,1,1,0,3,Brown,1,,,1,2.0,1,1,1,1,46,1,102.0,51.0,1.0,1,0,0,0,1,0,1,1,1,0,0,1,1,0,0,0,0,1,1,1,0,0,0,0,1,1,0,0,1,0
AllocentricOP,CVChick,OP-STC-Allo-CVChick-1Occluder-Right-DarkBlue-0-OPQ.yml,CVChickLikeTasks,0,1,1,1,0,3,DarkBlue,1,,,1,2.0,1,1,1,1,46,1,1.0,1.0,153.0,1,0,0,0,1,0,1,1,1,1,1,1,1,1,0,0,0,1,1,1,0,0,0,0,1,1,0,0,1,1
AllocentricOP,CVChick,OP-STC-Allo-CVChick-1Occluder-Right-DarkGreen-0-OPQ.yml,CVChickLikeTasks,0,1,1,1,0,3,DarkGreen,1,,,1,2.0,1,1,1,1,46,1,1.0,100.0,1.0,1,1,0,0,1,0,1,1,1,0,1,1,0,1,0,1,0,1,1,1,0,0,0,0,1,0,0,0,1,0
AllocentricOP,CVChick,OP-STC-Allo-CVChick-1Occluder-Right-Grey-0-OPQ.yml,CVChickLikeTasks,0,1,1,1,0,3,Grey,1,,,1,2.0,1,1,1,1,46,1,153.0,153.0,153.0,1,0,0,0,1,0,1,1,1,1,1,0,0,1,0,0,0,1,1,1,0,0,0,1,1,1,0,0,1,0
AllocentricOP,CVChick,OP-STC-Allo-CVChick-1Occluder-Right-OffWhite-0-OPQ.yml,CVChickLikeTasks,0,1,1,1,0,3,OffWhite,1,,,1,2.0,1,1,1,1,46,1,248.0,253.0,212.0,1,0,0,1,1,0,0,0,1,1,1,1,0,1,0,0,0,1,1,1,0,0,0,0,1,1,0,0,1,1
AllocentricOP,CVChick,OP-STC-Allo-CVChick-2Occluder-Left-Beige-0-OPQ.yml,CVChickLikeTasks,0,1,1,1,0,3,Beige,-1,,,1,2.0,1,0,1,1,46,1,236.0,195.0,153.0,1,0,0,0,1,0,0,1,1,0,1,0,1,1,1,0,0,1,1,1,0,0,0,0,1,1,0,0,1,1
AllocentricOP,CVChick,OP-STC-Allo-CVChick-2Occluder-Left-Brown-0-OPQ.yml,CVChickLikeTasks,0,1,1,1,0,3,Brown,-1,,,1,2.0,1,0,1,1,46,1,102.0,51.0,1.0,1,1,1,0,1,0,1,1,1,1,1,1,1,1,1,1,0,1,1,1,0,0,0,0,1,0,0,0,1,1
AllocentricOP,CVChick,OP-STC-Allo-CVChick-2Occluder-Left-DarkBlue-0-OPQ.yml,CVChickLikeTasks,0,1,1,1,0,3,DarkBlue,-1,,,1,2.0,1,0,1,1,46,1,1.0,1.0,153.0,1,1,0,0,0,0,0,1,1,1,1,0,1,0,1,1,0,1,1,1,0,0,0,0,1,0,0,0,1,1
AllocentricOP,CVChick,OP-STC-Allo-CVChick-2Occluder-Left-DarkGreen-0-OPQ.yml,CVChickLikeTasks,0,1,1,1,0,3,DarkGreen,-1,,,1,2.0,1,0,1,1,46,1,1.0,100.0,1.0,1,0,0,0,1,0,1,1,1,1,0,0,1,1,1,1,0,1,1,0,0,0,0,0,1,0,0,0,1,1
AllocentricOP,CVChick,OP-STC-Allo-CVChick-2Occluder-Left-Grey-0-OPQ.yml,CVChickLikeTasks,0,1,1,1,0,3,Grey,-1,,,1,2.0,1,0,1,1,46,1,153.0,153.0,153.0,1,1,0,0,1,0,1,1,1,1,0,0,1,0,1,1,0,1,1,1,0,0,0,1,1,1,0,0,1,1
AllocentricOP,CVChick,OP-STC-Allo-CVChick-2Occluder-Left-OffWhite-0-OPQ.yml,CVChickLikeTasks,0,1,1,1,0,3,OffWhite,-1,,,1,2.0,1,0,1,1,46,1,248.0,253.0,212.0,1,1,0,0,1,0,0,0,1,0,1,0,1,1,1,1,0,1,1,1,0,0,0,0,1,1,0,0,1,1
AllocentricOP,CVChick,OP-STC-Allo-CVChick-2Occluder-Right-Beige-0-OPQ.yml,CVChickLikeTasks,0,1,1,1,0,3,Beige,1,,,1,2.0,1,0,1,1,46,1,236.0,195.0,153.0,1,1,0,0,1,0,0,1,1,0,1,1,0,0,1,1,0,0,1,1,0,0,0,0,1,1,0,0,1,0
AllocentricOP,CVChick,OP-STC-Allo-CVChick-2Occluder-Right-Brown-0-OPQ.yml,CVChickLikeTasks,0,1,1,1,0,3,Brown,1,,,1,2.0,1,0,1,1,46,1,102.0,51.0,1.0,1,1,0,0,1,0,1,1,1,1,1,1,0,1,1,1,0,1,1,0,0,1,0,0,1,1,0,0,1,1
AllocentricOP,CVChick,OP-STC-Allo-CVChick-2Occluder-Right-DarkBlue-0-OPQ.yml,CVChickLikeTasks,0,1,1,1,0,3,DarkBlue,1,,,1,2.0,1,0,1,1,46,1,1.0,1.0,153.0,1,1,0,0,1,0,1,1,1,0,1,1,0,1,1,1,0,1,1,1,0,0,0,0,1,0,0,0,1,1
AllocentricOP,CVChick,OP-STC-Allo-CVChick-2Occluder-Right-DarkGreen-0-OPQ.yml,CVChickLikeTasks,0,1,1,1,0,3,DarkGreen,1,,,1,2.0,1,0,1,1,46,1,1.0,100.0,1.0,1,1,1,0,1,0,1,1,1,0,1,1,1,1,1,1,0,1,1,1,0,0,0,0,1,1,0,1,1,1
AllocentricOP,CVChick,OP-STC-Allo-CVChick-2Occluder-Right-Grey-0-OPQ.yml,CVChickLikeTasks,0,1,1,1,0,3,Grey,1,,,1,2.0,1,0,1,1,46,1,153.0,153.0,153.0,1,0,0,0,1,0,1,1,1,1,1,1,1,0,1,1,0,1,1,0,0,0,0,0,1,1,0,0,1,1
AllocentricOP,CVChick,OP-STC-Allo-CVChick-2Occluder-Right-OffWhite-0-OPQ.yml,CVChickLikeTasks,0,1,1,1,0,3,OffWhite,1,,,1,2.0,1,0,1,1,46,1,248.0,253.0,212.0,1,0,0,0,1,1,0,0,1,0,0,1,0,0,1,1,0,1,1,1,0,1,0,0,1,1,0,0,1,1
AllocentricOP,CVChick,OP-STC-Allo-CVChick-Thin-Left-Beige-0-OPQ.yml,CVChickLikeTasks,0,1,1,1,0,3,Beige,-1,,,1,2.0,1,1,1,1,46,1,236.0,195.0,153.0,1,0,0,0,1,0,0,1,1,1,0,0,1,1,0,0,0,1,1,0,0,1,0,1,1,0,0,0,1,1
AllocentricOP,CVChick,OP-STC-Allo-CVChick-Thin-Left-Brown-0-OPQ.yml,CVChickLikeTasks,0,1,1,1,0,3,Brown,-1,,,1,2.0,1,1,1,1,46,1,102.0,51.0,1.0,1,1,1,1,1,0,1,1,1,1,1,0,1,1,0,1,0,1,1,0,0,1,0,0,1,1,0,0,1,1
AllocentricOP,CVChick,OP-STC-Allo-CVChick-Thin-Left-DarkBlue-0-OPQ.yml,CVChickLikeTasks,0,1,1,1,0,3,DarkBlue,-1,,,1,2.0,1,1,1,1,46,1,1.0,1.0,153.0,1,1,0,0,1,0,1,1,1,1,1,1,1,1,0,0,0,1,1,0,0,0,0,0,1,0,0,0,1,0
AllocentricOP,CVChick,OP-STC-Allo-CVChick-Thin-Left-DarkGreen-0-OPQ.yml,CVChickLikeTasks,0,1,1,1,0,3,DarkGreen,-1,,,1,2.0,1,1,1,1,46,1,1.0,100.0,1.0,1,1,0,0,1,0,0,1,1,1,1,0,1,1,0,0,0,1,1,0,0,0,0,0,1,1,0,0,1,0
AllocentricOP,CVChick,OP-STC-Allo-CVChick-Thin-Left-Grey-0-OPQ.yml,CVChickLikeTasks,0,1,1,1,0,3,Grey,-1,,,1,2.0,1,1,1,1,46,1,153.0,153.0,153.0,1,0,0,0,1,0,1,1,1,0,0,0,1,1,0,1,0,1,1,1,0,0,0,0,1,1,0,0,1,1
AllocentricOP,CVChick,OP-STC-Allo-CVChick-Thin-Left-OffWhite-0-OPQ.yml,CVChickLikeTasks,0,1,1,1,0,3,OffWhite,-1,,,1,2.0,1,1,1,1,46,1,248.0,253.0,212.0,1,1,0,0,1,0,0,0,1,0,1,0,1,1,0,1,0,1,1,1,0,0,0,0,1,1,0,0,1,1
AllocentricOP,CVChick,OP-STC-Allo-CVChick-Thin-Right-Beige-0-OPQ.yml,CVChickLikeTasks,0,1,1,1,0,3,Beige,1,,,1,2.0,1,1,1,1,46,1,236.0,195.0,153.0,1,0,0,0,1,0,0,1,0,1,1,1,0,1,0,0,0,1,1,0,0,0,0,0,1,1,0,0,1,0
AllocentricOP,CVChick,OP-STC-Allo-CVChick-Thin-Right-Brown-0-OPQ.yml,CVChickLikeTasks,0,1,1,1,0,3,Brown,1,,,1,2.0,1,1,1,1,46,1,102.0,51.0,1.0,1,1,0,0,1,0,1,1,1,1,1,1,0,1,0,0,0,1,1,1,0,0,0,0,1,0,0,0,1,1
AllocentricOP,CVChick,OP-STC-Allo-CVChick-Thin-Right-DarkBlue-0-OPQ.yml,CVChickLikeTasks,0,1,1,1,0,3,DarkBlue,1,,,1,2.0,1,1,1,1,46,1,1.0,1.0,153.0,1,0,0,0,1,0,1,1,1,0,0,1,0,1,0,1,0,1,1,1,0,0,0,0,1,0,0,0,1,1
AllocentricOP,CVChick,OP-STC-Allo-CVChick-Thin-Right-DarkGreen-0-OPQ.yml,CVChickLikeTasks,0,1,1,1,0,3,DarkGreen,1,,,1,2.0,1,1,1,1,46,1,1.0,100.0,1.0,1,0,0,0,0,0,1,1,1,1,1,1,0,1,0,0,1,1,1,1,0,0,0,0,1,1,0,1,1,1
AllocentricOP,CVChick,OP-STC-Allo-CVChick-Thin-Right-Grey-0-OPQ.yml,CVChickLikeTasks,0,1,1,1,0,3,Grey,1,,,1,2.0,1,1,1,1,46,1,153.0,153.0,153.0,1,0,0,0,1,0,1,1,1,1,1,1,0,1,0,0,0,1,1,1,0,0,0,0,1,0,0,1,1,0
AllocentricOP,CVChick,OP-STC-Allo-CVChick-Thin-Right-OffWhite-0-OPQ.yml,CVChickLikeTasks,0,1,1,1,0,3,OffWhite,1,,,1,2.0,1,1,1,1,46,1,248.0,253.0,212.0,1,0,0,0,1,0,0,0,1,1,0,1,1,1,0,0,1,0,1,1,0,0,0,1,1,1,0,0,1,0
AllocentricOP,3CupForcedChoice,OP-STC-Allo-PCTB-3CupFC-1G0.5LClose-Beige-0-OpLava.yml,3CupLikeTasks,0,1,0,0,1,1,Beige,-1,,,2,0.5,0,0,0,1,23,1,236.0,195.0,153.0,1,1,0,0,1,1,1,1,0,0,0,0,1,1,1,1,1,1,0,0,0,0,1,1,0,0,1,1,1,0
AllocentricOP,3CupForcedChoice,OP-STC-Allo-PCTB-3CupFC-1G0.5LClose-Beige-0-OPQ.yml,3CupLikeTasks,0,1,1,0,1,1,Beige,-1,,,2,0.5,0,0,0,1,23,1,236.0,195.0,153.0,1,1,0,0,1,0,0,1,0,1,0,0,1,0,1,1,1,1,0,0,0,0,1,1,0,0,1,1,1,1
AllocentricOP,3CupForcedChoice,OP-STC-Allo-PCTB-3CupFC-1G0.5LClose-Brown-0-OpLava.yml,3CupLikeTasks,0,1,0,0,1,1,Brown,-1,,,2,0.5,0,0,0,1,23,1,102.0,51.0,1.0,1,1,1,0,1,1,1,1,0,1,0,1,1,1,1,1,1,1,0,0,0,0,1,1,0,0,1,1,1,1
AllocentricOP,3CupForcedChoice,OP-STC-Allo-PCTB-3CupFC-1G0.5LClose-Brown-0-OPQ.yml,3CupLikeTasks,0,1,1,0,1,1,Brown,-1,,,2,0.5,0,0,0,1,23,1,102.0,51.0,1.0,1,1,0,0,1,1,1,1,0,1,0,0,1,1,1,1,1,1,0,0,0,0,1,1,0,1,1,1,1,1
AllocentricOP,3CupForcedChoice,OP-STC-Allo-PCTB-3CupFC-1G0.5LClose-DarkBlue-0-OpLava.yml,3CupLikeTasks,0,1,0,0,1,1,DarkBlue,-1,,,2,0.5,0,0,0,1,23,1,1.0,1.0,153.0,1,1,0,0,1,1,1,1,0,1,0,0,1,0,1,1,1,1,0,0,0,0,1,1,0,0,1,1,1,1
AllocentricOP,3CupForcedChoice,OP-STC-Allo-PCTB-3CupFC-1G0.5LClose-DarkBlue-0-OPQ.yml,3CupLikeTasks,0,1,1,0,1,1,DarkBlue,-1,,,2,0.5,0,0,0,1,23,1,1.0,1.0,153.0,1,0,0,0,1,0,1,1,0,1,0,0,1,0,1,1,1,0,0,0,0,0,1,0,0,1,1,0,1,1
AllocentricOP,3CupForcedChoice,OP-STC-Allo-PCTB-3CupFC-1G0.5LClose-DarkGreen-0-OpLava.yml,3CupLikeTasks,0,1,0,0,1,1,DarkGreen,-1,,,2,0.5,0,0,0,1,23,1,1.0,100.0,1.0,1,1,0,0,1,1,1,1,0,0,0,1,1,0,1,1,1,1,0,0,0,0,1,0,0,0,1,0,1,1
AllocentricOP,3CupForcedChoice,OP-STC-Allo-PCTB-3CupFC-1G0.5LClose-DarkGreen-0-OPQ.yml,3CupLikeTasks,0,1,1,0,1,1,DarkGreen,-1,,,2,0.5,0,0,0,1,23,1,1.0,100.0,1.0,1,1,0,0,0,0,1,1,0,0,0,1,1,0,1,1,1,1,0,0,0,1,1,1,0,0,1,1,1,1
AllocentricOP,3CupForcedChoice,OP-STC-Allo-PCTB-3CupFC-1G0.5LClose-Grey-0-OpLava.yml,3CupLikeTasks,0,1,0,0,1,1,Grey,-1,,,2,0.5,0,0,0,1,23,1,153.0,153.0,153.0,1,1,0,0,0,1,1,1,1,0,0,0,0,1,1,1,1,1,0,0,0,0,1,1,0,1,1,1,1,1
AllocentricOP,3CupForcedChoice,OP-STC-Allo-PCTB-3CupFC-1G0.5LClose-Grey-0-OPQ.yml,3CupLikeTasks,0,1,1,0,1,1,Grey,-1,,,2,0.5,0,0,0,1,23,1,153.0,153.0,153.0,1,0,0,0,1,0,1,1,0,1,1,0,1,1,1,1,1,1,0,1,0,0,1,1,0,0,1,1,1,1
AllocentricOP,3CupForcedChoice,OP-STC-Allo-PCTB-3CupFC-1G0.5LClose-OffWhite-0-OpLava.yml,3CupLikeTasks,0,1,0,0,1,1,OffWhite,-1,,,2,0.5,0,0,0,1,23,1,248.0,253.0,212.0,1,1,0,0,1,1,1,1,0,0,1,0,1,1,1,1,1,1,0,1,0,0,1,1,0,0,1,1,1,1
AllocentricOP,3CupForcedChoice,OP-STC-Allo-PCTB-3CupFC-1G0.5LClose-OffWhite-0-OPQ.yml,3CupLikeTasks,0,1,1,0,1,1,OffWhite,-1,,,2,0.5,0,0,0,1,23,1,248.0,253.0,212.0,1,1,0,0,1,0,0,0,0,1,0,0,1,1,1,1,1,1,0,0,0,0,1,1,0,0,1,1,1,1
AllocentricOP,3CupForcedChoice,OP-STC-Allo-PCTB-3CupFC-1G0.5LFar-Beige-0-OpLava.yml,3CupLikeTasks,0,1,0,0,1,3,Beige,-1,,,2,0.5,0,0,0,1,33,1,236.0,195.0,153.0,1,0,0,0,1,1,1,1,0,1,0,1,1,1,1,1,0,1,0,0,0,0,1,1,0,0,1,0,1,1
AllocentricOP,3CupForcedChoice,OP-STC-Allo-PCTB-3CupFC-1G0.5LFar-Beige-0-OPQ.yml,3CupLikeTasks,0,1,1,0,1,3,Beige,-1,,,2,0.5,0,0,0,1,33,1,236.0,195.0,153.0,1,1,0,0,1,1,0,1,0,1,1,0,1,0,1,0,0,1,0,0,0,0,1,1,0,0,1,1,1,1
AllocentricOP,3CupForcedChoice,OP-STC-Allo-PCTB-3CupFC-1G0.5LFar-Brown-0-OpLava.yml,3CupLikeTasks,0,1,0,0,1,3,Brown,-1,,,2,0.5,0,0,0,1,33,1,102.0,51.0,1.0,1,0,0,0,1,1,1,1,0,0,0,0,1,1,1,1,0,1,0,0,0,0,1,1,0,0,1,1,1,1
AllocentricOP,3CupForcedChoice,OP-STC-Allo-PCTB-3CupFC-1G0.5LFar-Brown-0-OPQ.yml,3CupLikeTasks,0,1,1,0,1,3,Brown,-1,,,2,0.5,0,0,0,1,33,1,102.0,51.0,1.0,1,0,0,0,1,0,1,1,0,1,0,1,0,1,1,1,0,1,0,0,0,1,1,1,0,0,1,1,1,1
AllocentricOP,3CupForcedChoice,OP-STC-Allo-PCTB-3CupFC-1G0.5LFar-DarkBlue-0-OpLava.yml,3CupLikeTasks,0,1,0,0,1,3,DarkBlue,-1,,,2,0.5,0,0,0,1,33,1,1.0,1.0,153.0,1,1,0,0,1,1,1,1,0,1,0,1,1,0,1,1,0,1,0,0,0,1,1,1,0,0,1,0,1,1
AllocentricOP,3CupForcedChoice,OP-STC-Allo-PCTB-3CupFC-1G0.5LFar-DarkBlue-0-OPQ.yml,3CupLikeTasks,0,1,1,0,1,3,DarkBlue,-1,,,2,0.5,0,0,0,1,33,1,1.0,1.0,153.0,1,0,0,0,0,0,1,1,0,1,0,0,1,1,1,1,0,1,0,0,0,0,1,0,0,0,1,1,1,1
AllocentricOP,3CupForcedChoice,OP-STC-Allo-PCTB-3CupFC-1G0.5LFar-DarkGreen-0-OpLava.yml,3CupLikeTasks,0,1,0,0,1,3,DarkGreen,-1,,,2,0.5,0,0,0,1,33,1,1.0,100.0,1.0,1,1,0,0,1,1,1,1,0,1,0,0,1,0,1,1,0,1,0,0,0,0,1,1,0,0,1,1,1,1
AllocentricOP,3CupForcedChoice,OP-STC-Allo-PCTB-3CupFC-1G0.5LFar-DarkGreen-0-OPQ.yml,3CupLikeTasks,0,1,1,0,1,3,DarkGreen,-1,,,2,0.5,0,0,0,1,33,1,1.0,100.0,1.0,1,1,0,0,1,0,1,0,0,0,0,0,1,1,1,1,0,1,0,0,0,0,1,1,0,0,1,1,1,1
AllocentricOP,3CupForcedChoice,OP-STC-Allo-PCTB-3CupFC-1G0.5LFar-Grey-0-OpLava.yml,3CupLikeTasks,0,1,0,0,1,3,Grey,-1,,,2,0.5,0,0,0,1,33,1,153.0,153.0,153.0,1,0,0,0,1,1,1,0,0,1,0,0,0,1,1,1,0,1,0,0,0,0,1,1,0,0,1,1,1,0
AllocentricOP,3CupForcedChoice,OP-STC-Allo-PCTB-3CupFC-1G0.5LFar-Grey-0-OPQ.yml,3CupLikeTasks,0,1,1,0,1,3,Grey,-1,,,2,0.5,0,0,0,1,33,1,153.0,153.0,153.0,1,0,0,0,1,0,1,1,0,0,0,1,1,1,1,1,0,1,0,0,0,0,1,1,0,0,1,1,1,1
AllocentricOP,3CupForcedChoice,OP-STC-Allo-PCTB-3CupFC-1G0.5LFar-OffWhite-0-OpLava.yml,3CupLikeTasks,0,1,0,0,1,3,OffWhite,-1,,,2,0.5,0,0,0,1,33,1,248.0,253.0,212.0,1,0,0,0,1,1,1,0,0,1,0,0,1,0,1,1,0,1,0,0,0,0,1,0,0,0,1,1,1,1
AllocentricOP,3CupForcedChoice,OP-STC-Allo-PCTB-3CupFC-1G0.5LFar-OffWhite-0-OPQ.yml,3CupLikeTasks,0,1,1,0,1,3,OffWhite,-1,,,2,0.5,0,0,0,1,33,1,248.0,253.0,212.0,1,0,0,0,0,0,0,0,0,0,0,0,1,1,1,1,0,1,0,0,0,0,1,0,0,0,1,0,1,1
AllocentricOP,3CupForcedChoice,OP-STC-Allo-PCTB-3CupFC-1G0.5MClose-Beige-0-OpLava.yml,3CupLikeTasks,0,1,0,0,1,1,Beige,0,,,2,0.5,0,0,0,1,23,1,236.0,195.0,153.0,1,1,0,0,1,1,0,0,0,0,0,0,0,1,1,1,1,1,0,0,0,0,1,1,0,0,1,0,1,1
AllocentricOP,3CupForcedChoice,OP-STC-Allo-PCTB-3CupFC-1G0.5MClose-Beige-0-OPQ.yml,3CupLikeTasks,0,1,1,0,1,1,Beige,0,,,2,0.5,0,0,0,1,23,1,236.0,195.0,153.0,1,1,0,0,1,0,0,1,1,0,0,0,1,1,1,1,1,1,0,0,0,0,1,1,0,0,1,1,1,1
AllocentricOP,3CupForcedChoice,OP-STC-Allo-PCTB-3CupFC-1G0.5MClose-Brown-0-OpLava.yml,3CupLikeTasks,0,1,0,0,1,1,Brown,0,,,2,0.5,0,0,0,1,23,1,102.0,51.0,1.0,1,1,0,0,1,1,1,1,0,1,0,0,0,0,1,1,1,1,0,0,0,0,1,0,0,0,1,1,1,1
AllocentricOP,3CupForcedChoice,OP-STC-Allo-PCTB-3CupFC-1G0.5MClose-Brown-0-OPQ.yml,3CupLikeTasks,0,1,1,0,1,1,Brown,0,,,2,0.5,0,0,0,1,23,1,102.0,51.0,1.0,1,1,0,0,1,0,1,1,0,1,0,0,1,1,1,1,1,1,0,0,0,0,1,1,0,0,1,1,1,1
AllocentricOP,3CupForcedChoice,OP-STC-Allo-PCTB-3CupFC-1G0.5MClose-DarkBlue-0-OpLava.yml,3CupLikeTasks,0,1,0,0,1,1,DarkBlue,0,,,2,0.5,0,0,0,1,23,1,1.0,1.0,153.0,1,0,0,0,1,1,1,1,0,1,0,0,0,1,1,1,1,1,0,0,0,0,1,1,0,0,1,0,1,1
AllocentricOP,3CupForcedChoice,OP-STC-Allo-PCTB-3CupFC-1G0.5MClose-DarkBlue-0-OPQ.yml,3CupLikeTasks,0,1,1,0,1,1,DarkBlue,0,,,2,0.5,0,0,0,1,23,1,1.0,1.0,153.0,1,1,0,0,1,0,1,1,0,0,0,0,0,0,1,1,1,1,0,0,0,0,1,0,0,0,1,1,1,0
AllocentricOP,3CupForcedChoice,OP-STC-Allo-PCTB-3CupFC-1G0.5MClose-DarkGreen-0-OpLava.yml,3CupLikeTasks,0,1,0,0,1,1,DarkGreen,0,,,2,0.5,0,0,0,1,23,1,1.0,100.0,1.0,1,0,0,1,1,1,1,1,0,1,0,0,1,0,1,1,1,1,0,0,0,0,1,0,0,0,1,1,1,0
AllocentricOP,3CupForcedChoice,OP-STC-Allo-PCTB-3CupFC-1G0.5MClose-DarkGreen-0-OPQ.yml,3CupLikeTasks,0,1,1,0,1,1,DarkGreen,0,,,2,0.5,0,0,0,1,23,1,1.0,100.0,1.0,1,0,0,0,1,0,1,1,0,1,0,1,0,1,1,1,1,1,0,0,0,0,1,0,0,1,1,1,1,0
AllocentricOP,3CupForcedChoice,OP-STC-Allo-PCTB-3CupFC-1G0.5MClose-Grey-0-OpLava.yml,3CupLikeTasks,0,1,0,0,1,1,Grey,0,,,2,0.5,0,0,0,1,23,1,153.0,153.0,153.0,1,0,0,0,0,1,1,1,1,1,0,1,1,0,1,1,1,1,0,0,0,0,1,1,0,0,1,1,1,1
AllocentricOP,3CupForcedChoice,OP-STC-Allo-PCTB-3CupFC-1G0.5MClose-Grey-0-OPQ.yml,3CupLikeTasks,0,1,1,0,1,1,Grey,0,,,2,0.5,0,0,0,1,23,1,153.0,153.0,153.0,1,1,0,0,1,0,1,1,0,1,0,1,1,0,1,1,0,1,0,0,0,0,1,1,0,0,1,0,1,1
AllocentricOP,3CupForcedChoice,OP-STC-Allo-PCTB-3CupFC-1G0.5MClose-OffWhite-0-OpLava.yml,3CupLikeTasks,0,1,0,0,1,1,OffWhite,0,,,2,0.5,0,0,0,1,23,1,248.0,253.0,212.0,1,1,0,0,1,1,1,0,0,1,0,0,1,1,1,1,1,1,0,0,0,1,1,1,0,0,1,1,1,0
AllocentricOP,3CupForcedChoice,OP-STC-Allo-PCTB-3CupFC-1G0.5MClose-OffWhite-0-OPQ.yml,3CupLikeTasks,0,1,1,0,1,1,OffWhite,0,,,2,0.5,0,0,0,1,23,1,248.0,253.0,212.0,1,1,0,0,1,0,0,0,0,0,0,0,1,1,1,1,1,1,0,0,0,0,1,0,0,0,1,1,1,1
AllocentricOP,3CupForcedChoice,OP-STC-Allo-PCTB-3CupFC-1G0.5MFar-Beige-0-OpLava.yml,3CupLikeTasks,0,1,0,0,1,3,Beige,0,,,2,0.5,0,0,0,1,33,1,236.0,195.0,153.0,1,1,0,0,0,1,1,1,0,1,0,1,1,0,1,1,0,1,0,0,0,0,1,1,0,0,1,0,1,1
AllocentricOP,3CupForcedChoice,OP-STC-Allo-PCTB-3CupFC-1G0.5MFar-Beige-0-OPQ.yml,3CupLikeTasks,0,1,1,0,1,3,Beige,0,,,2,0.5,0,0,0,1,33,1,236.0,195.0,153.0,1,1,0,0,1,0,0,1,0,1,0,0,0,0,1,1,1,1,0,0,0,1,1,1,0,0,1,1,1,1
AllocentricOP,3CupForcedChoice,OP-STC-Allo-PCTB-3CupFC-1G0.5MFar-Brown-0-OpLava.yml,3CupLikeTasks,0,1,0,0,1,3,Brown,0,,,2,0.5,0,0,0,1,33,1,102.0,51.0,1.0,1,1,0,0,1,1,1,1,0,0,0,0,1,1,1,1,0,1,0,0,0,0,1,1,0,0,1,1,1,0
AllocentricOP,3CupForcedChoice,OP-STC-Allo-PCTB-3CupFC-1G0.5MFar-Brown-0-OPQ.yml,3CupLikeTasks,0,1,1,0,1,3,Brown,0,,,2,0.5,0,0,0,1,33,1,102.0,51.0,1.0,1,0,0,0,1,0,1,1,0,0,0,1,1,1,1,1,0,1,0,0,0,1,1,0,0,0,1,0,1,1
AllocentricOP,3CupForcedChoice,OP-STC-Allo-PCTB-3CupFC-1G0.5MFar-DarkBlue-0-OpLava.yml,3CupLikeTasks,0,1,0,0,1,3,DarkBlue,0,,,2,0.5,0,0,0,1,33,1,1.0,1.0,153.0,1,1,0,0,1,1,1,1,0,1,0,0,1,1,1,1,0,1,0,0,0,0,1,0,0,0,1,0,1,0
AllocentricOP,3CupForcedChoice,OP-STC-Allo-PCTB-3CupFC-1G0.5MFar-DarkBlue-0-OPQ.yml,3CupLikeTasks,0,1,1,0,1,3,DarkBlue,0,,,2,0.5,0,0,0,1,33,1,1.0,1.0,153.0,1,1,0,0,1,0,1,1,0,0,0,1,1,0,1,1,0,1,0,1,0,1,1,0,0,0,1,1,1,1
AllocentricOP,3CupForcedChoice,OP-STC-Allo-PCTB-3CupFC-1G0.5MFar-DarkGreen-0-OpLava.yml,3CupLikeTasks,0,1,0,0,1,3,DarkGreen,0,,,2,0.5,0,0,0,1,33,1,1.0,100.0,1.0,1,0,0,0,1,1,1,1,0,1,0,1,0,0,1,1,0,1,0,0,0,0,1,1,0,0,1,1,1,1
AllocentricOP,3CupForcedChoice,OP-STC-Allo-PCTB-3CupFC-1G0.5MFar-DarkGreen-0-OPQ.yml,3CupLikeTasks,0,1,1,0,1,3,DarkGreen,0,,,2,0.5,0,0,0,1,33,1,1.0,100.0,1.0,1,0,0,0,1,0,1,1,0,0,0,0,1,0,1,1,0,1,0,0,0,0,1,1,0,0,1,1,1,1
AllocentricOP,3CupForcedChoice,OP-STC-Allo-PCTB-3CupFC-1G0.5MFar-Grey-0-OpLava.yml,3CupLikeTasks,0,1,0,0,1,3,Grey,0,,,2,0.5,0,0,0,1,33,1,153.0,153.0,153.0,1,0,0,0,1,1,1,1,0,1,0,0,1,0,1,1,0,1,0,0,0,0,1,0,0,0,1,1,1,1
AllocentricOP,3CupForcedChoice,OP-STC-Allo-PCTB-3CupFC-1G0.5MFar-Grey-0-OPQ.yml,3CupLikeTasks,0,1,1,0,1,3,Grey,0,,,2,0.5,0,0,0,1,33,1,153.0,153.0,153.0,1,0,0,0,1,0,1,1,1,0,0,1,0,1,1,1,0,1,0,0,0,0,1,1,0,0,1,0,1,0
AllocentricOP,3CupForcedChoice,OP-STC-Allo-PCTB-3CupFC-1G0.5MFar-OffWhite-0-OpLava.yml,3CupLikeTasks,0,1,0,0,1,3,OffWhite,0,,,2,0.5,0,0,0,1,33,1,248.0,253.0,212.0,1,1,0,0,1,1,1,0,0,1,0,1,0,1,1,1,0,1,0,0,0,0,1,1,0,0,1,0,1,1
AllocentricOP,3CupForcedChoice,OP-STC-Allo-PCTB-3CupFC-1G0.5MFar-OffWhite-0-OPQ.yml,3CupLikeTasks,0,1,1,0,1,3,OffWhite,0,,,2,0.5,0,0,0,1,33,1,248.0,253.0,212.0,1,1,0,0,1,0,0,0,0,0,0,1,1,0,1,1,0,1,0,0,0,0,1,0,0,0,1,1,1,1
AllocentricOP,3CupForcedChoice,OP-STC-Allo-PCTB-3CupFC-1G0.5RClose-Beige-0-OpLava.yml,3CupLikeTasks,0,1,0,0,1,1,Beige,1,,,2,0.5,0,0,0,1,23,1,236.0,195.0,153.0,1,0,0,0,1,1,1,1,0,1,0,1,0,1,1,1,1,1,0,0,0,0,1,0,0,0,1,1,1,1
AllocentricOP,3CupForcedChoice,OP-STC-Allo-PCTB-3CupFC-1G0.5RClose-Beige-0-OPQ.yml,3CupLikeTasks,0,1,1,0,1,1,Beige,1,,,2,0.5,0,0,0,1,23,1,236.0,195.0,153.0,1,0,0,0,1,0,0,1,0,0,0,1,0,1,1,0,1,1,0,0,0,0,1,1,0,0,1,1,1,1
AllocentricOP,3CupForcedChoice,OP-STC-Allo-PCTB-3CupFC-1G0.5RClose-Brown-0-OpLava.yml,3CupLikeTasks,0,1,0,0,1,1,Brown,1,,,2,0.5,0,0,0,1,23,1,102.0,51.0,1.0,1,0,0,0,1,1,1,0,0,1,0,1,0,1,1,1,1,1,0,1,0,0,1,0,0,0,1,0,1,1
AllocentricOP,3CupForcedChoice,OP-STC-Allo-PCTB-3CupFC-1G0.5RClose-Brown-0-OPQ.yml,3CupLikeTasks,0,1,1,0,1,1,Brown,1,,,2,0.5,0,0,0,1,23,1,102.0,51.0,1.0,1,0,0,0,1,0,1,0,0,0,0,1,0,0,1,1,1,1,0,1,0,0,1,1,0,1,1,1,1,1
AllocentricOP,3CupForcedChoice,OP-STC-Allo-PCTB-3CupFC-1G0.5RClose-DarkBlue-0-OpLava.yml,3CupLikeTasks,0,1,0,0,1,1,DarkBlue,1,,,2,0.5,0,0,0,1,23,1,1.0,1.0,153.0,1,1,0,0,1,1,1,1,0,1,0,1,0,1,1,1,1,1,0,0,0,0,1,1,0,0,1,1,1,1
AllocentricOP,3CupForcedChoice,OP-STC-Allo-PCTB-3CupFC-1G0.5RClose-DarkBlue-0-OPQ.yml,3CupLikeTasks,0,1,1,0,1,1,DarkBlue,1,,,2,0.5,0,0,0,1,23,1,1.0,1.0,153.0,1,1,0,0,1,0,1,1,0,1,0,1,0,1,1,1,1,1,0,0,0,0,1,1,0,0,1,0,1,1
AllocentricOP,3CupForcedChoice,OP-STC-Allo-PCTB-3CupFC-1G0.5RClose-DarkGreen-0-OpLava.yml,3CupLikeTasks,0,1,0,0,1,1,DarkGreen,1,,,2,0.5,0,0,0,1,23,1,1.0,100.0,1.0,1,0,0,0,1,1,1,1,0,1,0,1,0,0,1,1,1,1,0,0,0,0,1,1,0,1,1,0,1,1
AllocentricOP,3CupForcedChoice,OP-STC-Allo-PCTB-3CupFC-1G0.5RClose-DarkGreen-0-OPQ.yml,3CupLikeTasks,0,1,1,0,1,1,DarkGreen,1,,,2,0.5,0,0,0,1,23,1,1.0,100.0,1.0,1,0,0,0,1,1,1,0,0,1,0,1,1,0,1,1,1,1,0,0,0,0,1,0,0,0,1,1,1,1
AllocentricOP,3CupForcedChoice,OP-STC-Allo-PCTB-3CupFC-1G0.5RClose-Grey-0-OpLava.yml,3CupLikeTasks,0,1,0,0,1,1,Grey,1,,,2,0.5,0,0,0,1,23,1,153.0,153.0,153.0,1,1,0,0,1,1,1,1,1,1,0,1,1,1,1,1,1,1,0,0,0,0,1,1,0,0,1,1,1,1
AllocentricOP,3CupForcedChoice,OP-STC-Allo-PCTB-3CupFC-1G0.5RClose-Grey-0-OPQ.yml,3CupLikeTasks,0,1,1,0,1,1,Grey,1,,,2,0.5,0,0,0,1,23,1,153.0,153.0,153.0,1,0,0,0,1,0,1,1,1,1,0,1,0,0,1,0,1,1,0,0,0,1,1,1,0,1,1,1,1,1
AllocentricOP,3CupForcedChoice,OP-STC-Allo-PCTB-3CupFC-1G0.5RClose-OffWhite-0-OpLava.yml,3CupLikeTasks,0,1,0,0,1,1,OffWhite,1,,,2,0.5,0,0,0,1,23,1,248.0,253.0,212.0,1,0,0,0,0,1,1,0,0,1,0,1,0,0,1,1,1,1,0,0,0,0,1,0,0,0,1,1,1,1
AllocentricOP,3CupForcedChoice,OP-STC-Allo-PCTB-3CupFC-1G0.5RClose-OffWhite-0-OPQ.yml,3CupLikeTasks,0,1,1,0,1,1,OffWhite,1,,,2,0.5,0,0,0,1,23,1,248.0,253.0,212.0,1,0,0,0,1,1,0,0,1,0,0,1,1,0,1,0,1,1,0,0,0,0,1,0,0,0,1,1,1,1
AllocentricOP,3CupForcedChoice,OP-STC-Allo-PCTB-3CupFC-1G0.5RFar-Beige-0-OpLava.yml,3CupLikeTasks,0,1,0,0,1,3,Beige,1,,,2,0.5,0,0,0,1,33,1,236.0,195.0,153.0,1,0,1,0,1,1,1,1,0,1,1,1,0,0,1,1,0,1,0,0,0,0,1,0,0,1,1,1,1,1
AllocentricOP,3CupForcedChoice,OP-STC-Allo-PCTB-3CupFC-1G0.5RFar-Beige-0-OPQ.yml,3CupLikeTasks,0,1,1,0,1,3,Beige,1,,,2,0.5,0,0,0,1,33,1,236.0,195.0,153.0,1,1,0,0,1,0,0,1,0,0,0,1,0,0,1,1,0,1,0,0,0,0,1,1,0,0,1,1,1,0
AllocentricOP,3CupForcedChoice,OP-STC-Allo-PCTB-3CupFC-1G0.5RFar-Brown-0-OpLava.yml,3CupLikeTasks,0,1,0,0,1,3,Brown,1,,,2,0.5,0,0,0,1,33,1,102.0,51.0,1.0,1,1,0,0,1,1,1,1,0,1,0,1,1,1,1,1,0,1,0,0,0,0,1,1,0,0,1,1,1,1
AllocentricOP,3CupForcedChoice,OP-STC-Allo-PCTB-3CupFC-1G0.5RFar-Brown-0-OPQ.yml,3CupLikeTasks,0,1,1,0,1,3,Brown,1,,,2,0.5,0,0,0,1,33,1,102.0,51.0,1.0,1,1,0,0,1,0,1,1,0,1,1,1,1,0,1,1,1,1,0,0,0,0,1,0,0,1,1,1,1,1
AllocentricOP,3CupForcedChoice,OP-STC-Allo-PCTB-3CupFC-1G0.5RFar-DarkBlue-0-OpLava.yml,3CupLikeTasks,0,1,0,0,1,3,DarkBlue,1,,,2,0.5,0,0,0,1,33,1,1.0,1.0,153.0,1,1,0,0,1,0,1,1,0,1,0,1,0,1,1,1,0,1,0,0,0,0,1,1,0,0,1,0,1,1
AllocentricOP,3CupForcedChoice,OP-STC-Allo-PCTB-3CupFC-1G0.5RFar-DarkBlue-0-OPQ.yml,3CupLikeTasks,0,1,1,0,1,3,DarkBlue,1,,,2,0.5,0,0,0,1,33,1,1.0,1.0,153.0,1,0,0,0,1,0,1,1,0,0,0,1,1,0,1,1,0,1,0,0,0,0,1,1,0,0,1,1,1,1
AllocentricOP,3CupForcedChoice,OP-STC-Allo-PCTB-3CupFC-1G0.5RFar-DarkGreen-0-OpLava.yml,3CupLikeTasks,0,1,0,0,1,3,DarkGreen,1,,,2,0.5,0,0,0,1,33,1,1.0,100.0,1.0,1,1,0,0,1,1,1,1,0,1,0,1,1,0,1,1,0,1,0,0,0,0,1,1,0,0,1,0,1,1
AllocentricOP,3CupForcedChoice,OP-STC-Allo-PCTB-3CupFC-1G0.5RFar-DarkGreen-0-OPQ.yml,3CupLikeTasks,0,1,1,0,1,3,DarkGreen,1,,,2,0.5,0,0,0,1,33,1,1.0,100.0,1.0,1,1,0,0,1,1,1,1,0,0,0,1,1,1,1,1,0,0,0,0,0,0,1,1,0,0,1,1,1,0
AllocentricOP,3CupForcedChoice,OP-STC-Allo-PCTB-3CupFC-1G0.5RFar-Grey-0-OpLava.yml,3CupLikeTasks,0,1,0,0,1,3,Grey,1,,,2,0.5,0,0,0,1,33,1,153.0,153.0,153.0,1,1,1,0,1,1,1,1,0,1,0,0,1,0,1,1,0,1,0,0,0,0,1,1,0,0,1,1,1,1
AllocentricOP,3CupForcedChoice,OP-STC-Allo-PCTB-3CupFC-1G0.5RFar-Grey-0-OPQ.yml,3CupLikeTasks,0,1,1,0,1,3,Grey,1,,,2,0.5,0,0,0,1,33,1,153.0,153.0,153.0,1,0,1,0,1,0,1,0,0,0,0,1,0,1,1,1,0,1,0,0,0,0,1,1,0,0,1,1,1,0
AllocentricOP,3CupForcedChoice,OP-STC-Allo-PCTB-3CupFC-1G0.5RFar-OffWhite-0-OpLava.yml,3CupLikeTasks,0,1,0,0,1,3,OffWhite,1,,,2,0.5,0,0,0,1,33,1,248.0,253.0,212.0,1,1,0,0,1,1,1,0,1,0,1,1,0,1,1,1,0,1,0,0,0,1,1,1,0,0,1,1,1,1
AllocentricOP,3CupForcedChoice,OP-STC-Allo-PCTB-3CupFC-1G0.5RFar-OffWhite-0-OPQ.yml,3CupLikeTasks,0,1,1,0,1,3,OffWhite,1,,,2,0.5,0,0,0,1,33,1,248.0,253.0,212.0,1,0,0,0,1,0,0,0,0,0,0,1,1,0,1,1,0,1,0,0,0,0,1,0,0,0,1,1,1,1
AllocentricOP,3CupForcedChoice,OP-STC-Allo-PCTB-3CupFC-1G1LClose-Beige-0-OpLava.yml,3CupLikeTasks,0,1,0,0,1,1,Beige,-1,,,2,1.0,0,0,0,1,23,1,236.0,195.0,153.0,1,1,1,0,1,1,1,1,0,1,0,0,1,1,1,1,1,1,0,0,0,0,1,1,0,0,1,1,1,0
AllocentricOP,3CupForcedChoice,OP-STC-Allo-PCTB-3CupFC-1G1LClose-Beige-0-OPQ.yml,3CupLikeTasks,0,1,1,0,1,1,Beige,-1,,,2,1.0,0,0,0,1,23,1,236.0,195.0,153.0,1,1,0,0,1,0,0,1,0,1,0,1,1,1,1,1,1,1,0,0,0,0,1,1,0,0,1,1,1,0
AllocentricOP,3CupForcedChoice,OP-STC-Allo-PCTB-3CupFC-1G1LClose-Brown-0-OpLava.yml,3CupLikeTasks,0,1,0,0,1,1,Brown,-1,,,2,1.0,0,0,0,1,23,1,102.0,51.0,1.0,1,1,0,0,1,1,1,1,0,0,0,1,1,1,1,1,1,1,0,0,0,0,1,1,0,0,1,1,1,1
AllocentricOP,3CupForcedChoice,OP-STC-Allo-PCTB-3CupFC-1G1LClose-Brown-0-OPQ.yml,3CupLikeTasks,0,1,1,0,1,1,Brown,-1,,,2,1.0,0,0,0,1,23,1,102.0,51.0,1.0,1,0,0,0,1,0,1,1,0,1,0,0,1,1,1,1,1,0,0,0,0,0,1,1,0,0,1,0,1,1
AllocentricOP,3CupForcedChoice,OP-STC-Allo-PCTB-3CupFC-1G1LClose-DarkBlue-0-OpLava.yml,3CupLikeTasks,0,1,0,0,1,1,DarkBlue,-1,,,2,1.0,0,0,0,1,23,1,1.0,1.0,153.0,1,1,0,0,1,1,1,1,0,1,0,0,1,0,1,1,1,1,0,1,0,0,1,1,0,0,1,1,1,0
AllocentricOP,3CupForcedChoice,OP-STC-Allo-PCTB-3CupFC-1G1LClose-DarkBlue-0-OPQ.yml,3CupLikeTasks,0,1,1,0,1,1,DarkBlue,-1,,,2,1.0,0,0,0,1,23,1,1.0,1.0,153.0,1,0,0,0,1,0,1,1,0,1,1,0,1,1,1,1,1,1,0,0,0,0,1,1,0,0,1,1,1,1
AllocentricOP,3CupForcedChoice,OP-STC-Allo-PCTB-3CupFC-1G1LClose-DarkGreen-0-OpLava.yml,3CupLikeTasks,0,1,0,0,1,1,DarkGreen,-1,,,2,1.0,0,0,0,1,23,1,1.0,100.0,1.0,1,1,0,0,1,0,1,1,0,1,0,1,0,1,1,1,1,1,0,0,0,0,1,0,0,0,1,1,1,1
AllocentricOP,3CupForcedChoice,OP-STC-Allo-PCTB-3CupFC-1G1LClose-DarkGreen-0-OPQ.yml,3CupLikeTasks,0,1,1,0,1,1,DarkGreen,-1,,,2,1.0,0,0,0,1,23,1,1.0,100.0,1.0,1,1,0,0,0,0,1,1,0,0,0,1,1,0,1,1,1,0,0,0,0,1,1,0,0,0,1,1,1,1
AllocentricOP,3CupForcedChoice,OP-STC-Allo-PCTB-3CupFC-1G1LClose-Grey-0-OpLava.yml,3CupLikeTasks,0,1,0,0,1,1,Grey,-1,,,2,1.0,0,0,0,1,23,1,153.0,153.0,153.0,1,0,1,0,1,1,1,1,0,1,0,1,1,1,1,1,1,1,0,0,0,1,1,1,0,0,1,1,1,1
AllocentricOP,3CupForcedChoice,OP-STC-Allo-PCTB-3CupFC-1G1LClose-Grey-0-OPQ.yml,3CupLikeTasks,0,1,1,0,1,1,Grey,-1,,,2,1.0,0,0,0,1,23,1,153.0,153.0,153.0,1,1,0,0,1,0,1,1,0,0,0,0,1,0,1,1,1,1,0,0,0,0,1,1,0,0,1,0,1,0
AllocentricOP,3CupForcedChoice,OP-STC-Allo-PCTB-3CupFC-1G1LClose-OffWhite-0-OpLava.yml,3CupLikeTasks,0,1,0,0,1,1,OffWhite,-1,,,2,1.0,0,0,0,1,23,1,248.0,253.0,212.0,1,1,0,0,1,1,1,0,0,1,1,1,1,0,1,1,1,1,0,0,0,0,1,1,0,0,1,1,1,0
AllocentricOP,3CupForcedChoice,OP-STC-Allo-PCTB-3CupFC-1G1LClose-OffWhite-0-OPQ.yml,3CupLikeTasks,0,1,1,0,1,1,OffWhite,-1,,,2,1.0,0,0,0,1,23,1,248.0,253.0,212.0,1,1,1,0,1,0,0,0,0,0,1,1,1,0,1,1,1,1,0,0,0,0,1,1,0,0,1,1,1,1
AllocentricOP,3CupForcedChoice,OP-STC-Allo-PCTB-3CupFC-1G1LFar-Beige-0-OpLava.yml,3CupLikeTasks,0,1,0,0,1,3,Beige,-1,,,2,1.0,0,0,0,1,33,1,236.0,195.0,153.0,1,0,0,0,1,1,1,1,0,0,1,0,1,0,1,1,0,1,0,0,0,0,1,1,0,1,1,0,1,1
AllocentricOP,3CupForcedChoice,OP-STC-Allo-PCTB-3CupFC-1G1LFar-Beige-0-OPQ.yml,3CupLikeTasks,0,1,1,0,1,3,Beige,-1,,,2,1.0,0,0,0,1,33,1,236.0,195.0,153.0,1,0,0,0,1,0,0,1,0,0,1,0,1,0,1,1,0,0,0,0,0,0,1,1,0,0,1,1,1,0
AllocentricOP,3CupForcedChoice,OP-STC-Allo-PCTB-3CupFC-1G1LFar-Brown-0-OpLava.yml,3CupLikeTasks,0,1,0,0,1,3,Brown,-1,,,2,1.0,0,0,0,1,33,1,102.0,51.0,1.0,1,0,0,0,1,1,1,1,0,1,1,0,1,0,1,1,0,1,0,0,0,1,1,1,0,0,1,1,1,1
AllocentricOP,3CupForcedChoice,OP-STC-Allo-PCTB-3CupFC-1G1LFar-Brown-0-OPQ.yml,3CupLikeTasks,0,1,1,0,1,3,Brown,-1,,,2,1.0,0,0,0,1,33,1,102.0,51.0,1.0,1,0,1,0,1,1,1,1,0,1,0,1,0,1,1,0,0,1,0,0,0,0,1,1,0,0,1,0,1,1
AllocentricOP,3CupForcedChoice,OP-STC-Allo-PCTB-3CupFC-1G1LFar-DarkBlue-0-OpLava.yml,3CupLikeTasks,0,1,0,0,1,3,DarkBlue,-1,,,2,1.0,0,0,0,1,33,1,1.0,1.0,153.0,1,0,0,0,1,1,1,1,0,1,1,0,1,1,1,1,0,1,0,0,0,0,1,0,0,0,1,1,1,1
AllocentricOP,3CupForcedChoice,OP-STC-Allo-PCTB-3CupFC-1G1LFar-DarkBlue-0-OPQ.yml,3CupLikeTasks,0,1,1,0,1,3,DarkBlue,-1,,,2,1.0,0,0,0,1,33,1,1.0,1.0,153.0,1,1,0,0,1,0,1,1,0,0,1,0,1,1,1,1,0,1,0,0,0,1,1,1,0,0,1,0,1,0
AllocentricOP,3CupForcedChoice,OP-STC-Allo-PCTB-3CupFC-1G1LFar-DarkGreen-0-OpLava.yml,3CupLikeTasks,0,1,0,0,1,3,DarkGreen,-1,,,2,1.0,0,0,0,1,33,1,1.0,100.0,1.0,1,1,0,0,1,1,1,1,0,1,1,0,1,1,1,0,0,1,0,0,0,0,1,1,0,0,1,1,1,0
AllocentricOP,3CupForcedChoice,OP-STC-Allo-PCTB-3CupFC-1G1LFar-DarkGreen-0-OPQ.yml,3CupLikeTasks,0,1,1,0,1,3,DarkGreen,-1,,,2,1.0,0,0,0,1,33,1,1.0,100.0,1.0,1,0,1,0,1,0,0,1,0,0,1,0,1,0,1,1,0,1,0,0,0,0,1,1,0,0,1,1,1,1
AllocentricOP,3CupForcedChoice,OP-STC-Allo-PCTB-3CupFC-1G1LFar-Grey-0-OpLava.yml,3CupLikeTasks,0,1,0,0,1,3,Grey,-1,,,2,1.0,0,0,0,1,33,1,153.0,153.0,153.0,1,0,0,0,1,1,1,1,0,1,0,0,1,0,1,1,0,1,0,0,0,0,1,0,0,0,1,1,1,0
AllocentricOP,3CupForcedChoice,OP-STC-Allo-PCTB-3CupFC-1G1LFar-Grey-0-OPQ.yml,3CupLikeTasks,0,1,1,0,1,3,Grey,-1,,,2,1.0,0,0,0,1,33,1,153.0,153.0,153.0,1,1,0,0,1,0,1,1,0,0,0,0,1,1,1,1,0,1,0,0,0,1,1,0,0,0,1,1,1,1
AllocentricOP,3CupForcedChoice,OP-STC-Allo-PCTB-3CupFC-1G1LFar-OffWhite-0-OpLava.yml,3CupLikeTasks,0,1,0,0,1,3,OffWhite,-1,,,2,1.0,0,0,0,1,33,1,248.0,253.0,212.0,1,0,0,0,0,1,1,0,0,1,0,1,1,1,1,1,0,1,0,0,0,0,1,1,0,0,1,1,1,1
AllocentricOP,3CupForcedChoice,OP-STC-Allo-PCTB-3CupFC-1G1LFar-OffWhite-0-OPQ.yml,3CupLikeTasks,0,1,1,0,1,3,OffWhite,-1,,,2,1.0,0,0,0,1,33,1,248.0,253.0,212.0,1,1,0,0,1,0,0,0,0,0,0,0,1,1,1,0,0,1,0,1,0,0,1,1,0,0,1,1,1,1
AllocentricOP,3CupForcedChoice,OP-STC-Allo-PCTB-3CupFC-1G1MClose-Beige-0-OpLava.yml,3CupLikeTasks,0,1,0,0,1,1,Beige,0,,,2,1.0,0,0,0,1,23,1,236.0,195.0,153.0,1,0,0,0,1,1,1,1,0,1,0,1,1,1,1,1,1,1,0,0,0,0,1,1,0,0,1,1,1,1
AllocentricOP,3CupForcedChoice,OP-STC-Allo-PCTB-3CupFC-1G1MClose-Beige-0-OPQ.yml,3CupLikeTasks,0,1,1,0,1,1,Beige,0,,,2,1.0,0,0,0,1,23,1,236.0,195.0,153.0,1,1,0,0,1,1,0,1,1,1,0,1,0,0,1,1,1,1,0,0,0,1,1,1,0,0,1,1,1,0
AllocentricOP,3CupForcedChoice,OP-STC-Allo-PCTB-3CupFC-1G1MClose-Brown-0-OpLava.yml,3CupLikeTasks,0,1,0,0,1,1,Brown,0,,,2,1.0,0,0,0,1,23,1,102.0,51.0,1.0,1,1,0,0,1,1,1,1,0,1,0,1,0,1,1,1,1,1,0,0,0,0,1,1,0,0,1,1,1,0
AllocentricOP,3CupForcedChoice,OP-STC-Allo-PCTB-3CupFC-1G1MClose-Brown-0-OPQ.yml,3CupLikeTasks,0,1,1,0,1,1,Brown,0,,,2,1.0,0,0,0,1,23,1,102.0,51.0,1.0,1,0,0,0,1,0,1,1,0,0,0,1,0,1,1,1,1,1,0,0,0,0,1,1,0,0,1,1,1,0
AllocentricOP,3CupForcedChoice,OP-STC-Allo-PCTB-3CupFC-1G1MClose-DarkBlue-0-OpLava.yml,3CupLikeTasks,0,1,0,0,1,1,DarkBlue,0,,,2,1.0,0,0,0,1,23,1,1.0,1.0,153.0,1,1,0,0,1,1,1,1,0,1,1,0,1,1,1,1,1,1,0,0,0,0,1,1,0,1,1,1,1,1
AllocentricOP,3CupForcedChoice,OP-STC-Allo-PCTB-3CupFC-1G1MClose-DarkBlue-0-OPQ.yml,3CupLikeTasks,0,1,1,0,1,1,DarkBlue,0,,,2,1.0,0,0,0,1,23,1,1.0,1.0,153.0,1,1,0,0,1,0,1,1,0,1,0,1,1,0,1,1,1,1,0,0,0,0,1,1,0,0,1,1,1,1
AllocentricOP,3CupForcedChoice,OP-STC-Allo-PCTB-3CupFC-1G1MClose-DarkGreen-0-OpLava.yml,3CupLikeTasks,0,1,0,0,1,1,DarkGreen,0,,,2,1.0,0,0,0,1,23,1,1.0,100.0,1.0,1,1,0,1,1,1,1,1,0,1,0,1,1,1,1,1,1,1,0,0,0,0,1,1,0,0,1,1,1,1
AllocentricOP,3CupForcedChoice,OP-STC-Allo-PCTB-3CupFC-1G1MClose-DarkGreen-0-OPQ.yml,3CupLikeTasks,0,1,1,0,1,1,DarkGreen,0,,,2,1.0,0,0,0,1,23,1,1.0,100.0,1.0,1,1,0,0,1,0,1,1,0,0,0,1,0,1,1,1,1,1,0,0,0,0,1,1,0,0,1,1,1,0
AllocentricOP,3CupForcedChoice,OP-STC-Allo-PCTB-3CupFC-1G1MClose-Grey-0-OpLava.yml,3CupLikeTasks,0,1,0,0,1,1,Grey,0,,,2,1.0,0,0,0,1,23,1,153.0,153.0,153.0,1,0,0,0,1,0,1,1,0,1,0,0,0,1,1,1,1,1,0,1,0,0,1,1,0,0,1,1,1,0
AllocentricOP,3CupForcedChoice,OP-STC-Allo-PCTB-3CupFC-1G1MClose-Grey-0-OPQ.yml,3CupLikeTasks,0,1,1,0,1,1,Grey,0,,,2,1.0,0,0,0,1,23,1,153.0,153.0,153.0,1,1,0,0,1,1,1,1,0,0,1,1,1,0,1,1,1,1,0,0,0,0,1,1,0,0,1,1,1,1
AllocentricOP,3CupForcedChoice,OP-STC-Allo-PCTB-3CupFC-1G1MClose-OffWhite-0-OpLava.yml,3CupLikeTasks,0,1,0,0,1,1,OffWhite,0,,,2,1.0,0,0,0,1,23,1,248.0,253.0,212.0,1,1,0,0,1,1,1,0,0,1,1,0,1,0,1,1,1,1,0,0,0,0,1,1,0,0,1,1,1,1
AllocentricOP,3CupForcedChoice,OP-STC-Allo-PCTB-3CupFC-1G1MClose-OffWhite-0-OPQ.yml,3CupLikeTasks,0,1,1,0,1,1,OffWhite,0,,,2,1.0,0,0,0,1,23,1,248.0,253.0,212.0,1,0,0,0,1,0,0,0,0,0,0,0,0,1,1,1,1,1,0,0,0,0,1,1,0,0,1,1,1,0
AllocentricOP,3CupForcedChoice,OP-STC-Allo-PCTB-3CupFC-1G1MFar-Beige-0-OpLava.yml,3CupLikeTasks,0,1,0,0,1,3,Beige,0,,,2,1.0,0,0,0,1,33,1,236.0,195.0,153.0,1,1,0,0,1,1,1,1,0,1,0,1,1,1,1,1,0,1,0,0,0,0,1,0,0,0,1,1,1,1
AllocentricOP,3CupForcedChoice,OP-STC-Allo-PCTB-3CupFC-1G1MFar-Beige-0-OPQ.yml,3CupLikeTasks,0,1,1,0,1,3,Beige,0,,,2,1.0,0,0,0,1,33,1,236.0,195.0,153.0,1,1,0,0,1,0,0,1,0,1,1,1,0,0,1,1,0,1,0,0,0,0,1,1,0,0,1,0,1,1
AllocentricOP,3CupForcedChoice,OP-STC-Allo-PCTB-3CupFC-1G1MFar-Brown-0-OpLava.yml,3CupLikeTasks,0,1,0,0,1,3,Brown,0,,,2,1.0,0,0,0,1,33,1,102.0,51.0,1.0,1,1,0,0,1,1,1,1,1,1,1,0,0,1,1,1,1,1,0,0,0,0,1,0,0,0,1,1,1,0
AllocentricOP,3CupForcedChoice,OP-STC-Allo-PCTB-3CupFC-1G1MFar-Brown-0-OPQ.yml,3CupLikeTasks,0,1,1,0,1,3,Brown,0,,,2,1.0,0,0,0,1,33,1,102.0,51.0,1.0,1,1,0,0,1,0,1,1,0,0,1,1,0,0,1,1,0,1,0,0,0,0,1,1,0,0,1,1,1,0
AllocentricOP,3CupForcedChoice,OP-STC-Allo-PCTB-3CupFC-1G1MFar-DarkBlue-0-OpLava.yml,3CupLikeTasks,0,1,0,0,1,3,DarkBlue,0,,,2,1.0,0,0,0,1,33,1,1.0,1.0,153.0,1,1,0,0,1,0,1,1,0,1,0,0,1,0,1,1,0,1,0,0,0,0,1,1,0,0,1,0,1,0
AllocentricOP,3CupForcedChoice,OP-STC-Allo-PCTB-3CupFC-1G1MFar-DarkBlue-0-OPQ.yml,3CupLikeTasks,0,1,1,0,1,3,DarkBlue,0,,,2,1.0,0,0,0,1,33,1,1.0,1.0,153.0,1,0,0,0,0,0,1,1,0,0,1,1,1,1,1,1,0,1,0,0,0,0,1,1,0,0,1,0,1,1
AllocentricOP,3CupForcedChoice,OP-STC-Allo-PCTB-3CupFC-1G1MFar-DarkGreen-0-OpLava.yml,3CupLikeTasks,0,1,0,0,1,3,DarkGreen,0,,,2,1.0,0,0,0,1,33,1,1.0,100.0,1.0,1,0,0,0,1,0,1,1,0,1,0,1,1,0,1,1,1,1,0,0,0,0,1,1,0,0,1,0,1,0
AllocentricOP,3CupForcedChoice,OP-STC-Allo-PCTB-3CupFC-1G1MFar-DarkGreen-0-OPQ.yml,3CupLikeTasks,0,1,1,0,1,3,DarkGreen,0,,,2,1.0,0,0,0,1,33,1,1.0,100.0,1.0,1,1,0,0,1,0,1,1,1,0,1,0,0,1,1,1,0,1,0,0,0,0,1,0,0,1,1,0,1,1
AllocentricOP,3CupForcedChoice,OP-STC-Allo-PCTB-3CupFC-1G1MFar-Grey-0-OpLava.yml,3CupLikeTasks,0,1,0,0,1,3,Grey,0,,,2,1.0,0,0,0,1,33,1,153.0,153.0,153.0,1,1,0,0,1,1,1,1,0,1,1,1,0,0,1,1,0,1,0,1,0,1,1,1,0,0,1,0,1,1
AllocentricOP,3CupForcedChoice,OP-STC-Allo-PCTB-3CupFC-1G1MFar-Grey-0-OPQ.yml,3CupLikeTasks,0,1,1,0,1,3,Grey,0,,,2,1.0,0,0,0,1,33,1,153.0,153.0,153.0,1,1,0,0,1,0,1,1,0,0,0,1,1,1,1,1,0,1,0,0,0,0,1,0,0,0,1,0,1,1
AllocentricOP,3CupForcedChoice,OP-STC-Allo-PCTB-3CupFC-1G1MFar-OffWhite-0-OpLava.yml,3CupLikeTasks,0,1,0,0,1,3,OffWhite,0,,,2,1.0,0,0,0,1,33,1,248.0,253.0,212.0,1,1,0,0,1,1,1,0,0,1,0,1,0,0,1,1,0,1,0,0,0,0,1,1,0,0,1,1,1,1
AllocentricOP,3CupForcedChoice,OP-STC-Allo-PCTB-3CupFC-1G1MFar-OffWhite-0-OPQ.yml,3CupLikeTasks,0,1,1,0,1,3,OffWhite,0,,,2,1.0,0,0,0,1,33,1,248.0,253.0,212.0,1,1,0,0,1,0,0,0,0,0,0,1,1,0,1,1,0,1,0,0,0,0,1,1,0,0,1,1,1,1
AllocentricOP,3CupForcedChoice,OP-STC-Allo-PCTB-3CupFC-1G1RClose-Beige-0-OpLava.yml,3CupLikeTasks,0,1,0,0,1,1,Beige,1,,,2,1.0,0,0,0,1,23,1,236.0,195.0,153.0,1,1,0,0,1,1,1,1,0,1,1,1,0,0,1,1,1,1,0,0,0,0,1,1,0,0,1,1,1,1
AllocentricOP,3CupForcedChoice,OP-STC-Allo-PCTB-3CupFC-1G1RClose-Beige-0-OPQ.yml,3CupLikeTasks,0,1,1,0,1,1,Beige,1,,,2,1.0,0,0,0,1,23,1,236.0,195.0,153.0,1,0,0,0,1,0,0,1,0,0,0,1,0,1,1,1,1,1,0,1,0,0,1,1,0,0,1,1,1,1
AllocentricOP,3CupForcedChoice,OP-STC-Allo-PCTB-3CupFC-1G1RClose-Brown-0-OpLava.yml,3CupLikeTasks,0,1,0,0,1,1,Brown,1,,,2,1.0,0,0,0,1,23,1,102.0,51.0,1.0,1,1,0,0,1,1,1,1,1,0,0,1,0,0,1,1,1,1,0,0,0,0,1,1,0,0,1,1,1,0
AllocentricOP,3CupForcedChoice,OP-STC-Allo-PCTB-3CupFC-1G1RClose-Brown-0-OPQ.yml,3CupLikeTasks,0,1,1,0,1,1,Brown,1,,,2,1.0,0,0,0,1,23,1,102.0,51.0,1.0,1,1,0,0,1,0,1,1,0,0,0,1,0,1,1,1,1,1,0,0,0,0,1,1,0,0,1,1,1,1
AllocentricOP,3CupForcedChoice,OP-STC-Allo-PCTB-3CupFC-1G1RClose-DarkBlue-0-OpLava.yml,3CupLikeTasks,0,1,0,0,1,1,DarkBlue,1,,,2,1.0,0,0,0,1,23,1,1.0,1.0,153.0,1,0,0,0,1,0,0,1,0,1,0,1,0,1,1,1,1,1,0,1,0,0,1,1,0,0,1,1,1,1
AllocentricOP,3CupForcedChoice,OP-STC-Allo-PCTB-3CupFC-1G1RClose-DarkBlue-0-OPQ.yml,3CupLikeTasks,0,1,1,0,1,1,DarkBlue,1,,,2,1.0,0,0,0,1,23,1,1.0,1.0,153.0,1,1,0,0,0,0,1,1,1,0,0,1,0,0,1,1,1,1,0,1,0,0,1,1,0,0,1,1,1,1
AllocentricOP,3CupForcedChoice,OP-STC-Allo-PCTB-3CupFC-1G1RClose-DarkGreen-0-OpLava.yml,3CupLikeTasks,0,1,0,0,1,1,DarkGreen,1,,,2,1.0,0,0,0,1,23,1,1.0,100.0,1.0,1,1,0,0,1,1,1,1,0,0,0,1,0,0,1,1,1,1,0,0,0,0,1,1,0,0,1,1,1,0
AllocentricOP,3CupForcedChoice,OP-STC-Allo-PCTB-3CupFC-1G1RClose-DarkGreen-0-OPQ.yml,3CupLikeTasks,0,1,1,0,1,1,DarkGreen,1,,,2,1.0,0,0,0,1,23,1,1.0,100.0,1.0,1,0,0,0,1,0,1,1,0,0,0,1,0,1,1,1,1,1,0,1,0,0,1,1,0,0,1,1,1,1
AllocentricOP,3CupForcedChoice,OP-STC-Allo-PCTB-3CupFC-1G1RClose-Grey-0-OpLava.yml,3CupLikeTasks,0,1,0,0,1,1,Grey,1,,,2,1.0,0,0,0,1,23,1,153.0,153.0,153.0,1,1,0,0,1,1,1,1,0,1,1,1,0,0,1,0,1,1,0,0,0,0,1,1,0,0,1,1,1,1
AllocentricOP,3CupForcedChoice,OP-STC-Allo-PCTB-3CupFC-1G1RClose-Grey-0-OPQ.yml,3CupLikeTasks,0,1,1,0,1,1,Grey,1,,,2,1.0,0,0,0,1,23,1,153.0,153.0,153.0,1,1,0,0,1,1,1,1,0,0,0,1,0,0,1,0,1,1,0,0,0,0,1,1,0,0,1,0,1,1
AllocentricOP,3CupForcedChoice,OP-STC-Allo-PCTB-3CupFC-1G1RClose-OffWhite-0-OpLava.yml,3CupLikeTasks,0,1,0,0,1,1,OffWhite,1,,,2,1.0,0,0,0,1,23,1,248.0,253.0,212.0,1,0,0,0,1,0,1,0,0,1,0,1,0,0,1,0,1,1,0,0,0,0,1,0,0,0,1,1,1,0
AllocentricOP,3CupForcedChoice,OP-STC-Allo-PCTB-3CupFC-1G1RClose-OffWhite-0-OPQ.yml,3CupLikeTasks,0,1,1,0,1,1,OffWhite,1,,,2,1.0,0,0,0,1,23,1,248.0,253.0,212.0,1,1,0,0,1,0,0,0,0,1,0,1,1,0,1,1,1,1,0,0,0,0,1,1,0,1,1,1,1,1
AllocentricOP,3CupForcedChoice,OP-STC-Allo-PCTB-3CupFC-1G1RFar-Beige-0-OpLava.yml,3CupLikeTasks,0,1,0,0,1,3,Beige,1,,,2,1.0,0,0,0,1,33,1,236.0,195.0,153.0,1,0,0,0,1,1,0,1,0,0,0,1,0,1,1,1,0,1,0,0,0,0,1,1,0,0,1,1,1,1
AllocentricOP,3CupForcedChoice,OP-STC-Allo-PCTB-3CupFC-1G1RFar-Beige-0-OPQ.yml,3CupLikeTasks,0,1,1,0,1,3,Beige,1,,,2,1.0,0,0,0,1,33,1,236.0,195.0,153.0,1,0,0,0,1,0,0,1,0,1,1,1,1,0,1,1,0,1,0,0,0,0,1,0,0,0,1,1,1,1
AllocentricOP,3CupForcedChoice,OP-STC-Allo-PCTB-3CupFC-1G1RFar-Brown-0-OpLava.yml,3CupLikeTasks,0,1,0,0,1,3,Brown,1,,,2,1.0,0,0,0,1,33,1,102.0,51.0,1.0,1,1,1,0,1,1,1,1,0,1,0,1,1,0,1,1,0,1,0,0,0,0,1,1,0,0,1,0,1,0
AllocentricOP,3CupForcedChoice,OP-STC-Allo-PCTB-3CupFC-1G1RFar-Brown-0-OPQ.yml,3CupLikeTasks,0,1,1,0,1,3,Brown,1,,,2,1.0,0,0,0,1,33,1,102.0,51.0,1.0,1,0,0,0,1,0,1,1,0,1,0,1,0,0,1,1,0,1,0,0,0,0,1,1,0,0,1,1,1,0
AllocentricOP,3CupForcedChoice,OP-STC-Allo-PCTB-3CupFC-1G1RFar-DarkBlue-0-OpLava.yml,3CupLikeTasks,0,1,0,0,1,3,DarkBlue,1,,,2,1.0,0,0,0,1,33,1,1.0,1.0,153.0,1,1,0,0,1,1,1,1,0,1,0,1,0,0,1,1,0,1,0,0,0,0,1,0,0,0,1,1,1,1
AllocentricOP,3CupForcedChoice,OP-STC-Allo-PCTB-3CupFC-1G1RFar-DarkBlue-0-OPQ.yml,3CupLikeTasks,0,1,1,0,1,3,DarkBlue,1,,,2,1.0,0,0,0,1,33,1,1.0,1.0,153.0,1,0,1,0,1,0,1,1,0,1,0,1,0,1,1,1,0,1,0,0,0,0,1,0,0,0,1,1,1,1
AllocentricOP,3CupForcedChoice,OP-STC-Allo-PCTB-3CupFC-1G1RFar-DarkGreen-0-OpLava.yml,3CupLikeTasks,0,1,0,0,1,3,DarkGreen,1,,,2,1.0,0,0,0,1,33,1,1.0,100.0,1.0,1,1,0,0,1,1,1,1,0,1,0,1,1,0,1,1,0,1,0,0,0,0,1,1,0,0,1,0,1,0
AllocentricOP,3CupForcedChoice,OP-STC-Allo-PCTB-3CupFC-1G1RFar-DarkGreen-0-OPQ.yml,3CupLikeTasks,0,1,1,0,1,3,DarkGreen,1,,,2,1.0,0,0,0,1,33,1,1.0,100.0,1.0,1,0,0,0,1,0,1,1,0,0,1,1,0,1,1,1,0,1,0,0,0,1,1,1,0,0,1,1,1,0
AllocentricOP,3CupForcedChoice,OP-STC-Allo-PCTB-3CupFC-1G1RFar-Grey-0-OpLava.yml,3CupLikeTasks,0,1,0,0,1,3,Grey,1,,,2,1.0,0,0,0,1,33,1,153.0,153.0,153.0,1,1,0,0,1,1,1,1,0,0,1,1,0,1,1,1,0,1,0,1,0,0,1,1,0,0,1,1,1,0
AllocentricOP,3CupForcedChoice,OP-STC-Allo-PCTB-3CupFC-1G1RFar-Grey-0-OPQ.yml,3CupLikeTasks,0,1,1,0,1,3,Grey,1,,,2,1.0,0,0,0,1,33,1,153.0,153.0,153.0,1,0,0,0,1,0,1,1,0,0,0,1,0,0,1,0,0,1,0,0,0,0,1,0,0,0,1,1,1,1
AllocentricOP,3CupForcedChoice,OP-STC-Allo-PCTB-3CupFC-1G1RFar-OffWhite-0-OpLava.yml,3CupLikeTasks,0,1,0,0,1,3,OffWhite,1,,,2,1.0,0,0,0,1,33,1,248.0,253.0,212.0,1,0,0,0,1,1,1,0,0,0,1,1,0,1,1,1,0,1,0,0,0,0,1,1,0,0,1,1,1,1
AllocentricOP,3CupForcedChoice,OP-STC-Allo-PCTB-3CupFC-1G1RFar-OffWhite-0-OPQ.yml,3CupLikeTasks,0,1,1,0,1,3,OffWhite,1,,,2,1.0,0,0,0,1,33,1,248.0,253.0,212.0,1,0,0,0,1,0,0,0,0,0,0,1,0,1,1,1,0,1,0,0,0,0,1,0,0,0,1,0,1,0
AllocentricOP,3CupForcedChoice,OP-STC-Allo-PCTB-3CupFC-1G2.5LClose-Beige-0-OpLava.yml,3CupLikeTasks,0,1,0,0,1,1,Beige,-1,,,2,2.5,0,0,0,1,23,1,236.0,195.0,153.0,1,1,0,0,1,1,1,1,0,1,1,0,1,1,1,1,1,1,0,0,0,0,1,1,0,0,1,1,1,0
AllocentricOP,3CupForcedChoice,OP-STC-Allo-PCTB-3CupFC-1G2.5LClose-Beige-0-OPQ.yml,3CupLikeTasks,0,1,1,0,1,1,Beige,-1,,,2,2.5,0,0,0,1,23,1,236.0,195.0,153.0,1,0,0,0,1,0,0,0,0,1,1,1,1,1,1,1,1,1,0,0,0,0,1,1,0,0,1,1,1,1
AllocentricOP,3CupForcedChoice,OP-STC-Allo-PCTB-3CupFC-1G2.5LClose-Brown-0-OpLava.yml,3CupLikeTasks,0,1,0,0,1,1,Brown,-1,,,2,2.5,0,0,0,1,23,1,102.0,51.0,1.0,1,1,0,0,1,1,1,1,0,1,1,0,1,1,1,1,1,1,0,0,0,0,1,1,0,0,1,1,1,1
AllocentricOP,3CupForcedChoice,OP-STC-Allo-PCTB-3CupFC-1G2.5LClose-Brown-0-OPQ.yml,3CupLikeTasks,0,1,1,0,1,1,Brown,-1,,,2,2.5,0,0,0,1,23,1,102.0,51.0,1.0,1,0,0,0,1,0,1,1,0,1,1,0,1,1,1,1,1,1,0,0,0,1,1,1,0,0,1,1,1,0
AllocentricOP,3CupForcedChoice,OP-STC-Allo-PCTB-3CupFC-1G2.5LClose-DarkBlue-0-OpLava.yml,3CupLikeTasks,0,1,0,0,1,1,DarkBlue,-1,,,2,2.5,0,0,0,1,23,1,1.0,1.0,153.0,1,1,0,0,1,1,1,1,0,1,1,0,1,1,1,1,1,1,0,0,0,0,1,0,0,0,1,1,1,1
AllocentricOP,3CupForcedChoice,OP-STC-Allo-PCTB-3CupFC-1G2.5LClose-DarkBlue-0-OPQ.yml,3CupLikeTasks,0,1,1,0,1,1,DarkBlue,-1,,,2,2.5,0,0,0,1,23,1,1.0,1.0,153.0,1,1,0,0,1,0,1,0,0,0,0,0,1,1,1,1,1,1,0,0,0,0,1,1,0,0,1,1,1,0
AllocentricOP,3CupForcedChoice,OP-STC-Allo-PCTB-3CupFC-1G2.5LClose-DarkGreen-0-OpLava.yml,3CupLikeTasks,0,1,0,0,1,1,DarkGreen,-1,,,2,2.5,0,0,0,1,23,1,1.0,100.0,1.0,1,0,0,0,1,1,1,1,1,1,1,0,1,1,1,1,1,1,0,0,0,0,1,1,0,0,1,1,1,0
AllocentricOP,3CupForcedChoice,OP-STC-Allo-PCTB-3CupFC-1G2.5LClose-DarkGreen-0-OPQ.yml,3CupLikeTasks,0,1,1,0,1,1,DarkGreen,-1,,,2,2.5,0,0,0,1,23,1,1.0,100.0,1.0,1,1,0,0,1,0,1,1,0,1,0,1,1,0,1,1,1,1,0,0,0,1,1,1,0,0,1,1,1,1
AllocentricOP,3CupForcedChoice,OP-STC-Allo-PCTB-3CupFC-1G2.5LClose-Grey-0-OpLava.yml,3CupLikeTasks,0,1,0,0,1,1,Grey,-1,,,2,2.5,0,0,0,1,23,1,153.0,153.0,153.0,1,1,0,0,1,1,1,1,0,0,1,0,1,1,1,1,1,1,0,1,0,0,1,0,0,0,1,1,1,1
AllocentricOP,3CupForcedChoice,OP-STC-Allo-PCTB-3CupFC-1G2.5LClose-Grey-0-OPQ.yml,3CupLikeTasks,0,1,1,0,1,1,Grey,-1,,,2,2.5,0,0,0,1,23,1,153.0,153.0,153.0,1,1,0,0,1,0,1,0,0,0,1,1,1,0,1,1,1,0,0,0,0,0,1,0,0,0,1,1,1,1
AllocentricOP,3CupForcedChoice,OP-STC-Allo-PCTB-3CupFC-1G2.5LClose-OffWhite-0-OpLava.yml,3CupLikeTasks,0,1,0,0,1,1,OffWhite,-1,,,2,2.5,0,0,0,1,23,1,248.0,253.0,212.0,1,0,0,0,1,1,1,0,0,1,1,0,1,1,1,1,1,1,0,0,0,0,1,1,0,0,1,1,1,0
AllocentricOP,3CupForcedChoice,OP-STC-Allo-PCTB-3CupFC-1G2.5LClose-OffWhite-0-OPQ.yml,3CupLikeTasks,0,1,1,0,1,1,OffWhite,-1,,,2,2.5,0,0,0,1,23,1,248.0,253.0,212.0,1,1,0,0,1,0,0,0,0,0,1,0,1,0,1,0,1,1,0,0,0,1,1,1,0,0,1,1,1,1
AllocentricOP,3CupForcedChoice,OP-STC-Allo-PCTB-3CupFC-1G2.5LFar-Beige-0-OpLava.yml,3CupLikeTasks,0,1,0,0,1,3,Beige,-1,,,2,2.5,0,0,0,1,33,1,236.0,195.0,153.0,1,0,1,0,1,1,1,1,1,1,1,1,1,1,1,1,0,1,0,0,0,0,1,1,0,0,1,1,1,1
AllocentricOP,3CupForcedChoice,OP-STC-Allo-PCTB-3CupFC-1G2.5LFar-Beige-0-OPQ.yml,3CupLikeTasks,0,1,1,0,1,3,Beige,-1,,,2,2.5,0,0,0,1,33,1,236.0,195.0,153.0,1,1,0,0,1,1,1,0,1,0,1,0,1,0,1,1,0,1,0,0,0,0,1,1,0,0,1,1,1,0
AllocentricOP,3CupForcedChoice,OP-STC-Allo-PCTB-3CupFC-1G2.5LFar-Brown-0-OpLava.yml,3CupLikeTasks,0,1,0,0,1,3,Brown,-1,,,2,2.5,0,0,0,1,33,1,102.0,51.0,1.0,1,1,0,0,1,1,1,1,0,1,1,1,1,1,1,0,0,1,0,0,0,0,1,1,0,0,1,0,1,1
AllocentricOP,3CupForcedChoice,OP-STC-Allo-PCTB-3CupFC-1G2.5LFar-Brown-0-OPQ.yml,3CupLikeTasks,0,1,1,0,1,3,Brown,-1,,,2,2.5,0,0,0,1,33,1,102.0,51.0,1.0,1,1,0,0,1,0,1,1,0,0,0,1,1,0,1,1,0,1,0,0,0,0,1,1,0,0,1,0,1,0
AllocentricOP,3CupForcedChoice,OP-STC-Allo-PCTB-3CupFC-1G2.5LFar-DarkBlue-0-OpLava.yml,3CupLikeTasks,0,1,0,0,1,3,DarkBlue,-1,,,2,2.5,0,0,0,1,33,1,1.0,1.0,153.0,1,1,0,0,1,0,1,1,0,1,1,0,1,0,1,1,1,1,0,0,0,0,1,1,0,0,1,1,1,1
AllocentricOP,3CupForcedChoice,OP-STC-Allo-PCTB-3CupFC-1G2.5LFar-DarkBlue-0-OPQ.yml,3CupLikeTasks,0,1,1,0,1,3,DarkBlue,-1,,,2,2.5,0,0,0,1,33,1,1.0,1.0,153.0,1,0,0,0,1,0,1,1,0,0,0,0,1,1,1,1,0,1,0,0,0,0,1,0,0,0,1,0,1,1
AllocentricOP,3CupForcedChoice,OP-STC-Allo-PCTB-3CupFC-1G2.5LFar-DarkGreen-0-OpLava.yml,3CupLikeTasks,0,1,0,0,1,3,DarkGreen,-1,,,2,2.5,0,0,0,1,33,1,1.0,100.0,1.0,1,1,0,0,1,1,1,1,0,1,1,0,1,1,1,1,0,1,0,0,0,0,1,1,0,0,1,1,1,1
AllocentricOP,3CupForcedChoice,OP-STC-Allo-PCTB-3CupFC-1G2.5LFar-DarkGreen-0-OPQ.yml,3CupLikeTasks,0,1,1,0,1,3,DarkGreen,-1,,,2,2.5,0,0,0,1,33,1,1.0,100.0,1.0,1,1,1,0,1,0,1,1,0,0,1,0,1,1,1,1,0,1,0,1,0,0,1,0,0,1,1,1,1,1
AllocentricOP,3CupForcedChoice,OP-STC-Allo-PCTB-3CupFC-1G2.5LFar-Grey-0-OpLava.yml,3CupLikeTasks,0,1,0,0,1,3,Grey,-1,,,2,2.5,0,0,0,1,33,1,153.0,153.0,153.0,1,0,0,0,1,1,1,1,0,1,1,1,1,1,1,1,0,1,0,0,0,0,1,1,0,0,1,1,1,1
AllocentricOP,3CupForcedChoice,OP-STC-Allo-PCTB-3CupFC-1G2.5LFar-Grey-0-OPQ.yml,3CupLikeTasks,0,1,1,0,1,3,Grey,-1,,,2,2.5,0,0,0,1,33,1,153.0,153.0,153.0,1,0,0,0,1,1,1,1,0,0,0,0,1,1,1,1,0,1,0,0,0,0,1,0,0,0,1,1,1,1
AllocentricOP,3CupForcedChoice,OP-STC-Allo-PCTB-3CupFC-1G2.5LFar-OffWhite-0-OpLava.yml,3CupLikeTasks,0,1,0,0,1,3,OffWhite,-1,,,2,2.5,0,0,0,1,33,1,248.0,253.0,212.0,1,0,0,0,1,1,1,0,0,1,1,1,1,0,1,1,1,1,0,0,0,0,1,0,0,0,1,1,1,1
AllocentricOP,3CupForcedChoice,OP-STC-Allo-PCTB-3CupFC-1G2.5LFar-OffWhite-0-OPQ.yml,3CupLikeTasks,0,1,1,0,1,3,OffWhite,-1,,,2,2.5,0,0,0,1,33,1,248.0,253.0,212.0,1,0,0,0,1,0,1,0,0,0,1,0,1,1,1,0,0,1,0,0,0,0,1,1,0,0,1,1,1,1
AllocentricOP,3CupForcedChoice,OP-STC-Allo-PCTB-3CupFC-1G2.5MClose-Beige-0-OpLava.yml,3CupLikeTasks,0,1,0,0,1,1,Beige,0,,,2,2.5,0,0,0,1,23,1,236.0,195.0,153.0,1,0,0,1,1,1,1,1,0,0,1,1,0,0,1,1,1,1,0,0,0,0,1,1,0,0,1,0,1,1
AllocentricOP,3CupForcedChoice,OP-STC-Allo-PCTB-3CupFC-1G2.5MClose-Beige-0-OPQ.yml,3CupLikeTasks,0,1,1,0,1,1,Beige,0,,,2,2.5,0,0,0,1,23,1,236.0,195.0,153.0,1,1,0,0,1,0,0,1,0,0,0,1,0,1,1,1,1,1,0,0,0,1,1,1,0,0,1,1,1,1
AllocentricOP,3CupForcedChoice,OP-STC-Allo-PCTB-3CupFC-1G2.5MClose-Brown-0-OpLava.yml,3CupLikeTasks,0,1,0,0,1,1,Brown,0,,,2,2.5,0,0,0,1,23,1,102.0,51.0,1.0,1,1,1,0,1,1,1,1,0,1,1,0,1,1,1,1,1,1,0,0,0,0,1,1,0,0,1,1,1,1
AllocentricOP,3CupForcedChoice,OP-STC-Allo-PCTB-3CupFC-1G2.5MClose-Brown-0-OPQ.yml,3CupLikeTasks,0,1,1,0,1,1,Brown,0,,,2,2.5,0,0,0,1,23,1,102.0,51.0,1.0,1,0,0,0,1,0,1,1,0,0,1,0,1,0,1,1,1,1,0,0,0,0,1,1,0,1,1,1,1,1
AllocentricOP,3CupForcedChoice,OP-STC-Allo-PCTB-3CupFC-1G2.5MClose-DarkBlue-0-OpLava.yml,3CupLikeTasks,0,1,0,0,1,1,DarkBlue,0,,,2,2.5,0,0,0,1,23,1,1.0,1.0,153.0,1,1,0,1,1,1,1,1,0,1,1,1,0,1,1,1,1,1,0,0,0,0,1,1,0,0,1,0,1,1
AllocentricOP,3CupForcedChoice,OP-STC-Allo-PCTB-3CupFC-1G2.5MClose-DarkBlue-0-OPQ.yml,3CupLikeTasks,0,1,1,0,1,1,DarkBlue,0,,,2,2.5,0,0,0,1,23,1,1.0,1.0,153.0,1,0,0,0,1,1,1,1,0,1,0,0,1,0,1,1,1,1,0,0,0,0,1,0,0,0,1,1,1,1
AllocentricOP,3CupForcedChoice,OP-STC-Allo-PCTB-3CupFC-1G2.5MClose-DarkGreen-0-OpLava.yml,3CupLikeTasks,0,1,0,0,1,1,DarkGreen,0,,,2,2.5,0,0,0,1,23,1,1.0,100.0,1.0,1,1,0,0,1,1,1,1,0,0,0,1,1,1,1,1,1,1,0,0,0,0,1,1,0,0,1,1,1,1
AllocentricOP,3CupForcedChoice,OP-STC-Allo-PCTB-3CupFC-1G2.5MClose-DarkGreen-0-OPQ.yml,3CupLikeTasks,0,1,1,0,1,1,DarkGreen,0,,,2,2.5,0,0,0,1,23,1,1.0,100.0,1.0,1,0,0,0,1,1,1,1,0,0,1,1,1,0,1,1,1,1,0,0,0,0,1,0,0,0,1,1,1,1
AllocentricOP,3CupForcedChoice,OP-STC-Allo-PCTB-3CupFC-1G2.5MClose-Grey-0-OpLava.yml,3CupLikeTasks,0,1,0,0,1,1,Grey,0,,,2,2.5,0,0,0,1,23,1,153.0,153.0,153.0,1,1,0,0,1,1,1,1,0,0,1,0,0,1,1,1,1,1,0,1,0,0,1,1,0,0,1,1,1,1
AllocentricOP,3CupForcedChoice,OP-STC-Allo-PCTB-3CupFC-1G2.5MClose-Grey-0-OPQ.yml,3CupLikeTasks,0,1,1,0,1,1,Grey,0,,,2,2.5,0,0,0,1,23,1,153.0,153.0,153.0,1,0,0,0,1,0,1,1,0,1,1,0,0,1,1,1,1,1,0,0,0,0,1,1,0,0,1,1,1,1
AllocentricOP,3CupForcedChoice,OP-STC-Allo-PCTB-3CupFC-1G2.5MClose-OffWhite-0-OpLava.yml,3CupLikeTasks,0,1,0,0,1,1,OffWhite,0,,,2,2.5,0,0,0,1,23,1,248.0,253.0,212.0,1,0,1,0,1,1,1,0,0,1,1,1,0,0,1,1,1,1,0,1,0,0,1,0,0,0,1,1,1,1
AllocentricOP,3CupForcedChoice,OP-STC-Allo-PCTB-3CupFC-1G2.5MClose-OffWhite-0-OPQ.yml,3CupLikeTasks,0,1,1,0,1,1,OffWhite,0,,,2,2.5,0,0,0,1,23,1,248.0,253.0,212.0,1,0,1,0,1,0,0,0,0,1,1,0,0,1,1,1,1,1,0,0,0,0,1,0,0,0,1,1,1,0
AllocentricOP,3CupForcedChoice,OP-STC-Allo-PCTB-3CupFC-1G2.5MFar-Beige-0-OpLava.yml,3CupLikeTasks,0,1,0,0,1,3,Beige,0,,,2,2.5,0,0,0,1,33,1,236.0,195.0,153.0,1,1,0,0,0,1,1,1,0,1,1,1,1,1,1,1,0,1,0,0,0,0,1,1,0,0,1,0,1,1
AllocentricOP,3CupForcedChoice,OP-STC-Allo-PCTB-3CupFC-1G2.5MFar-Beige-0-OPQ.yml,3CupLikeTasks,0,1,1,0,1,3,Beige,0,,,2,2.5,0,0,0,1,33,1,236.0,195.0,153.0,1,1,0,0,1,0,0,1,0,0,0,0,1,1,1,1,0,1,0,0,0,0,1,1,0,0,1,1,1,1
AllocentricOP,3CupForcedChoice,OP-STC-Allo-PCTB-3CupFC-1G2.5MFar-Brown-0-OpLava.yml,3CupLikeTasks,0,1,0,0,1,3,Brown,0,,,2,2.5,0,0,0,1,33,1,102.0,51.0,1.0,1,1,0,1,1,1,1,1,1,0,0,0,0,0,1,1,0,1,0,0,0,0,1,1,0,0,1,1,1,0
AllocentricOP,3CupForcedChoice,OP-STC-Allo-PCTB-3CupFC-1G2.5MFar-Brown-0-OPQ.yml,3CupLikeTasks,0,1,1,0,1,3,Brown,0,,,2,2.5,0,0,0,1,33,1,102.0,51.0,1.0,1,0,0,0,1,0,1,1,0,0,0,0,1,0,1,1,0,1,0,0,0,0,1,1,0,0,1,1,1,1
AllocentricOP,3CupForcedChoice,OP-STC-Allo-PCTB-3CupFC-1G2.5MFar-DarkBlue-0-OpLava.yml,3CupLikeTasks,0,1,0,0,1,3,DarkBlue,0,,,2,2.5,0,0,0,1,33,1,1.0,1.0,153.0,1,1,0,0,1,1,1,1,0,1,1,1,0,1,1,1,0,1,0,0,0,0,1,1,0,0,1,0,1,1
AllocentricOP,3CupForcedChoice,OP-STC-Allo-PCTB-3CupFC-1G2.5MFar-DarkBlue-0-OPQ.yml,3CupLikeTasks,0,1,1,0,1,3,DarkBlue,0,,,2,2.5,0,0,0,1,33,1,1.0,1.0,153.0,1,1,0,0,1,0,1,0,0,1,0,1,1,1,1,1,0,1,0,0,0,0,1,1,0,0,1,1,1,1
AllocentricOP,3CupForcedChoice,OP-STC-Allo-PCTB-3CupFC-1G2.5MFar-DarkGreen-0-OpLava.yml,3CupLikeTasks,0,1,0,0,1,3,DarkGreen,0,,,2,2.5,0,0,0,1,33,1,1.0,100.0,1.0,1,0,0,0,1,1,1,1,0,1,0,1,0,1,1,1,0,1,0,0,0,0,1,1,0,0,1,1,1,1
AllocentricOP,3CupForcedChoice,OP-STC-Allo-PCTB-3CupFC-1G2.5MFar-DarkGreen-0-OPQ.yml,3CupLikeTasks,0,1,1,0,1,3,DarkGreen,0,,,2,2.5,0,0,0,1,33,1,1.0,100.0,1.0,1,1,0,0,1,0,1,1,0,0,1,1,1,0,1,1,0,1,0,0,0,0,1,1,0,1,1,1,1,0
AllocentricOP,3CupForcedChoice,OP-STC-Allo-PCTB-3CupFC-1G2.5MFar-Grey-0-OpLava.yml,3CupLikeTasks,0,1,0,0,1,3,Grey,0,,,2,2.5,0,0,0,1,33,1,153.0,153.0,153.0,1,0,0,0,1,1,1,1,0,1,1,1,0,0,1,1,0,1,0,0,0,0,1,1,0,1,1,0,1,1
AllocentricOP,3CupForcedChoice,OP-STC-Allo-PCTB-3CupFC-1G2.5MFar-Grey-0-OPQ.yml,3CupLikeTasks,0,1,1,0,1,3,Grey,0,,,2,2.5,0,0,0,1,33,1,153.0,153.0,153.0,1,0,0,0,1,0,1,1,0,1,1,1,1,1,1,0,0,1,0,1,0,0,1,1,0,0,1,1,1,0
AllocentricOP,3CupForcedChoice,OP-STC-Allo-PCTB-3CupFC-1G2.5MFar-OffWhite-0-OpLava.yml,3CupLikeTasks,0,1,0,0,1,3,OffWhite,0,,,2,2.5,0,0,0,1,33,1,248.0,253.0,212.0,1,0,0,0,1,1,1,0,0,0,1,1,1,0,1,1,0,1,0,0,0,0,1,1,0,0,1,1,1,0
AllocentricOP,3CupForcedChoice,OP-STC-Allo-PCTB-3CupFC-1G2.5MFar-OffWhite-0-OPQ.yml,3CupLikeTasks,0,1,1,0,1,3,OffWhite,0,,,2,2.5,0,0,0,1,33,1,248.0,253.0,212.0,1,1,0,0,1,0,0,0,0,0,1,0,1,1,1,1,0,1,0,0,0,0,1,0,0,0,1,1,1,1
AllocentricOP,3CupForcedChoice,OP-STC-Allo-PCTB-3CupFC-1G2.5RClose-Beige-0-OpLava.yml,3CupLikeTasks,0,1,0,0,1,1,Beige,1,,,2,2.5,0,0,0,1,23,1,236.0,195.0,153.0,1,1,0,0,1,1,1,1,0,1,1,1,1,0,1,1,1,1,0,0,0,0,1,1,0,0,1,0,1,1
AllocentricOP,3CupForcedChoice,OP-STC-Allo-PCTB-3CupFC-1G2.5RClose-Beige-0-OPQ.yml,3CupLikeTasks,0,1,1,0,1,1,Beige,1,,,2,2.5,0,0,0,1,23,1,236.0,195.0,153.0,1,0,0,0,1,0,0,1,0,0,1,1,0,0,1,1,1,1,0,1,0,0,1,1,0,0,1,0,1,1
AllocentricOP,3CupForcedChoice,OP-STC-Allo-PCTB-3CupFC-1G2.5RClose-Brown-0-OpLava.yml,3CupLikeTasks,0,1,0,0,1,1,Brown,1,,,2,2.5,0,0,0,1,23,1,102.0,51.0,1.0,1,0,0,0,0,1,1,1,0,1,1,1,0,0,1,1,1,1,0,0,0,0,1,1,0,0,1,0,1,1
AllocentricOP,3CupForcedChoice,OP-STC-Allo-PCTB-3CupFC-1G2.5RClose-Brown-0-OPQ.yml,3CupLikeTasks,0,1,1,0,1,1,Brown,1,,,2,2.5,0,0,0,1,23,1,102.0,51.0,1.0,1,0,0,0,1,0,1,1,1,0,0,1,1,0,1,1,0,1,0,0,0,0,1,1,0,0,1,1,1,1
AllocentricOP,3CupForcedChoice,OP-STC-Allo-PCTB-3CupFC-1G2.5RClose-DarkBlue-0-OpLava.yml,3CupLikeTasks,0,1,0,0,1,1,DarkBlue,1,,,2,2.5,0,0,0,1,23,1,1.0,1.0,153.0,1,1,0,0,1,1,1,1,0,0,0,1,0,1,1,1,1,1,0,1,0,0,1,1,0,0,1,1,1,0
AllocentricOP,3CupForcedChoice,OP-STC-Allo-PCTB-3CupFC-1G2.5RClose-DarkBlue-0-OPQ.yml,3CupLikeTasks,0,1,1,0,1,1,DarkBlue,1,,,2,2.5,0,0,0,1,23,1,1.0,1.0,153.0,1,1,0,0,0,1,1,1,0,1,1,1,0,1,1,1,1,0,0,0,0,0,1,1,0,0,1,1,1,1
AllocentricOP,3CupForcedChoice,OP-STC-Allo-PCTB-3CupFC-1G2.5RClose-DarkGreen-0-OpLava.yml,3CupLikeTasks,0,1,0,0,1,1,DarkGreen,1,,,2,2.5,0,0,0,1,23,1,1.0,100.0,1.0,1,1,0,0,1,1,1,1,0,1,1,1,0,1,1,1,1,1,0,0,0,0,1,1,0,0,1,0,1,0
AllocentricOP,3CupForcedChoice,OP-STC-Allo-PCTB-3CupFC-1G2.5RClose-DarkGreen-0-OPQ.yml,3CupLikeTasks,0,1,1,0,1,1,DarkGreen,1,,,2,2.5,0,0,0,1,23,1,1.0,100.0,1.0,1,0,0,0,1,0,1,1,0,0,0,1,0,0,1,0,1,1,0,0,0,0,1,0,0,0,1,1,1,1
AllocentricOP,3CupForcedChoice,OP-STC-Allo-PCTB-3CupFC-1G2.5RClose-Grey-0-OpLava.yml,3CupLikeTasks,0,1,0,0,1,1,Grey,1,,,2,2.5,0,0,0,1,23,1,153.0,153.0,153.0,1,1,0,1,1,1,0,1,0,1,1,1,1,1,1,1,1,1,0,0,0,0,1,0,0,0,1,1,1,1
AllocentricOP,3CupForcedChoice,OP-STC-Allo-PCTB-3CupFC-1G2.5RClose-Grey-0-OPQ.yml,3CupLikeTasks,0,1,1,0,1,1,Grey,1,,,2,2.5,0,0,0,1,23,1,153.0,153.0,153.0,1,1,0,0,1,0,1,1,0,1,0,1,1,1,1,1,1,1,0,0,0,0,1,1,0,0,1,1,1,1
AllocentricOP,3CupForcedChoice,OP-STC-Allo-PCTB-3CupFC-1G2.5RClose-OffWhite-0-OpLava.yml,3CupLikeTasks,0,1,0,0,1,1,OffWhite,1,,,2,2.5,0,0,0,1,23,1,248.0,253.0,212.0,1,0,0,0,1,1,1,0,0,0,1,1,0,1,1,1,1,1,0,0,0,0,1,1,0,0,1,1,1,1
AllocentricOP,3CupForcedChoice,OP-STC-Allo-PCTB-3CupFC-1G2.5RClose-OffWhite-0-OPQ.yml,3CupLikeTasks,0,1,1,0,1,1,OffWhite,1,,,2,2.5,0,0,0,1,23,1,248.0,253.0,212.0,1,0,0,0,1,0,0,0,1,0,0,1,0,0,1,1,1,1,0,0,0,0,1,1,0,0,1,1,1,1
AllocentricOP,3CupForcedChoice,OP-STC-Allo-PCTB-3CupFC-1G2.5RFar-Beige-0-OpLava.yml,3CupLikeTasks,0,1,0,0,1,3,Beige,1,,,2,2.5,0,0,0,1,33,1,236.0,195.0,153.0,1,0,0,0,0,1,1,1,1,1,1,1,0,0,1,1,1,1,0,0,0,0,1,1,0,0,1,1,1,1
AllocentricOP,3CupForcedChoice,OP-STC-Allo-PCTB-3CupFC-1G2.5RFar-Beige-0-OPQ.yml,3CupLikeTasks,0,1,1,0,1,3,Beige,1,,,2,2.5,0,0,0,1,33,1,236.0,195.0,153.0,1,1,0,0,1,0,0,1,0,1,1,1,0,1,1,1,0,1,0,0,0,0,1,0,0,0,1,1,1,1
AllocentricOP,3CupForcedChoice,OP-STC-Allo-PCTB-3CupFC-1G2.5RFar-Brown-0-OpLava.yml,3CupLikeTasks,0,1,0,0,1,3,Brown,1,,,2,2.5,0,0,0,1,33,1,102.0,51.0,1.0,1,1,0,0,1,1,1,1,0,1,1,1,0,1,1,1,0,1,0,0,0,0,1,0,0,0,1,1,1,0
AllocentricOP,3CupForcedChoice,OP-STC-Allo-PCTB-3CupFC-1G2.5RFar-Brown-0-OPQ.yml,3CupLikeTasks,0,1,1,0,1,3,Brown,1,,,2,2.5,0,0,0,1,33,1,102.0,51.0,1.0,1,0,0,0,1,0,1,0,0,0,1,1,0,1,1,1,0,1,0,0,0,0,1,1,0,0,1,0,1,0
AllocentricOP,3CupForcedChoice,OP-STC-Allo-PCTB-3CupFC-1G2.5RFar-DarkBlue-0-OpLava.yml,3CupLikeTasks,0,1,0,0,1,3,DarkBlue,1,,,2,2.5,0,0,0,1,33,1,1.0,1.0,153.0,1,0,0,0,1,1,1,1,0,0,1,1,0,1,1,1,0,1,0,0,0,0,1,1,0,0,1,1,1,1
AllocentricOP,3CupForcedChoice,OP-STC-Allo-PCTB-3CupFC-1G2.5RFar-DarkBlue-0-OPQ.yml,3CupLikeTasks,0,1,1,0,1,3,DarkBlue,1,,,2,2.5,0,0,0,1,33,1,1.0,1.0,153.0,1,0,0,0,1,0,1,1,0,0,1,1,1,0,1,1,0,1,0,0,0,0,1,1,0,0,1,1,1,1
AllocentricOP,3CupForcedChoice,OP-STC-Allo-PCTB-3CupFC-1G2.5RFar-DarkGreen-0-OpLava.yml,3CupLikeTasks,0,1,0,0,1,3,DarkGreen,1,,,2,2.5,0,0,0,1,33,1,1.0,100.0,1.0,1,0,0,0,1,1,1,1,0,0,0,0,0,0,1,1,0,1,0,0,0,0,1,0,0,0,1,1,1,1
AllocentricOP,3CupForcedChoice,OP-STC-Allo-PCTB-3CupFC-1G2.5RFar-DarkGreen-0-OPQ.yml,3CupLikeTasks,0,1,1,0,1,3,DarkGreen,1,,,2,2.5,0,0,0,1,33,1,1.0,100.0,1.0,1,0,0,0,1,0,1,1,0,0,0,0,1,1,1,1,0,1,0,0,0,0,1,1,0,0,1,1,1,1
AllocentricOP,3CupForcedChoice,OP-STC-Allo-PCTB-3CupFC-1G2.5RFar-Grey-0-OpLava.yml,3CupLikeTasks,0,1,0,0,1,3,Grey,1,,,2,2.5,0,0,0,1,33,1,153.0,153.0,153.0,1,1,1,0,1,1,1,1,0,1,1,1,0,1,1,1,0,1,0,0,0,0,1,0,0,1,1,1,1,1
AllocentricOP,3CupForcedChoice,OP-STC-Allo-PCTB-3CupFC-1G2.5RFar-Grey-0-OPQ.yml,3CupLikeTasks,0,1,1,0,1,3,Grey,1,,,2,2.5,0,0,0,1,33,1,153.0,153.0,153.0,1,0,0,0,1,0,1,1,0,0,1,1,1,0,1,1,0,1,0,0,0,0,1,1,0,0,1,0,1,1
AllocentricOP,3CupForcedChoice,OP-STC-Allo-PCTB-3CupFC-1G2.5RFar-OffWhite-0-OpLava.yml,3CupLikeTasks,0,1,0,0,1,3,OffWhite,1,,,2,2.5,0,0,0,1,33,1,248.0,253.0,212.0,1,0,0,0,1,1,1,1,0,1,1,1,0,1,1,1,0,1,0,0,0,1,1,0,0,0,1,1,1,1
AllocentricOP,3CupForcedChoice,OP-STC-Allo-PCTB-3CupFC-1G2.5RFar-OffWhite-0-OPQ.yml,3CupLikeTasks,0,1,1,0,1,3,OffWhite,1,,,2,2.5,0,0,0,1,33,1,248.0,253.0,212.0,1,0,0,0,1,0,0,0,0,0,1,1,0,1,1,1,0,1,0,0,0,0,1,1,0,0,1,0,1,1
AllocentricOP,3CupForcedChoice,OP-STC-Allo-PCTB-3CupFC-1G2LClose-Beige-0-OpLava.yml,3CupLikeTasks,0,1,0,0,1,1,Beige,-1,,,2,2.0,0,0,0,1,23,1,236.0,195.0,153.0,1,0,0,0,1,0,1,1,0,1,1,0,1,0,1,1,1,1,0,0,0,0,1,1,0,0,1,1,1,0
AllocentricOP,3CupForcedChoice,OP-STC-Allo-PCTB-3CupFC-1G2LClose-Beige-0-OPQ.yml,3CupLikeTasks,0,1,1,0,1,1,Beige,-1,,,2,2.0,0,0,0,1,23,1,236.0,195.0,153.0,1,0,0,0,1,0,0,1,0,1,1,1,1,1,1,1,1,1,0,0,0,0,1,0,0,0,1,1,1,1
AllocentricOP,3CupForcedChoice,OP-STC-Allo-PCTB-3CupFC-1G2LClose-Brown-0-OpLava.yml,3CupLikeTasks,0,1,0,0,1,1,Brown,-1,,,2,2.0,0,0,0,1,23,1,102.0,51.0,1.0,1,1,0,0,0,0,1,1,0,0,1,0,1,0,1,1,1,1,0,0,0,0,1,1,0,0,1,1,1,0
AllocentricOP,3CupForcedChoice,OP-STC-Allo-PCTB-3CupFC-1G2LClose-Brown-0-OPQ.yml,3CupLikeTasks,0,1,1,0,1,1,Brown,-1,,,2,2.0,0,0,0,1,23,1,102.0,51.0,1.0,1,1,0,0,1,0,1,1,0,1,1,0,1,0,1,0,1,1,0,0,0,0,1,1,0,0,1,1,1,1
AllocentricOP,3CupForcedChoice,OP-STC-Allo-PCTB-3CupFC-1G2LClose-DarkBlue-0-OpLava.yml,3CupLikeTasks,0,1,0,0,1,1,DarkBlue,-1,,,2,2.0,0,0,0,1,23,1,1.0,1.0,153.0,1,0,1,0,1,1,1,1,0,1,1,0,1,0,1,1,1,1,0,0,0,0,1,1,0,0,1,1,1,1
AllocentricOP,3CupForcedChoice,OP-STC-Allo-PCTB-3CupFC-1G2LClose-DarkBlue-0-OPQ.yml,3CupLikeTasks,0,1,1,0,1,1,DarkBlue,-1,,,2,2.0,0,0,0,1,23,1,1.0,1.0,153.0,1,1,0,0,0,0,1,1,1,0,1,0,1,1,1,1,1,1,0,0,0,0,1,1,0,0,1,0,1,1
AllocentricOP,3CupForcedChoice,OP-STC-Allo-PCTB-3CupFC-1G2LClose-DarkGreen-0-OpLava.yml,3CupLikeTasks,0,1,0,0,1,1,DarkGreen,-1,,,2,2.0,0,0,0,1,23,1,1.0,100.0,1.0,1,1,0,0,1,1,1,1,1,1,1,1,1,0,1,1,1,1,0,0,0,0,1,1,0,0,1,1,1,1
AllocentricOP,3CupForcedChoice,OP-STC-Allo-PCTB-3CupFC-1G2LClose-DarkGreen-0-OPQ.yml,3CupLikeTasks,0,1,1,0,1,1,DarkGreen,-1,,,2,2.0,0,0,0,1,23,1,1.0,100.0,1.0,1,0,0,0,1,0,0,1,0,0,1,0,1,1,1,1,1,1,0,1,0,0,1,1,0,1,1,0,1,1
AllocentricOP,3CupForcedChoice,OP-STC-Allo-PCTB-3CupFC-1G2LClose-Grey-0-OpLava.yml,3CupLikeTasks,0,1,0,0,1,1,Grey,-1,,,2,2.0,0,0,0,1,23,1,153.0,153.0,153.0,1,1,0,0,1,1,1,1,0,1,1,1,1,0,1,1,1,1,0,1,0,0,1,1,0,0,1,0,1,1
AllocentricOP,3CupForcedChoice,OP-STC-Allo-PCTB-3CupFC-1G2LClose-Grey-0-OPQ.yml,3CupLikeTasks,0,1,1,0,1,1,Grey,-1,,,2,2.0,0,0,0,1,23,1,153.0,153.0,153.0,1,1,0,0,1,0,0,1,0,1,1,0,1,1,1,1,1,1,0,0,0,0,1,1,0,0,1,1,1,1
AllocentricOP,3CupForcedChoice,OP-STC-Allo-PCTB-3CupFC-1G2LClose-OffWhite-0-OpLava.yml,3CupLikeTasks,0,1,0,0,1,1,OffWhite,-1,,,2,2.0,0,0,0,1,23,1,248.0,253.0,212.0,1,1,1,0,1,0,1,0,0,1,1,1,1,1,1,1,1,1,0,0,0,0,1,0,0,1,1,1,1,1
AllocentricOP,3CupForcedChoice,OP-STC-Allo-PCTB-3CupFC-1G2LClose-OffWhite-0-OPQ.yml,3CupLikeTasks,0,1,1,0,1,1,OffWhite,-1,,,2,2.0,0,0,0,1,23,1,248.0,253.0,212.0,1,1,0,0,1,0,0,0,0,0,1,1,1,1,1,1,1,1,0,0,0,0,1,1,0,0,1,0,1,1
AllocentricOP,3CupForcedChoice,OP-STC-Allo-PCTB-3CupFC-1G2LFar-Beige-0-OpLava.yml,3CupLikeTasks,0,1,0,0,1,3,Beige,-1,,,2,2.0,0,0,0,1,33,1,236.0,195.0,153.0,1,1,0,0,1,1,1,1,0,0,1,0,1,0,1,1,0,1,0,0,0,0,1,0,0,0,1,1,1,1
AllocentricOP,3CupForcedChoice,OP-STC-Allo-PCTB-3CupFC-1G2LFar-Beige-0-OPQ.yml,3CupLikeTasks,0,1,1,0,1,3,Beige,-1,,,2,2.0,0,0,0,1,33,1,236.0,195.0,153.0,1,1,0,0,1,0,0,0,0,1,1,1,1,1,1,1,0,1,0,0,0,0,1,0,0,0,1,1,1,0
AllocentricOP,3CupForcedChoice,OP-STC-Allo-PCTB-3CupFC-1G2LFar-Brown-0-OpLava.yml,3CupLikeTasks,0,1,0,0,1,3,Brown,-1,,,2,2.0,0,0,0,1,33,1,102.0,51.0,1.0,1,0,0,0,1,1,1,1,0,1,1,0,1,1,1,1,0,1,0,0,0,0,1,0,0,1,1,0,1,0
AllocentricOP,3CupForcedChoice,OP-STC-Allo-PCTB-3CupFC-1G2LFar-Brown-0-OPQ.yml,3CupLikeTasks,0,1,1,0,1,3,Brown,-1,,,2,2.0,0,0,0,1,33,1,102.0,51.0,1.0,1,0,0,0,1,0,1,1,0,0,1,0,1,1,1,1,0,1,0,0,0,1,1,0,0,0,1,1,1,1
AllocentricOP,3CupForcedChoice,OP-STC-Allo-PCTB-3CupFC-1G2LFar-DarkBlue-0-OpLava.yml,3CupLikeTasks,0,1,0,0,1,3,DarkBlue,-1,,,2,2.0,0,0,0,1,33,1,1.0,1.0,153.0,1,0,0,0,0,1,1,1,0,1,1,1,1,1,1,1,0,1,0,1,0,0,1,1,0,0,1,1,1,1
AllocentricOP,3CupForcedChoice,OP-STC-Allo-PCTB-3CupFC-1G2LFar-DarkBlue-0-OPQ.yml,3CupLikeTasks,0,1,1,0,1,3,DarkBlue,-1,,,2,2.0,0,0,0,1,33,1,1.0,1.0,153.0,1,0,0,0,1,0,1,1,1,0,0,0,1,1,1,1,0,1,0,0,0,1,1,0,0,1,1,1,1,1
AllocentricOP,3CupForcedChoice,OP-STC-Allo-PCTB-3CupFC-1G2LFar-DarkGreen-0-OpLava.yml,3CupLikeTasks,0,1,0,0,1,3,DarkGreen,-1,,,2,2.0,0,0,0,1,33,1,1.0,100.0,1.0,1,0,0,0,1,1,1,1,0,1,1,0,1,1,1,1,1,1,0,0,0,0,1,1,0,0,1,1,1,1
AllocentricOP,3CupForcedChoice,OP-STC-Allo-PCTB-3CupFC-1G2LFar-DarkGreen-0-OPQ.yml,3CupLikeTasks,0,1,1,0,1,3,DarkGreen,-1,,,2,2.0,0,0,0,1,33,1,1.0,100.0,1.0,1,1,0,0,0,0,1,1,0,1,0,1,1,0,1,1,0,1,0,0,0,0,1,0,0,0,1,0,1,1
AllocentricOP,3CupForcedChoice,OP-STC-Allo-PCTB-3CupFC-1G2LFar-Grey-0-OpLava.yml,3CupLikeTasks,0,1,0,0,1,3,Grey,-1,,,2,2.0,0,0,0,1,33,1,153.0,153.0,153.0,1,1,0,0,1,1,1,1,0,1,0,0,1,1,1,1,0,1,0,0,0,0,1,1,0,0,1,1,1,0
AllocentricOP,3CupForcedChoice,OP-STC-Allo-PCTB-3CupFC-1G2LFar-Grey-0-OPQ.yml,3CupLikeTasks,0,1,1,0,1,3,Grey,-1,,,2,2.0,0,0,0,1,33,1,153.0,153.0,153.0,1,0,0,0,1,1,1,1,0,0,1,0,1,1,1,1,0,1,0,0,0,1,1,0,0,0,1,1,1,1
AllocentricOP,3CupForcedChoice,OP-STC-Allo-PCTB-3CupFC-1G2LFar-OffWhite-0-OpLava.yml,3CupLikeTasks,0,1,0,0,1,3,OffWhite,-1,,,2,2.0,0,0,0,1,33,1,248.0,253.0,212.0,1,1,0,0,1,1,1,0,0,1,1,1,1,0,1,1,0,1,0,0,0,0,1,1,0,0,1,1,1,1
AllocentricOP,3CupForcedChoice,OP-STC-Allo-PCTB-3CupFC-1G2LFar-OffWhite-0-OPQ.yml,3CupLikeTasks,0,1,1,0,1,3,OffWhite,-1,,,2,2.0,0,0,0,1,33,1,248.0,253.0,212.0,1,0,0,0,1,0,0,0,1,0,1,0,1,0,1,1,0,1,0,0,0,0,1,1,0,0,1,1,1,1
AllocentricOP,3CupForcedChoice,OP-STC-Allo-PCTB-3CupFC-1G2MClose-Beige-0-OpLava.yml,3CupLikeTasks,0,1,0,0,1,1,Beige,0,,,2,2.0,0,0,0,1,23,1,236.0,195.0,153.0,1,0,0,0,1,1,1,1,0,0,0,0,1,0,1,1,1,1,0,0,0,0,1,1,0,0,1,0,1,0
AllocentricOP,3CupForcedChoice,OP-STC-Allo-PCTB-3CupFC-1G2MClose-Beige-0-OPQ.yml,3CupLikeTasks,0,1,1,0,1,1,Beige,0,,,2,2.0,0,0,0,1,23,1,236.0,195.0,153.0,1,0,0,0,1,0,0,1,0,1,1,1,0,1,1,1,1,1,0,0,0,0,1,1,0,0,1,1,1,1
AllocentricOP,3CupForcedChoice,OP-STC-Allo-PCTB-3CupFC-1G2MClose-Brown-0-OpLava.yml,3CupLikeTasks,0,1,0,0,1,1,Brown,0,,,2,2.0,0,0,0,1,23,1,102.0,51.0,1.0,1,0,0,0,1,1,1,1,1,1,1,0,0,0,1,1,0,1,0,0,0,0,1,1,0,0,1,1,1,1
AllocentricOP,3CupForcedChoice,OP-STC-Allo-PCTB-3CupFC-1G2MClose-Brown-0-OPQ.yml,3CupLikeTasks,0,1,1,0,1,1,Brown,0,,,2,2.0,0,0,0,1,23,1,102.0,51.0,1.0,1,0,1,0,1,0,1,1,0,1,1,1,0,0,1,1,1,1,0,0,0,0,1,0,0,0,1,0,1,1
AllocentricOP,3CupForcedChoice,OP-STC-Allo-PCTB-3CupFC-1G2MClose-DarkBlue-0-OpLava.yml,3CupLikeTasks,0,1,0,0,1,1,DarkBlue,0,,,2,2.0,0,0,0,1,23,1,1.0,1.0,153.0,1,1,1,0,1,1,1,1,1,1,0,1,0,1,1,0,1,1,0,0,0,0,1,1,0,0,1,0,1,0
AllocentricOP,3CupForcedChoice,OP-STC-Allo-PCTB-3CupFC-1G2MClose-DarkBlue-0-OPQ.yml,3CupLikeTasks,0,1,1,0,1,1,DarkBlue,0,,,2,2.0,0,0,0,1,23,1,1.0,1.0,153.0,1,1,0,0,1,0,0,1,0,0,1,1,1,1,1,1,1,1,0,0,0,0,1,1,0,0,1,1,1,1
AllocentricOP,3CupForcedChoice,OP-STC-Allo-PCTB-3CupFC-1G2MClose-DarkGreen-0-OpLava.yml,3CupLikeTasks,0,1,0,0,1,1,DarkGreen,0,,,2,2.0,0,0,0,1,23,1,1.0,100.0,1.0,1,1,0,0,1,1,1,1,1,1,1,1,0,1,1,1,1,1,0,0,0,0,1,1,0,1,1,1,1,1
AllocentricOP,3CupForcedChoice,OP-STC-Allo-PCTB-3CupFC-1G2MClose-DarkGreen-0-OPQ.yml,3CupLikeTasks,0,1,1,0,1,1,DarkGreen,0,,,2,2.0,0,0,0,1,23,1,1.0,100.0,1.0,1,1,0,0,1,1,1,1,0,1,0,1,1,1,1,1,1,1,0,0,0,0,1,0,0,0,1,1,1,1
AllocentricOP,3CupForcedChoice,OP-STC-Allo-PCTB-3CupFC-1G2MClose-Grey-0-OpLava.yml,3CupLikeTasks,0,1,0,0,1,1,Grey,0,,,2,2.0,0,0,0,1,23,1,153.0,153.0,153.0,1,1,0,0,1,1,1,1,1,1,1,1,1,1,1,1,1,1,0,0,0,0,1,1,0,0,1,1,1,0
AllocentricOP,3CupForcedChoice,OP-STC-Allo-PCTB-3CupFC-1G2MClose-Grey-0-OPQ.yml,3CupLikeTasks,0,1,1,0,1,1,Grey,0,,,2,2.0,0,0,0,1,23,1,153.0,153.0,153.0,1,1,1,0,1,0,1,1,0,1,1,1,1,1,1,1,1,1,0,0,0,1,1,0,0,0,1,1,1,1
AllocentricOP,3CupForcedChoice,OP-STC-Allo-PCTB-3CupFC-1G2MClose-OffWhite-0-OpLava.yml,3CupLikeTasks,0,1,0,0,1,1,OffWhite,0,,,2,2.0,0,0,0,1,23,1,248.0,253.0,212.0,1,1,0,0,1,1,1,0,0,1,1,0,1,0,1,1,1,1,0,0,0,0,1,0,0,0,1,1,1,1
AllocentricOP,3CupForcedChoice,OP-STC-Allo-PCTB-3CupFC-1G2MClose-OffWhite-0-OPQ.yml,3CupLikeTasks,0,1,1,0,1,1,OffWhite,0,,,2,2.0,0,0,0,1,23,1,248.0,253.0,212.0,1,0,0,0,1,0,0,0,0,1,1,1,1,1,1,1,1,1,0,0,0,1,1,1,0,0,1,1,1,1
AllocentricOP,3CupForcedChoice,OP-STC-Allo-PCTB-3CupFC-1G2MFar-Beige-0-OpLava.yml,3CupLikeTasks,0,1,0,0,1,3,Beige,0,,,2,2.0,0,0,0,1,33,1,236.0,195.0,153.0,1,1,0,0,1,1,1,1,0,0,0,1,0,1,1,1,0,1,0,0,0,0,1,1,0,0,1,1,1,1
AllocentricOP,3CupForcedChoice,OP-STC-Allo-PCTB-3CupFC-1G2MFar-Beige-0-OPQ.yml,3CupLikeTasks,0,1,1,0,1,3,Beige,0,,,2,2.0,0,0,0,1,33,1,236.0,195.0,153.0,1,1,0,0,1,0,0,1,0,0,1,0,0,1,1,1,0,1,0,0,0,0,1,1,0,0,1,1,1,1
AllocentricOP,3CupForcedChoice,OP-STC-Allo-PCTB-3CupFC-1G2MFar-Brown-0-OpLava.yml,3CupLikeTasks,0,1,0,0,1,3,Brown,0,,,2,2.0,0,0,0,1,33,1,102.0,51.0,1.0,1,1,0,0,1,1,1,1,0,1,1,0,0,1,1,1,0,1,0,0,0,0,1,1,0,0,1,0,1,1
AllocentricOP,3CupForcedChoice,OP-STC-Allo-PCTB-3CupFC-1G2MFar-Brown-0-OPQ.yml,3CupLikeTasks,0,1,1,0,1,3,Brown,0,,,2,2.0,0,0,0,1,33,1,102.0,51.0,1.0,1,0,0,0,1,0,0,1,0,1,1,1,1,0,1,1,0,1,0,0,0,0,1,1,0,0,1,1,1,0
AllocentricOP,3CupForcedChoice,OP-STC-Allo-PCTB-3CupFC-1G2MFar-DarkBlue-0-OpLava.yml,3CupLikeTasks,0,1,0,0,1,3,DarkBlue,0,,,2,2.0,0,0,0,1,33,1,1.0,1.0,153.0,1,1,0,0,1,1,1,1,0,1,1,1,0,0,1,1,0,1,0,0,0,0,1,1,0,0,1,0,1,1
AllocentricOP,3CupForcedChoice,OP-STC-Allo-PCTB-3CupFC-1G2MFar-DarkBlue-0-OPQ.yml,3CupLikeTasks,0,1,1,0,1,3,DarkBlue,0,,,2,2.0,0,0,0,1,33,1,1.0,1.0,153.0,1,0,0,0,1,1,1,1,0,0,1,1,0,1,1,1,0,0,0,0,0,0,1,1,0,0,1,1,1,1
AllocentricOP,3CupForcedChoice,OP-STC-Allo-PCTB-3CupFC-1G2MFar-DarkGreen-0-OpLava.yml,3CupLikeTasks,0,1,0,0,1,3,DarkGreen,0,,,2,2.0,0,0,0,1,33,1,1.0,100.0,1.0,1,0,0,0,1,1,1,1,1,1,1,1,1,0,1,0,0,1,0,0,0,0,1,1,0,0,1,0,1,0
AllocentricOP,3CupForcedChoice,OP-STC-Allo-PCTB-3CupFC-1G2MFar-DarkGreen-0-OPQ.yml,3CupLikeTasks,0,1,1,0,1,3,DarkGreen,0,,,2,2.0,0,0,0,1,33,1,1.0,100.0,1.0,1,1,0,0,1,0,1,1,0,0,0,1,1,0,1,1,0,1,0,1,0,1,1,1,0,0,1,1,1,0
AllocentricOP,3CupForcedChoice,OP-STC-Allo-PCTB-3CupFC-1G2MFar-Grey-0-OpLava.yml,3CupLikeTasks,0,1,0,0,1,3,Grey,0,,,2,2.0,0,0,0,1,33,1,153.0,153.0,153.0,1,0,0,0,1,1,1,1,0,1,1,1,0,0,1,1,0,1,0,0,0,0,1,0,0,0,1,0,1,0
AllocentricOP,3CupForcedChoice,OP-STC-Allo-PCTB-3CupFC-1G2MFar-Grey-0-OPQ.yml,3CupLikeTasks,0,1,1,0,1,3,Grey,0,,,2,2.0,0,0,0,1,33,1,153.0,153.0,153.0,1,0,0,0,1,0,1,1,0,0,0,1,1,1,1,1,0,1,0,0,0,0,1,1,0,0,1,1,1,0
AllocentricOP,3CupForcedChoice,OP-STC-Allo-PCTB-3CupFC-1G2MFar-OffWhite-0-OpLava.yml,3CupLikeTasks,0,1,0,0,1,3,OffWhite,0,,,2,2.0,0,0,0,1,33,1,248.0,253.0,212.0,1,1,0,0,1,1,1,0,0,1,1,1,0,0,1,1,0,1,0,0,0,0,1,1,0,0,1,1,1,0
AllocentricOP,3CupForcedChoice,OP-STC-Allo-PCTB-3CupFC-1G2MFar-OffWhite-0-OPQ.yml,3CupLikeTasks,0,1,1,0,1,3,OffWhite,0,,,2,2.0,0,0,0,1,33,1,248.0,253.0,212.0,1,1,0,0,1,0,0,0,0,1,1,1,1,0,1,1,1,1,0,0,0,0,1,1,0,0,1,1,1,1
AllocentricOP,3CupForcedChoice,OP-STC-Allo-PCTB-3CupFC-1G2RClose-Beige-0-OpLava.yml,3CupLikeTasks,0,1,0,0,1,1,Beige,1,,,2,2.0,0,0,0,1,23,1,236.0,195.0,153.0,1,1,0,0,1,1,1,1,0,0,0,1,0,1,1,1,1,1,0,0,0,0,1,0,0,0,1,1,1,1
AllocentricOP,3CupForcedChoice,OP-STC-Allo-PCTB-3CupFC-1G2RClose-Beige-0-OPQ.yml,3CupLikeTasks,0,1,1,0,1,1,Beige,1,,,2,2.0,0,0,0,1,23,1,236.0,195.0,153.0,1,1,0,0,1,0,0,1,1,0,1,1,0,1,1,1,1,1,0,0,0,0,1,1,0,0,1,1,1,1
AllocentricOP,3CupForcedChoice,OP-STC-Allo-PCTB-3CupFC-1G2RClose-Brown-0-OpLava.yml,3CupLikeTasks,0,1,0,0,1,1,Brown,1,,,2,2.0,0,0,0,1,23,1,102.0,51.0,1.0,1,0,1,0,1,1,1,1,0,1,1,1,1,1,1,1,1,1,0,0,0,0,1,1,0,0,1,1,1,1
AllocentricOP,3CupForcedChoice,OP-STC-Allo-PCTB-3CupFC-1G2RClose-Brown-0-OPQ.yml,3CupLikeTasks,0,1,1,0,1,1,Brown,1,,,2,2.0,0,0,0,1,23,1,102.0,51.0,1.0,1,1,0,0,1,0,1,0,0,0,1,1,0,1,1,1,0,1,0,0,0,0,1,1,0,0,1,1,1,1
AllocentricOP,3CupForcedChoice,OP-STC-Allo-PCTB-3CupFC-1G2RClose-DarkBlue-0-OpLava.yml,3CupLikeTasks,0,1,0,0,1,1,DarkBlue,1,,,2,2.0,0,0,0,1,23,1,1.0,1.0,153.0,1,0,0,0,1,1,1,1,0,1,1,1,1,0,1,1,1,1,0,1,0,0,1,0,0,0,1,1,1,1
AllocentricOP,3CupForcedChoice,OP-STC-Allo-PCTB-3CupFC-1G2RClose-DarkBlue-0-OPQ.yml,3CupLikeTasks,0,1,1,0,1,1,DarkBlue,1,,,2,2.0,0,0,0,1,23,1,1.0,1.0,153.0,1,1,0,0,1,0,1,0,1,1,1,1,0,0,1,1,1,1,0,0,0,0,1,1,0,0,1,0,1,1
AllocentricOP,3CupForcedChoice,OP-STC-Allo-PCTB-3CupFC-1G2RClose-DarkGreen-0-OpLava.yml,3CupLikeTasks,0,1,0,0,1,1,DarkGreen,1,,,2,2.0,0,0,0,1,23,1,1.0,100.0,1.0,1,0,1,0,1,1,1,1,0,1,1,1,1,0,1,1,1,1,0,0,0,0,1,1,0,0,1,1,1,1
AllocentricOP,3CupForcedChoice,OP-STC-Allo-PCTB-3CupFC-1G2RClose-DarkGreen-0-OPQ.yml,3CupLikeTasks,0,1,1,0,1,1,DarkGreen,1,,,2,2.0,0,0,0,1,23,1,1.0,100.0,1.0,1,0,0,0,1,0,1,1,0,1,0,1,0,0,1,1,1,1,0,0,0,0,1,1,0,0,1,0,1,1
AllocentricOP,3CupForcedChoice,OP-STC-Allo-PCTB-3CupFC-1G2RClose-Grey-0-OpLava.yml,3CupLikeTasks,0,1,0,0,1,1,Grey,1,,,2,2.0,0,0,0,1,23,1,153.0,153.0,153.0,1,1,0,0,1,1,1,1,0,1,1,1,1,0,1,1,1,1,0,0,0,0,1,1,0,0,1,1,1,0
AllocentricOP,3CupForcedChoice,OP-STC-Allo-PCTB-3CupFC-1G2RClose-Grey-0-OPQ.yml,3CupLikeTasks,0,1,1,0,1,1,Grey,1,,,2,2.0,0,0,0,1,23,1,153.0,153.0,153.0,1,1,0,0,1,0,1,1,0,1,0,1,0,1,1,1,1,1,0,0,0,1,1,1,0,0,1,1,1,1
AllocentricOP,3CupForcedChoice,OP-STC-Allo-PCTB-3CupFC-1G2RClose-OffWhite-0-OpLava.yml,3CupLikeTasks,0,1,0,0,1,1,OffWhite,1,,,2,2.0,0,0,0,1,23,1,248.0,253.0,212.0,1,0,0,0,1,1,1,0,0,0,1,1,0,0,1,1,1,1,0,0,0,0,1,1,0,0,1,1,1,1
AllocentricOP,3CupForcedChoice,OP-STC-Allo-PCTB-3CupFC-1G2RClose-OffWhite-0-OPQ.yml,3CupLikeTasks,0,1,1,0,1,1,OffWhite,1,,,2,2.0,0,0,0,1,23,1,248.0,253.0,212.0,1,1,0,0,1,0,0,0,0,0,0,1,1,0,1,1,1,1,0,0,0,0,1,1,0,0,1,1,1,1
AllocentricOP,3CupForcedChoice,OP-STC-Allo-PCTB-3CupFC-1G2RFar-Beige-0-OpLava.yml,3CupLikeTasks,0,1,0,0,1,3,Beige,1,,,2,2.0,0,0,0,1,33,1,236.0,195.0,153.0,1,0,0,0,0,1,1,1,0,0,0,1,0,0,1,1,0,1,0,0,0,0,1,1,0,0,1,0,1,1
AllocentricOP,3CupForcedChoice,OP-STC-Allo-PCTB-3CupFC-1G2RFar-Beige-0-OPQ.yml,3CupLikeTasks,0,1,1,0,1,3,Beige,1,,,2,2.0,0,0,0,1,33,1,236.0,195.0,153.0,1,0,0,0,1,0,0,1,0,0,1,1,0,1,1,1,0,1,0,1,0,0,1,0,0,0,1,1,1,1
AllocentricOP,3CupForcedChoice,OP-STC-Allo-PCTB-3CupFC-1G2RFar-Brown-0-OpLava.yml,3CupLikeTasks,0,1,0,0,1,3,Brown,1,,,2,2.0,0,0,0,1,33,1,102.0,51.0,1.0,1,0,1,0,1,1,1,1,0,0,0,1,1,0,1,1,0,1,0,0,0,1,1,0,0,0,1,0,1,1
AllocentricOP,3CupForcedChoice,OP-STC-Allo-PCTB-3CupFC-1G2RFar-Brown-0-OPQ.yml,3CupLikeTasks,0,1,1,0,1,3,Brown,1,,,2,2.0,0,0,0,1,33,1,102.0,51.0,1.0,1,1,0,0,1,0,1,1,0,0,1,1,1,1,1,1,0,1,0,0,0,0,1,1,0,0,1,0,1,0
AllocentricOP,3CupForcedChoice,OP-STC-Allo-PCTB-3CupFC-1G2RFar-DarkBlue-0-OpLava.yml,3CupLikeTasks,0,1,0,0,1,3,DarkBlue,1,,,2,2.0,0,0,0,1,33,1,1.0,1.0,153.0,1,0,0,0,0,0,1,0,0,1,1,1,0,1,1,0,0,1,0,0,0,0,1,1,0,0,1,1,1,1
AllocentricOP,3CupForcedChoice,OP-STC-Allo-PCTB-3CupFC-1G2RFar-DarkBlue-0-OPQ.yml,3CupLikeTasks,0,1,1,0,1,3,DarkBlue,1,,,2,2.0,0,0,0,1,33,1,1.0,1.0,153.0,1,1,0,0,1,0,1,1,0,0,1,1,0,0,1,1,0,1,0,0,0,0,1,1,0,0,1,1,1,0
AllocentricOP,3CupForcedChoice,OP-STC-Allo-PCTB-3CupFC-1G2RFar-DarkGreen-0-OpLava.yml,3CupLikeTasks,0,1,0,0,1,3,DarkGreen,1,,,2,2.0,0,0,0,1,33,1,1.0,100.0,1.0,1,0,0,0,1,1,1,1,0,0,1,1,0,0,1,1,1,1,0,0,0,0,1,1,0,0,1,1,1,0
AllocentricOP,3CupForcedChoice,OP-STC-Allo-PCTB-3CupFC-1G2RFar-DarkGreen-0-OPQ.yml,3CupLikeTasks,0,1,1,0,1,3,DarkGreen,1,,,2,2.0,0,0,0,1,33,1,1.0,100.0,1.0,1,0,0,0,1,0,1,1,0,0,1,1,0,1,1,1,0,0,0,0,0,0,1,0,0,0,1,1,1,1
AllocentricOP,3CupForcedChoice,OP-STC-Allo-PCTB-3CupFC-1G2RFar-Grey-0-OpLava.yml,3CupLikeTasks,0,1,0,0,1,3,Grey,1,,,2,2.0,0,0,0,1,33,1,153.0,153.0,153.0,1,0,0,0,1,1,1,1,0,1,1,1,0,0,1,1,0,1,0,0,0,0,1,1,0,0,1,0,1,1
AllocentricOP,3CupForcedChoice,OP-STC-Allo-PCTB-3CupFC-1G2RFar-Grey-0-OPQ.yml,3CupLikeTasks,0,1,1,0,1,3,Grey,1,,,2,2.0,0,0,0,1,33,1,153.0,153.0,153.0,1,0,0,0,1,0,1,1,0,1,1,1,0,0,1,1,0,0,0,0,0,0,1,1,0,0,1,1,1,1
AllocentricOP,3CupForcedChoice,OP-STC-Allo-PCTB-3CupFC-1G2RFar-OffWhite-0-OpLava.yml,3CupLikeTasks,0,1,0,0,1,3,OffWhite,1,,,2,2.0,0,0,0,1,33,1,248.0,253.0,212.0,1,0,0,0,0,1,1,0,0,0,1,1,0,1,1,1,0,1,0,0,0,0,1,1,0,0,1,1,1,1
AllocentricOP,3CupForcedChoice,OP-STC-Allo-PCTB-3CupFC-1G2RFar-OffWhite-0-OPQ.yml,3CupLikeTasks,0,1,1,0,1,3,OffWhite,1,,,2,2.0,0,0,0,1,33,1,248.0,253.0,212.0,1,0,0,0,1,0,0,0,0,1,0,1,0,0,1,1,0,1,0,0,0,0,1,1,0,1,1,1,1,1
AllocentricOP,3CupForcedChoice,OP-STC-Allo-PCTB-3CupFC-1G3LClose-Beige-0-OpLava.yml,3CupLikeTasks,0,1,0,0,1,1,Beige,-1,,,2,3.0,0,0,0,1,23,1,236.0,195.0,153.0,1,0,0,0,1,0,1,1,0,1,1,0,1,0,1,1,1,1,0,0,0,1,1,1,0,0,1,0,1,1
AllocentricOP,3CupForcedChoice,OP-STC-Allo-PCTB-3CupFC-1G3LClose-Beige-0-OPQ.yml,3CupLikeTasks,0,1,1,0,1,1,Beige,-1,,,2,3.0,0,0,0,1,23,1,236.0,195.0,153.0,1,0,0,0,0,0,0,1,1,0,1,0,1,1,1,1,1,1,0,0,0,0,1,0,0,0,1,1,1,1
AllocentricOP,3CupForcedChoice,OP-STC-Allo-PCTB-3CupFC-1G3LClose-Brown-0-OpLava.yml,3CupLikeTasks,0,1,0,0,1,1,Brown,-1,,,2,3.0,0,0,0,1,23,1,102.0,51.0,1.0,1,0,0,0,1,1,1,1,0,1,1,1,1,0,1,1,1,0,0,0,0,0,1,1,0,0,1,1,1,1
AllocentricOP,3CupForcedChoice,OP-STC-Allo-PCTB-3CupFC-1G3LClose-Brown-0-OPQ.yml,3CupLikeTasks,0,1,1,0,1,1,Brown,-1,,,2,3.0,0,0,0,1,23,1,102.0,51.0,1.0,1,1,0,0,1,1,1,1,1,0,1,0,1,0,1,1,1,1,0,0,0,0,1,0,0,0,1,1,1,0
AllocentricOP,3CupForcedChoice,OP-STC-Allo-PCTB-3CupFC-1G3LClose-DarkBlue-0-OpLava.yml,3CupLikeTasks,0,1,0,0,1,1,DarkBlue,-1,,,2,3.0,0,0,0,1,23,1,1.0,1.0,153.0,1,0,0,0,0,1,1,1,0,1,1,0,1,0,1,1,1,1,0,0,0,0,1,0,0,0,1,1,1,1
AllocentricOP,3CupForcedChoice,OP-STC-Allo-PCTB-3CupFC-1G3LClose-DarkBlue-0-OPQ.yml,3CupLikeTasks,0,1,1,0,1,1,DarkBlue,-1,,,2,3.0,0,0,0,1,23,1,1.0,1.0,153.0,1,1,0,0,1,0,1,1,0,1,1,0,1,1,1,0,1,1,0,0,0,0,1,1,0,1,1,0,1,1
AllocentricOP,3CupForcedChoice,OP-STC-Allo-PCTB-3CupFC-1G3LClose-DarkGreen-0-OpLava.yml,3CupLikeTasks,0,1,0,0,1,1,DarkGreen,-1,,,2,3.0,0,0,0,1,23,1,1.0,100.0,1.0,1,1,0,0,0,1,1,1,0,1,1,0,1,1,1,1,1,1,0,0,0,0,1,1,0,0,1,1,1,1
AllocentricOP,3CupForcedChoice,OP-STC-Allo-PCTB-3CupFC-1G3LClose-DarkGreen-0-OPQ.yml,3CupLikeTasks,0,1,1,0,1,1,DarkGreen,-1,,,2,3.0,0,0,0,1,23,1,1.0,100.0,1.0,1,0,0,0,1,0,1,1,0,1,1,1,1,1,1,1,1,1,0,0,0,0,1,0,0,0,1,0,1,1
AllocentricOP,3CupForcedChoice,OP-STC-Allo-PCTB-3CupFC-1G3LClose-Grey-0-OpLava.yml,3CupLikeTasks,0,1,0,0,1,1,Grey,-1,,,2,3.0,0,0,0,1,23,1,153.0,153.0,153.0,1,0,0,1,1,1,1,1,0,1,1,1,1,1,1,1,1,1,0,0,0,0,1,0,0,0,1,1,1,1
AllocentricOP,3CupForcedChoice,OP-STC-Allo-PCTB-3CupFC-1G3LClose-Grey-0-OPQ.yml,3CupLikeTasks,0,1,1,0,1,1,Grey,-1,,,2,3.0,0,0,0,1,23,1,153.0,153.0,153.0,1,1,0,0,1,0,1,1,0,1,0,0,1,0,1,1,1,1,0,0,0,0,1,1,0,0,1,1,1,1
AllocentricOP,3CupForcedChoice,OP-STC-Allo-PCTB-3CupFC-1G3LClose-OffWhite-0-OpLava.yml,3CupLikeTasks,0,1,0,0,1,1,OffWhite,-1,,,2,3.0,0,0,0,1,23,1,248.0,253.0,212.0,1,1,0,0,1,1,1,0,0,1,1,0,0,0,1,1,1,1,0,1,0,0,1,1,0,0,1,1,1,0
AllocentricOP,3CupForcedChoice,OP-STC-Allo-PCTB-3CupFC-1G3LClose-OffWhite-0-OPQ.yml,3CupLikeTasks,0,1,1,0,1,1,OffWhite,-1,,,2,3.0,0,0,0,1,23,1,248.0,253.0,212.0,1,1,0,0,0,0,1,0,0,1,1,0,1,0,1,1,1,1,0,0,0,0,1,1,0,0,1,0,1,1
AllocentricOP,3CupForcedChoice,OP-STC-Allo-PCTB-3CupFC-1G3LFar-Beige-0-OpLava.yml,3CupLikeTasks,0,1,0,0,1,3,Beige,-1,,,2,3.0,0,0,0,1,33,1,236.0,195.0,153.0,1,0,0,0,1,1,1,1,0,1,1,0,1,1,1,1,0,1,0,0,0,0,1,1,0,1,1,1,1,0
AllocentricOP,3CupForcedChoice,OP-STC-Allo-PCTB-3CupFC-1G3LFar-Beige-0-OPQ.yml,3CupLikeTasks,0,1,1,0,1,3,Beige,-1,,,2,3.0,0,0,0,1,33,1,236.0,195.0,153.0,1,1,0,0,1,0,1,0,0,0,1,0,1,0,1,1,0,1,0,0,0,0,1,1,0,0,1,1,1,1
AllocentricOP,3CupForcedChoice,OP-STC-Allo-PCTB-3CupFC-1G3LFar-Brown-0-OpLava.yml,3CupLikeTasks,0,1,0,0,1,3,Brown,-1,,,2,3.0,0,0,0,1,33,1,102.0,51.0,1.0,1,0,0,0,1,1,1,1,0,1,1,0,1,0,1,1,1,1,0,0,0,0,1,0,0,0,1,1,1,0
AllocentricOP,3CupForcedChoice,OP-STC-Allo-PCTB-3CupFC-1G3LFar-Brown-0-OPQ.yml,3CupLikeTasks,0,1,1,0,1,3,Brown,-1,,,2,3.0,0,0,0,1,33,1,102.0,51.0,1.0,1,1,0,0,1,0,1,1,0,1,1,1,1,1,1,1,0,1,0,0,0,0,1,1,0,0,1,1,1,1
AllocentricOP,3CupForcedChoice,OP-STC-Allo-PCTB-3CupFC-1G3LFar-DarkBlue-0-OpLava.yml,3CupLikeTasks,0,1,0,0,1,3,DarkBlue,-1,,,2,3.0,0,0,0,1,33,1,1.0,1.0,153.0,1,0,0,0,1,1,1,1,0,1,1,0,1,0,1,1,0,1,0,0,0,0,1,1,0,0,1,1,1,1
AllocentricOP,3CupForcedChoice,OP-STC-Allo-PCTB-3CupFC-1G3LFar-DarkBlue-0-OPQ.yml,3CupLikeTasks,0,1,1,0,1,3,DarkBlue,-1,,,2,3.0,0,0,0,1,33,1,1.0,1.0,153.0,1,1,1,0,1,0,1,1,0,0,1,1,1,1,1,1,0,1,0,0,0,0,1,0,0,0,1,0,1,1
AllocentricOP,3CupForcedChoice,OP-STC-Allo-PCTB-3CupFC-1G3LFar-DarkGreen-0-OpLava.yml,3CupLikeTasks,0,1,0,0,1,3,DarkGreen,-1,,,2,3.0,0,0,0,1,33,1,1.0,100.0,1.0,1,1,0,0,0,1,1,1,0,1,1,1,1,0,1,1,0,1,0,0,0,0,1,0,0,0,1,1,1,1
AllocentricOP,3CupForcedChoice,OP-STC-Allo-PCTB-3CupFC-1G3LFar-DarkGreen-0-OPQ.yml,3CupLikeTasks,0,1,1,0,1,3,DarkGreen,-1,,,2,3.0,0,0,0,1,33,1,1.0,100.0,1.0,1,0,0,0,1,0,1,1,0,0,1,0,1,1,1,1,0,1,0,0,0,0,1,0,0,0,1,0,1,1
AllocentricOP,3CupForcedChoice,OP-STC-Allo-PCTB-3CupFC-1G3LFar-Grey-0-OpLava.yml,3CupLikeTasks,0,1,0,0,1,3,Grey,-1,,,2,3.0,0,0,0,1,33,1,153.0,153.0,153.0,1,0,0,0,1,1,1,1,0,1,1,1,1,0,1,1,0,1,0,0,0,0,1,1,0,0,1,1,1,1
AllocentricOP,3CupForcedChoice,OP-STC-Allo-PCTB-3CupFC-1G3LFar-Grey-0-OPQ.yml,3CupLikeTasks,0,1,1,0,1,3,Grey,-1,,,2,3.0,0,0,0,1,33,1,153.0,153.0,153.0,1,0,0,0,1,0,1,0,0,0,1,0,1,1,1,1,0,1,0,0,0,0,1,1,0,0,1,1,1,1
AllocentricOP,3CupForcedChoice,OP-STC-Allo-PCTB-3CupFC-1G3LFar-OffWhite-0-OpLava.yml,3CupLikeTasks,0,1,0,0,1,3,OffWhite,-1,,,2,3.0,0,0,0,1,33,1,248.0,253.0,212.0,1,0,0,0,1,1,1,0,0,1,1,0,1,1,1,1,0,1,0,1,0,0,1,1,0,1,1,0,1,1
AllocentricOP,3CupForcedChoice,OP-STC-Allo-PCTB-3CupFC-1G3LFar-OffWhite-0-OPQ.yml,3CupLikeTasks,0,1,1,0,1,3,OffWhite,-1,,,2,3.0,0,0,0,1,33,1,248.0,253.0,212.0,1,1,0,0,1,1,0,1,0,1,1,1,1,1,1,1,0,1,0,1,0,0,1,1,0,0,1,1,1,1
AllocentricOP,3CupForcedChoice,OP-STC-Allo-PCTB-3CupFC-1G3MClose-Beige-0-OpLava.yml,3CupLikeTasks,0,1,0,0,1,1,Beige,0,,,2,3.0,0,0,0,1,23,1,236.0,195.0,153.0,1,0,0,0,0,1,1,1,0,1,1,1,1,0,1,1,1,1,0,0,0,0,1,1,0,0,1,0,1,1
AllocentricOP,3CupForcedChoice,OP-STC-Allo-PCTB-3CupFC-1G3MClose-Beige-0-OPQ.yml,3CupLikeTasks,0,1,1,0,1,1,Beige,0,,,2,3.0,0,0,0,1,23,1,236.0,195.0,153.0,1,1,0,0,1,0,0,1,0,1,1,1,0,1,1,1,1,1,0,0,0,1,1,0,0,1,1,1,1,1
AllocentricOP,3CupForcedChoice,OP-STC-Allo-PCTB-3CupFC-1G3MClose-Brown-0-OpLava.yml,3CupLikeTasks,0,1,0,0,1,1,Brown,0,,,2,3.0,0,0,0,1,23,1,102.0,51.0,1.0,1,1,0,0,1,1,1,1,0,1,1,0,1,0,1,1,1,1,0,0,0,0,1,1,0,0,1,1,1,1
AllocentricOP,3CupForcedChoice,OP-STC-Allo-PCTB-3CupFC-1G3MClose-Brown-0-OPQ.yml,3CupLikeTasks,0,1,1,0,1,1,Brown,0,,,2,3.0,0,0,0,1,23,1,102.0,51.0,1.0,1,0,0,0,1,0,1,1,0,1,1,1,0,0,1,0,1,1,0,0,0,0,1,0,0,0,1,1,1,1
AllocentricOP,3CupForcedChoice,OP-STC-Allo-PCTB-3CupFC-1G3MClose-DarkBlue-0-OpLava.yml,3CupLikeTasks,0,1,0,0,1,1,DarkBlue,0,,,2,3.0,0,0,0,1,23,1,1.0,1.0,153.0,1,0,0,1,1,1,0,1,0,1,1,0,0,0,1,1,1,1,0,0,0,1,1,1,0,0,1,1,1,1
AllocentricOP,3CupForcedChoice,OP-STC-Allo-PCTB-3CupFC-1G3MClose-DarkBlue-0-OPQ.yml,3CupLikeTasks,0,1,1,0,1,1,DarkBlue,0,,,2,3.0,0,0,0,1,23,1,1.0,1.0,153.0,1,0,1,0,1,0,1,1,1,0,1,0,0,1,1,1,1,1,0,0,0,0,1,1,0,0,1,1,1,1
AllocentricOP,3CupForcedChoice,OP-STC-Allo-PCTB-3CupFC-1G3MClose-DarkGreen-0-OpLava.yml,3CupLikeTasks,0,1,0,0,1,1,DarkGreen,0,,,2,3.0,0,0,0,1,23,1,1.0,100.0,1.0,1,0,0,0,1,1,0,1,0,1,1,0,1,1,1,1,1,1,0,0,0,0,1,1,0,1,1,1,1,0
AllocentricOP,3CupForcedChoice,OP-STC-Allo-PCTB-3CupFC-1G3MClose-DarkGreen-0-OPQ.yml,3CupLikeTasks,0,1,1,0,1,1,DarkGreen,0,,,2,3.0,0,0,0,1,23,1,1.0,100.0,1.0,1,1,0,0,1,0,1,1,0,1,1,1,1,0,1,1,1,1,0,0,0,0,1,1,0,0,1,0,1,1
AllocentricOP,3CupForcedChoice,OP-STC-Allo-PCTB-3CupFC-1G3MClose-Grey-0-OpLava.yml,3CupLikeTasks,0,1,0,0,1,1,Grey,0,,,2,3.0,0,0,0,1,23,1,153.0,153.0,153.0,1,1,0,0,0,1,1,1,0,1,1,0,1,1,1,1,0,1,0,0,0,1,1,1,0,0,1,1,1,1
AllocentricOP,3CupForcedChoice,OP-STC-Allo-PCTB-3CupFC-1G3MClose-Grey-0-OPQ.yml,3CupLikeTasks,0,1,1,0,1,1,Grey,0,,,2,3.0,0,0,0,1,23,1,153.0,153.0,153.0,1,0,0,0,1,0,1,1,0,0,1,0,0,0,1,1,1,1,0,0,0,0,1,1,0,0,1,1,1,0
AllocentricOP,3CupForcedChoice,OP-STC-Allo-PCTB-3CupFC-1G3MClose-OffWhite-0-OpLava.yml,3CupLikeTasks,0,1,0,0,1,1,OffWhite,0,,,2,3.0,0,0,0,1,23,1,248.0,253.0,212.0,1,1,0,0,1,1,1,0,0,1,1,0,0,0,1,1,1,1,0,0,0,0,1,1,0,0,1,1,1,1
AllocentricOP,3CupForcedChoice,OP-STC-Allo-PCTB-3CupFC-1G3MClose-OffWhite-0-OPQ.yml,3CupLikeTasks,0,1,1,0,1,1,OffWhite,0,,,2,3.0,0,0,0,1,23,1,248.0,253.0,212.0,1,0,0,0,1,0,0,0,0,0,1,0,1,0,1,1,0,1,0,0,0,0,1,1,0,0,1,1,1,1
AllocentricOP,3CupForcedChoice,OP-STC-Allo-PCTB-3CupFC-1G3MFar-Beige-0-OpLava.yml,3CupLikeTasks,0,1,0,0,1,3,Beige,0,,,2,3.0,0,0,0,1,33,1,236.0,195.0,153.0,1,0,0,0,1,1,1,1,0,1,1,0,1,0,1,1,0,1,0,0,0,0,1,0,0,0,1,0,1,0
AllocentricOP,3CupForcedChoice,OP-STC-Allo-PCTB-3CupFC-1G3MFar-Beige-0-OPQ.yml,3CupLikeTasks,0,1,1,0,1,3,Beige,0,,,2,3.0,0,0,0,1,33,1,236.0,195.0,153.0,1,1,0,0,1,0,0,1,0,0,1,1,1,0,1,1,0,1,0,0,0,0,1,0,0,0,1,1,1,0
AllocentricOP,3CupForcedChoice,OP-STC-Allo-PCTB-3CupFC-1G3MFar-Brown-0-OpLava.yml,3CupLikeTasks,0,1,0,0,1,3,Brown,0,,,2,3.0,0,0,0,1,33,1,102.0,51.0,1.0,1,0,0,0,1,1,1,1,0,1,1,1,0,0,1,1,0,1,0,0,0,0,1,1,0,0,1,1,1,1
AllocentricOP,3CupForcedChoice,OP-STC-Allo-PCTB-3CupFC-1G3MFar-Brown-0-OPQ.yml,3CupLikeTasks,0,1,1,0,1,3,Brown,0,,,2,3.0,0,0,0,1,33,1,102.0,51.0,1.0,1,1,0,0,1,0,1,1,0,0,1,1,1,1,1,1,0,1,0,0,0,0,1,1,0,0,1,1,1,1
AllocentricOP,3CupForcedChoice,OP-STC-Allo-PCTB-3CupFC-1G3MFar-DarkBlue-0-OpLava.yml,3CupLikeTasks,0,1,0,0,1,3,DarkBlue,0,,,2,3.0,0,0,0,1,33,1,1.0,1.0,153.0,1,1,0,0,1,1,1,1,0,1,1,1,1,1,1,0,0,1,0,0,0,0,1,1,0,0,1,1,1,1
AllocentricOP,3CupForcedChoice,OP-STC-Allo-PCTB-3CupFC-1G3MFar-DarkBlue-0-OPQ.yml,3CupLikeTasks,0,1,1,0,1,3,DarkBlue,0,,,2,3.0,0,0,0,1,33,1,1.0,1.0,153.0,1,0,0,0,1,0,1,1,0,0,0,0,1,0,1,1,0,1,0,0,0,0,1,1,0,0,1,0,1,1
AllocentricOP,3CupForcedChoice,OP-STC-Allo-PCTB-3CupFC-1G3MFar-DarkGreen-0-OpLava.yml,3CupLikeTasks,0,1,0,0,1,3,DarkGreen,0,,,2,3.0,0,0,0,1,33,1,1.0,100.0,1.0,1,1,0,0,1,1,1,1,0,1,1,0,0,0,1,1,0,1,0,1,0,0,1,0,0,0,1,1,1,0
AllocentricOP,3CupForcedChoice,OP-STC-Allo-PCTB-3CupFC-1G3MFar-DarkGreen-0-OPQ.yml,3CupLikeTasks,0,1,1,0,1,3,DarkGreen,0,,,2,3.0,0,0,0,1,33,1,1.0,100.0,1.0,1,1,1,0,0,0,1,1,0,0,1,1,1,0,1,1,0,1,0,0,0,0,1,1,0,1,1,1,1,1
AllocentricOP,3CupForcedChoice,OP-STC-Allo-PCTB-3CupFC-1G3MFar-Grey-0-OpLava.yml,3CupLikeTasks,0,1,0,0,1,3,Grey,0,,,2,3.0,0,0,0,1,33,1,153.0,153.0,153.0,1,0,1,0,1,1,0,1,0,1,1,1,1,1,1,1,0,1,0,0,0,0,1,0,0,0,1,1,1,0
AllocentricOP,3CupForcedChoice,OP-STC-Allo-PCTB-3CupFC-1G3MFar-Grey-0-OPQ.yml,3CupLikeTasks,0,1,1,0,1,3,Grey,0,,,2,3.0,0,0,0,1,33,1,153.0,153.0,153.0,1,1,0,0,1,0,1,1,1,0,1,1,0,0,1,1,0,1,0,0,0,0,1,1,0,1,1,1,1,1
AllocentricOP,3CupForcedChoice,OP-STC-Allo-PCTB-3CupFC-1G3MFar-OffWhite-0-OpLava.yml,3CupLikeTasks,0,1,0,0,1,3,OffWhite,0,,,2,3.0,0,0,0,1,33,1,248.0,253.0,212.0,1,0,0,0,1,1,1,0,0,1,0,1,0,1,1,1,1,1,0,1,0,0,1,1,0,0,1,1,1,1
AllocentricOP,3CupForcedChoice,OP-STC-Allo-PCTB-3CupFC-1G3MFar-OffWhite-0-OPQ.yml,3CupLikeTasks,0,1,1,0,1,3,OffWhite,0,,,2,3.0,0,0,0,1,33,1,248.0,253.0,212.0,1,1,0,0,1,0,0,0,0,0,1,1,0,1,1,1,0,1,0,0,0,0,1,1,0,0,1,1,1,1
AllocentricOP,3CupForcedChoice,OP-STC-Allo-PCTB-3CupFC-1G3RClose-Beige-0-OpLava.yml,3CupLikeTasks,0,1,0,0,1,1,Beige,1,,,2,3.0,0,0,0,1,23,1,236.0,195.0,153.0,1,1,1,0,1,1,1,1,1,1,1,1,1,1,1,1,1,0,0,0,0,0,1,1,0,0,1,0,1,1
AllocentricOP,3CupForcedChoice,OP-STC-Allo-PCTB-3CupFC-1G3RClose-Beige-0-OPQ.yml,3CupLikeTasks,0,1,1,0,1,1,Beige,1,,,2,3.0,0,0,0,1,23,1,236.0,195.0,153.0,1,1,0,0,0,0,0,1,0,1,1,1,0,1,1,1,1,1,0,0,0,0,1,0,0,0,1,1,1,1
AllocentricOP,3CupForcedChoice,OP-STC-Allo-PCTB-3CupFC-1G3RClose-Brown-0-OpLava.yml,3CupLikeTasks,0,1,0,0,1,1,Brown,1,,,2,3.0,0,0,0,1,23,1,102.0,51.0,1.0,1,1,0,0,1,1,1,1,0,1,1,1,1,0,1,1,1,1,0,0,0,0,1,0,0,0,1,1,1,0
AllocentricOP,3CupForcedChoice,OP-STC-Allo-PCTB-3CupFC-1G3RClose-Brown-0-OPQ.yml,3CupLikeTasks,0,1,1,0,1,1,Brown,1,,,2,3.0,0,0,0,1,23,1,102.0,51.0,1.0,1,1,0,0,1,0,1,1,0,1,1,1,0,0,1,1,1,1,0,0,0,0,1,1,0,0,1,1,1,1
AllocentricOP,3CupForcedChoice,OP-STC-Allo-PCTB-3CupFC-1G3RClose-DarkBlue-0-OpLava.yml,3CupLikeTasks,0,1,0,0,1,1,DarkBlue,1,,,2,3.0,0,0,0,1,23,1,1.0,1.0,153.0,1,1,0,0,1,1,1,1,0,1,1,1,0,0,1,1,1,1,0,0,0,0,1,1,0,0,1,0,1,0
AllocentricOP,3CupForcedChoice,OP-STC-Allo-PCTB-3CupFC-1G3RClose-DarkBlue-0-OPQ.yml,3CupLikeTasks,0,1,1,0,1,1,DarkBlue,1,,,2,3.0,0,0,0,1,23,1,1.0,1.0,153.0,1,0,0,0,1,0,1,1,0,0,1,1,1,1,1,1,1,1,0,0,0,0,1,1,0,0,1,1,1,1
AllocentricOP,3CupForcedChoice,OP-STC-Allo-PCTB-3CupFC-1G3RClose-DarkGreen-0-OpLava.yml,3CupLikeTasks,0,1,0,0,1,1,DarkGreen,1,,,2,3.0,0,0,0,1,23,1,1.0,100.0,1.0,1,0,0,0,1,1,1,0,1,1,1,1,0,0,1,1,1,1,0,0,0,0,1,0,0,0,1,0,1,0
AllocentricOP,3CupForcedChoice,OP-STC-Allo-PCTB-3CupFC-1G3RClose-DarkGreen-0-OPQ.yml,3CupLikeTasks,0,1,1,0,1,1,DarkGreen,1,,,2,3.0,0,0,0,1,23,1,1.0,100.0,1.0,1,0,0,0,1,0,1,1,0,0,1,1,0,1,1,1,1,1,0,0,0,0,1,1,0,0,1,1,1,1
AllocentricOP,3CupForcedChoice,OP-STC-Allo-PCTB-3CupFC-1G3RClose-Grey-0-OpLava.yml,3CupLikeTasks,0,1,0,0,1,1,Grey,1,,,2,3.0,0,0,0,1,23,1,153.0,153.0,153.0,1,1,0,0,1,1,1,1,0,0,1,1,0,1,1,1,1,1,0,0,0,0,1,1,0,0,1,0,1,0
AllocentricOP,3CupForcedChoice,OP-STC-Allo-PCTB-3CupFC-1G3RClose-Grey-0-OPQ.yml,3CupLikeTasks,0,1,1,0,1,1,Grey,1,,,2,3.0,0,0,0,1,23,1,153.0,153.0,153.0,1,0,0,0,1,0,1,1,0,1,1,1,0,1,1,1,1,1,0,0,0,0,1,0,0,0,1,1,1,1
AllocentricOP,3CupForcedChoice,OP-STC-Allo-PCTB-3CupFC-1G3RClose-OffWhite-0-OpLava.yml,3CupLikeTasks,0,1,0,0,1,1,OffWhite,1,,,2,3.0,0,0,0,1,23,1,248.0,253.0,212.0,1,1,0,0,1,1,1,1,0,1,1,1,1,0,1,1,1,1,0,0,0,0,1,1,0,0,1,1,1,1
AllocentricOP,3CupForcedChoice,OP-STC-Allo-PCTB-3CupFC-1G3RClose-OffWhite-0-OPQ.yml,3CupLikeTasks,0,1,1,0,1,1,OffWhite,1,,,2,3.0,0,0,0,1,23,1,248.0,253.0,212.0,1,1,0,0,1,0,0,0,0,0,1,1,0,0,1,1,0,1,0,0,0,1,1,1,0,0,1,1,1,1
AllocentricOP,3CupForcedChoice,OP-STC-Allo-PCTB-3CupFC-1G3RFar-Beige-0-OpLava.yml,3CupLikeTasks,0,1,0,0,1,3,Beige,1,,,2,3.0,0,0,0,1,33,1,236.0,195.0,153.0,1,0,0,0,1,1,1,1,0,1,1,1,0,0,1,1,0,0,0,0,0,0,1,1,0,1,1,1,1,1
AllocentricOP,3CupForcedChoice,OP-STC-Allo-PCTB-3CupFC-1G3RFar-Beige-0-OPQ.yml,3CupLikeTasks,0,1,1,0,1,3,Beige,1,,,2,3.0,0,0,0,1,33,1,236.0,195.0,153.0,1,1,0,0,1,1,0,1,0,0,1,1,0,1,1,1,0,1,0,0,0,0,1,1,0,0,1,1,1,1
AllocentricOP,3CupForcedChoice,OP-STC-Allo-PCTB-3CupFC-1G3RFar-Brown-0-OpLava.yml,3CupLikeTasks,0,1,0,0,1,3,Brown,1,,,2,3.0,0,0,0,1,33,1,102.0,51.0,1.0,1,0,0,0,1,1,1,1,0,0,1,1,1,0,1,0,0,1,0,0,0,0,1,1,0,0,1,1,1,1
AllocentricOP,3CupForcedChoice,OP-STC-Allo-PCTB-3CupFC-1G3RFar-Brown-0-OPQ.yml,3CupLikeTasks,0,1,1,0,1,3,Brown,1,,,2,3.0,0,0,0,1,33,1,102.0,51.0,1.0,1,1,1,0,1,0,1,1,0,1,1,0,0,1,1,1,1,1,0,0,0,0,1,1,0,0,1,0,1,1
AllocentricOP,3CupForcedChoice,OP-STC-Allo-PCTB-3CupFC-1G3RFar-DarkBlue-0-OpLava.yml,3CupLikeTasks,0,1,0,0,1,3,DarkBlue,1,,,2,3.0,0,0,0,1,33,1,1.0,1.0,153.0,1,0,0,0,1,1,1,1,0,1,1,1,0,1,1,1,0,1,0,0,0,0,1,1,0,0,1,1,1,1
AllocentricOP,3CupForcedChoice,OP-STC-Allo-PCTB-3CupFC-1G3RFar-DarkBlue-0-OPQ.yml,3CupLikeTasks,0,1,1,0,1,3,DarkBlue,1,,,2,3.0,0,0,0,1,33,1,1.0,1.0,153.0,1,0,0,0,1,0,1,1,0,0,1,1,0,0,1,1,0,1,0,0,0,0,1,0,0,0,1,1,1,1
AllocentricOP,3CupForcedChoice,OP-STC-Allo-PCTB-3CupFC-1G3RFar-DarkGreen-0-OpLava.yml,3CupLikeTasks,0,1,0,0,1,3,DarkGreen,1,,,2,3.0,0,0,0,1,33,1,1.0,100.0,1.0,1,0,0,0,1,1,1,1,0,1,1,1,0,0,1,1,0,1,0,0,0,0,1,0,0,0,1,1,1,1
AllocentricOP,3CupForcedChoice,OP-STC-Allo-PCTB-3CupFC-1G3RFar-DarkGreen-0-OPQ.yml,3CupLikeTasks,0,1,1,0,1,3,DarkGreen,1,,,2,3.0,0,0,0,1,33,1,1.0,100.0,1.0,1,1,0,0,1,0,1,1,1,0,1,1,0,0,1,1,0,1,0,0,0,0,1,1,0,0,1,1,1,0
AllocentricOP,3CupForcedChoice,OP-STC-Allo-PCTB-3CupFC-1G3RFar-Grey-0-OpLava.yml,3CupLikeTasks,0,1,0,0,1,3,Grey,1,,,2,3.0,0,0,0,1,33,1,153.0,153.0,153.0,1,1,0,0,1,1,1,1,0,1,1,1,1,0,1,1,0,0,0,0,0,0,1,0,0,0,1,1,1,0
AllocentricOP,3CupForcedChoice,OP-STC-Allo-PCTB-3CupFC-1G3RFar-Grey-0-OPQ.yml,3CupLikeTasks,0,1,1,0,1,3,Grey,1,,,2,3.0,0,0,0,1,33,1,153.0,153.0,153.0,1,1,0,0,1,0,1,1,0,1,1,1,0,0,1,1,0,1,0,0,0,0,1,1,0,0,1,1,1,1
AllocentricOP,3CupForcedChoice,OP-STC-Allo-PCTB-3CupFC-1G3RFar-OffWhite-0-OpLava.yml,3CupLikeTasks,0,1,0,0,1,3,OffWhite,1,,,2,3.0,0,0,0,1,33,1,248.0,253.0,212.0,1,1,0,0,1,1,1,0,0,0,1,1,0,1,1,1,0,1,0,0,0,0,1,1,0,0,1,1,1,1
AllocentricOP,3CupForcedChoice,OP-STC-Allo-PCTB-3CupFC-1G3RFar-OffWhite-0-OPQ.yml,3CupLikeTasks,0,1,1,0,1,3,OffWhite,1,,,2,3.0,0,0,0,1,33,1,248.0,253.0,212.0,1,0,0,0,1,0,0,0,0,1,0,1,0,0,1,1,0,1,0,0,0,0,1,1,0,0,1,0,1,0
AllocentricOP,4Cup,OP-STC-Allo-PCTB-4CupGridClose-G0.5CloseLeft-NA-0-NA.yml,GridLikeTasks,0,1,0,1,1,1,Blue,-1,Close,Inner,3,0.5,0,0,0,1,16,1,0.0,0.0,255.0,1,0,0,0,1,0,1,1,0,1,0,1,1,1,1,1,1,1,0,0,1,1,0,0,1,1,1,1,0,0
AllocentricOP,4Cup,OP-STC-Allo-PCTB-4CupGridClose-G0.5CloseRight-NA-0-NA.yml,GridLikeTasks,0,1,0,1,1,1,Blue,1,Close,Inner,3,0.5,0,0,0,1,16,1,0.0,0.0,255.0,1,1,0,0,0,1,1,1,0,1,0,1,0,1,1,1,1,1,0,0,1,0,0,0,1,1,1,0,0,0
AllocentricOP,4Cup,OP-STC-Allo-PCTB-4CupGridClose-G0.5FarLeft-NA-0-NA.yml,GridLikeTasks,0,1,0,1,1,2,Blue,-1,Close,Outer,3,0.5,0,0,0,1,24,1,0.0,0.0,255.0,1,1,0,0,1,1,1,1,0,0,0,1,1,1,1,1,0,1,0,0,1,1,0,0,1,0,1,1,0,0
AllocentricOP,4Cup,OP-STC-Allo-PCTB-4CupGridClose-G0.5FarRight-NA-0-NA.yml,GridLikeTasks,0,1,0,1,1,2,Blue,1,Close,Outer,3,0.5,0,0,0,1,24,1,0.0,0.0,255.0,1,0,1,0,1,1,1,1,0,0,0,1,0,1,1,1,0,1,0,0,1,1,0,0,1,1,1,0,0,0
AllocentricOP,4Cup,OP-STC-Allo-PCTB-4CupGridClose-G1.5CloseLeft-NA-0-NA.yml,GridLikeTasks,0,1,0,1,1,1,Blue,-1,Close,Inner,3,1.5,0,0,0,1,16,1,0.0,0.0,255.0,1,1,0,0,1,0,1,1,0,1,0,0,1,1,1,1,1,1,0,0,1,1,0,0,1,0,1,1,0,0
AllocentricOP,4Cup,OP-STC-Allo-PCTB-4CupGridClose-G1.5CloseRight-NA-0-NA.yml,GridLikeTasks,0,1,0,1,1,1,Blue,1,Close,Inner,3,1.5,0,0,0,1,16,1,0.0,0.0,255.0,1,0,0,0,1,1,1,1,0,1,1,1,1,1,1,1,1,1,0,0,1,0,0,0,1,0,1,1,0,0
AllocentricOP,4Cup,OP-STC-Allo-PCTB-4CupGridClose-G1.5FarLeft-NA-0-NA.yml,GridLikeTasks,0,1,0,1,1,2,Blue,-1,Close,Outer,3,1.5,0,0,0,1,24,1,0.0,0.0,255.0,1,0,0,0,1,1,1,1,0,1,1,0,1,0,1,1,0,1,0,0,1,0,0,0,1,1,1,0,0,0
AllocentricOP,4Cup,OP-STC-Allo-PCTB-4CupGridClose-G1.5FarRight-NA-0-NA.yml,GridLikeTasks,0,1,0,1,1,2,Blue,1,Close,Outer,3,1.5,0,0,0,1,24,1,0.0,0.0,255.0,1,1,0,0,1,1,1,1,0,1,1,1,1,0,1,1,0,1,0,0,1,1,0,0,1,1,1,1,0,0
AllocentricOP,4Cup,OP-STC-Allo-PCTB-4CupGridClose-G1CloseLeft-NA-0-NA.yml,GridLikeTasks,0,1,0,1,1,1,Blue,-1,Close,Inner,3,1.0,0,0,0,1,16,1,0.0,0.0,255.0,1,0,0,0,1,1,1,1,0,1,0,0,1,0,1,1,1,1,0,0,1,1,0,0,1,1,1,1,0,0
AllocentricOP,4Cup,OP-STC-Allo-PCTB-4CupGridClose-G1CloseRight-NA-0-NA.yml,GridLikeTasks,0,1,0,1,1,1,Blue,1,Close,Inner,3,1.0,0,0,0,1,16,1,0.0,0.0,255.0,1,0,0,0,1,1,1,1,0,0,1,1,1,1,1,0,1,1,0,0,1,1,0,0,1,1,1,1,0,0
AllocentricOP,4Cup,OP-STC-Allo-PCTB-4CupGridClose-G1FarLeft-NA-0-NA.yml,GridLikeTasks,0,1,0,1,1,2,Blue,-1,Close,Outer,3,1.0,0,0,0,1,24,1,0.0,0.0,255.0,1,0,0,0,0,1,1,1,0,1,1,0,1,1,1,1,0,1,0,0,1,1,0,0,1,1,1,0,0,0
AllocentricOP,4Cup,OP-STC-Allo-PCTB-4CupGridClose-G1FarRight-NA-0-NA.yml,GridLikeTasks,0,1,0,1,1,2,Blue,1,Close,Outer,3,1.0,0,0,0,1,24,1,0.0,0.0,255.0,1,1,0,0,1,1,0,1,0,1,0,1,1,0,1,1,0,1,0,0,1,0,0,0,1,0,1,0,0,0
AllocentricOP,4Cup,OP-STC-Allo-PCTB-4CupGridClose-G2CloseLeft-NA-0-NA.yml,GridLikeTasks,0,1,0,1,1,1,Blue,-1,Close,Inner,3,2.0,0,0,0,1,16,1,0.0,0.0,255.0,1,1,0,0,1,0,1,1,0,1,1,0,1,1,1,1,1,1,0,0,1,0,0,0,1,1,1,1,0,0
AllocentricOP,4Cup,OP-STC-Allo-PCTB-4CupGridClose-G2CloseRight-NA-0-NA.yml,GridLikeTasks,0,1,0,1,1,1,Blue,1,Close,Inner,3,2.0,0,0,0,1,16,1,0.0,0.0,255.0,1,0,0,0,1,1,1,1,0,0,1,1,1,1,1,1,1,1,0,0,1,1,0,0,1,1,1,1,0,0
AllocentricOP,4Cup,OP-STC-Allo-PCTB-4CupGridClose-G2FarLeft-NA-0-NA.yml,GridLikeTasks,0,1,0,1,1,2,Blue,-1,Close,Outer,3,2.0,0,0,0,1,24,1,0.0,0.0,255.0,1,1,0,0,1,1,1,1,1,1,1,0,1,1,1,1,0,0,0,0,1,1,0,0,1,0,1,0,0,1
AllocentricOP,4Cup,OP-STC-Allo-PCTB-4CupGridClose-G2FarRight-NA-0-NA.yml,GridLikeTasks,0,1,0,1,1,2,Blue,1,Close,Outer,3,2.0,0,0,0,1,24,1,0.0,0.0,255.0,1,1,1,0,1,1,1,1,1,0,1,1,1,1,1,1,0,1,0,0,1,1,0,1,1,1,1,1,0,0
AllocentricOP,4Cup,OP-STC-Allo-PCTB-4CupGridFar-G0.5CloseLeft-NA-0-NA.yml,GridLikeTasks,0,1,0,1,1,3,Blue,-1,Far,Inner,3,0.5,0,0,0,1,48,1,0.0,0.0,255.0,1,1,0,0,1,1,1,1,1,1,0,1,1,1,1,1,0,0,0,0,1,1,0,0,1,1,1,1,0,0
AllocentricOP,4Cup,OP-STC-Allo-PCTB-4CupGridFar-G0.5CloseRight-NA-0-NA.yml,GridLikeTasks,0,1,0,1,1,3,Blue,1,Far,Inner,3,0.5,0,0,0,1,48,1,0.0,0.0,255.0,1,0,0,0,1,1,1,1,0,0,1,1,0,1,1,1,0,1,0,1,1,1,0,0,1,1,1,0,0,0
AllocentricOP,4Cup,OP-STC-Allo-PCTB-4CupGridFar-G0.5FarLeft-NA-0-NA.yml,GridLikeTasks,0,1,0,1,1,4,Blue,-1,Far,Outer,3,0.5,0,0,0,1,56,1,0.0,0.0,255.0,1,0,0,0,1,1,1,1,0,0,0,0,1,1,1,1,0,1,0,0,1,0,0,0,1,1,1,1,0,0
AllocentricOP,4Cup,OP-STC-Allo-PCTB-4CupGridFar-G0.5FarRight-NA-0-NA.yml,GridLikeTasks,0,1,0,1,1,4,Blue,1,Far,Outer,3,0.5,0,0,0,1,56,1,0.0,0.0,255.0,1,0,0,0,1,1,1,1,1,1,0,1,0,1,1,0,0,0,0,0,1,1,0,0,1,0,1,1,0,0
AllocentricOP,4Cup,OP-STC-Allo-PCTB-4CupGridFar-G1.5CloseLeft-NA-0-NA.yml,GridLikeTasks,0,1,0,1,1,3,Blue,-1,Far,Inner,3,1.5,0,0,0,1,48,1,0.0,0.0,255.0,1,0,0,0,1,1,0,1,0,1,0,0,1,1,1,1,0,1,0,0,1,1,0,0,1,0,1,1,0,0
AllocentricOP,4Cup,OP-STC-Allo-PCTB-4CupGridFar-G1.5CloseRight-NA-0-NA.yml,GridLikeTasks,0,1,0,1,1,3,Blue,1,Far,Inner,3,1.5,0,0,0,1,48,1,0.0,0.0,255.0,1,1,1,0,1,1,1,1,0,0,1,1,1,1,1,1,1,0,0,1,1,1,0,0,1,0,1,1,0,0
AllocentricOP,4Cup,OP-STC-Allo-PCTB-4CupGridFar-G1.5FarLeft-NA-0-NA.yml,GridLikeTasks,0,1,0,1,1,4,Blue,-1,Far,Outer,3,1.5,0,0,0,1,56,1,0.0,0.0,255.0,1,0,0,0,1,1,1,1,0,1,0,0,1,1,1,1,0,1,0,0,1,0,0,1,1,1,1,1,0,0
AllocentricOP,4Cup,OP-STC-Allo-PCTB-4CupGridFar-G1.5FarRight-NA-0-NA.yml,GridLikeTasks,0,1,0,1,1,4,Blue,1,Far,Outer,3,1.5,0,0,0,1,56,1,0.0,0.0,255.0,1,1,0,0,1,0,1,1,0,1,0,1,1,1,1,1,0,1,0,0,1,1,0,0,1,1,1,1,0,0
AllocentricOP,4Cup,OP-STC-Allo-PCTB-4CupGridFar-G1CloseLeft-NA-0-NA.yml,GridLikeTasks,0,1,0,1,1,3,Blue,-1,Far,Inner,3,1.0,0,0,0,1,48,1,0.0,0.0,255.0,1,1,1,0,0,1,1,1,0,1,0,0,1,1,1,1,0,1,0,0,1,0,0,0,1,1,1,1,0,1
AllocentricOP,4Cup,OP-STC-Allo-PCTB-4CupGridFar-G1CloseRight-NA-0-NA.yml,GridLikeTasks,0,1,0,1,1,3,Blue,1,Far,Inner,3,1.0,0,0,0,1,48,1,0.0,0.0,255.0,1,1,0,0,1,1,1,1,0,1,0,1,1,1,1,1,0,1,0,0,1,1,0,0,1,1,1,1,0,0
AllocentricOP,4Cup,OP-STC-Allo-PCTB-4CupGridFar-G1FarLeft-NA-0-NA.yml,GridLikeTasks,0,1,0,1,1,4,Blue,-1,Far,Outer,3,1.0,0,0,0,1,56,1,0.0,0.0,255.0,1,0,0,0,1,1,1,1,0,1,0,0,1,1,1,1,0,1,0,0,1,0,0,1,1,1,1,1,0,0
AllocentricOP,4Cup,OP-STC-Allo-PCTB-4CupGridFar-G1FarRight-NA-0-NA.yml,GridLikeTasks,0,1,0,1,1,4,Blue,1,Far,Outer,3,1.0,0,0,0,1,56,1,0.0,0.0,255.0,1,1,0,0,1,1,1,1,0,1,0,1,1,1,1,0,0,1,0,0,1,1,0,0,1,0,1,1,0,0
AllocentricOP,4Cup,OP-STC-Allo-PCTB-4CupGridFar-G2CloseLeft-NA-0-NA.yml,GridLikeTasks,0,1,0,1,1,3,Blue,-1,Far,Inner,3,2.0,0,0,0,1,48,1,0.0,0.0,255.0,1,1,0,0,1,1,1,1,0,0,1,1,1,1,1,1,0,1,0,0,1,1,0,0,1,1,1,1,0,0
AllocentricOP,4Cup,OP-STC-Allo-PCTB-4CupGridFar-G2CloseRight-NA-0-NA.yml,GridLikeTasks,0,1,0,1,1,3,Blue,1,Far,Inner,3,2.0,0,0,0,1,48,1,0.0,0.0,255.0,1,0,0,0,1,1,1,1,0,0,1,1,0,1,1,1,0,1,0,0,1,0,0,0,1,1,1,1,0,0
AllocentricOP,4Cup,OP-STC-Allo-PCTB-4CupGridFar-G2FarLeft-NA-0-NA.yml,GridLikeTasks,0,1,0,1,1,4,Blue,-1,Far,Outer,3,2.0,0,0,0,1,56,1,0.0,0.0,255.0,1,1,0,0,1,1,1,1,0,0,1,1,1,1,1,1,0,1,0,0,1,0,0,0,1,1,1,1,0,0
AllocentricOP,4Cup,OP-STC-Allo-PCTB-4CupGridFar-G2FarRight-NA-0-NA.yml,GridLikeTasks,0,1,0,1,1,4,Blue,1,Far,Outer,3,2.0,0,0,0,1,56,1,0.0,0.0,255.0,1,1,0,0,1,1,1,1,0,1,1,1,0,0,1,1,0,0,0,0,1,1,0,0,1,1,1,1,0,0
AllocentricOP,4Cup,OP-STC-Allo-PCTB-4CupGridMid-G0.5CloseLeft-NA-0-NA.yml,GridLikeTasks,0,1,0,1,1,2,Blue,-1,Mid,Inner,3,0.5,0,0,0,1,32,1,0.0,0.0,255.0,1,1,0,0,1,1,1,1,1,1,0,0,1,1,1,1,0,1,0,0,1,1,0,0,1,1,1,0,0,0
AllocentricOP,4Cup,OP-STC-Allo-PCTB-4CupGridMid-G0.5CloseRight-NA-0-NA.yml,GridLikeTasks,0,1,0,1,1,2,Blue,1,Mid,Inner,3,0.5,0,0,0,1,32,1,0.0,0.0,255.0,1,1,0,0,1,1,1,1,0,1,0,1,1,1,1,1,0,1,0,0,1,0,0,0,1,0,1,1,0,0
AllocentricOP,4Cup,OP-STC-Allo-PCTB-4CupGridMid-G0.5FarLeft-NA-0-NA.yml,GridLikeTasks,0,1,0,1,1,3,Blue,-1,Mid,Outer,3,0.5,0,0,0,1,40,1,0.0,0.0,255.0,1,1,0,0,1,1,1,1,0,1,0,0,1,1,1,1,0,0,0,0,1,0,0,0,1,1,1,1,0,0
AllocentricOP,4Cup,OP-STC-Allo-PCTB-4CupGridMid-G0.5FarRight-NA-0-NA.yml,GridLikeTasks,0,1,0,1,1,3,Blue,1,Mid,Outer,3,0.5,0,0,0,1,40,1,0.0,0.0,255.0,1,1,0,0,1,0,1,1,0,0,0,1,0,1,1,1,0,0,0,0,1,1,0,0,1,0,1,1,0,0
AllocentricOP,4Cup,OP-STC-Allo-PCTB-4CupGridMid-G1.5CloseLeft-NA-0-NA.yml,GridLikeTasks,0,1,0,1,1,2,Blue,-1,Mid,Inner,3,1.5,0,0,0,1,32,1,0.0,0.0,255.0,1,0,1,0,1,1,1,1,1,1,0,1,0,1,1,1,0,1,0,0,1,0,0,0,1,1,1,1,0,0
AllocentricOP,4Cup,OP-STC-Allo-PCTB-4CupGridMid-G1.5CloseRight-NA-0-NA.yml,GridLikeTasks,0,1,0,1,1,2,Blue,1,Mid,Inner,3,1.5,0,0,0,1,32,1,0.0,0.0,255.0,1,0,0,0,1,0,1,1,0,1,1,1,0,0,1,1,0,1,0,0,1,1,0,0,1,1,1,1,0,0
AllocentricOP,4Cup,OP-STC-Allo-PCTB-4CupGridMid-G1.5FarLeft-NA-0-NA.yml,GridLikeTasks,0,1,0,1,1,3,Blue,-1,Mid,Outer,3,1.5,0,0,0,1,40,1,0.0,0.0,255.0,1,1,0,0,1,1,1,1,0,1,1,0,1,1,1,1,0,1,0,0,1,0,0,1,1,1,1,0,0,0
AllocentricOP,4Cup,OP-STC-Allo-PCTB-4CupGridMid-G1.5FarRight-NA-0-NA.yml,GridLikeTasks,0,1,0,1,1,3,Blue,1,Mid,Outer,3,1.5,0,0,0,1,40,1,0.0,0.0,255.0,1,0,0,0,1,1,1,1,1,1,1,1,0,1,1,1,0,0,0,0,1,1,0,0,1,1,1,0,0,0
AllocentricOP,4Cup,OP-STC-Allo-PCTB-4CupGridMid-G1CloseLeft-NA-0-NA.yml,GridLikeTasks,0,1,0,1,1,2,Blue,-1,Mid,Inner,3,1.0,0,0,0,1,32,1,0.0,0.0,255.0,1,1,0,0,0,1,1,1,0,0,1,1,1,0,1,1,0,1,0,0,1,1,0,0,1,1,1,1,0,0
AllocentricOP,4Cup,OP-STC-Allo-PCTB-4CupGridMid-G1CloseRight-NA-0-NA.yml,GridLikeTasks,0,1,0,1,1,2,Blue,1,Mid,Inner,3,1.0,0,0,0,1,32,1,0.0,0.0,255.0,1,1,0,0,1,1,1,1,0,0,0,1,1,0,1,1,0,1,0,0,1,1,0,0,1,1,1,0,0,0
AllocentricOP,4Cup,OP-STC-Allo-PCTB-4CupGridMid-G1FarLeft-NA-0-NA.yml,GridLikeTasks,0,1,0,1,1,3,Blue,-1,Mid,Outer,3,1.0,0,0,0,1,40,1,0.0,0.0,255.0,1,1,0,0,0,1,1,0,0,0,1,1,1,1,1,1,0,0,0,0,1,1,0,0,1,1,1,1,0,0
AllocentricOP,4Cup,OP-STC-Allo-PCTB-4CupGridMid-G1FarRight-NA-0-NA.yml,GridLikeTasks,0,1,0,1,1,3,Blue,1,Mid,Outer,3,1.0,0,0,0,1,40,1,0.0,0.0,255.0,1,1,0,0,1,1,1,1,0,1,0,1,0,1,1,1,0,1,0,1,1,0,0,0,1,1,1,1,0,0
AllocentricOP,4Cup,OP-STC-Allo-PCTB-4CupGridMid-G2CloseLeft-NA-0-NA.yml,GridLikeTasks,0,1,0,1,1,2,Blue,-1,Mid,Inner,3,2.0,0,0,0,1,32,1,0.0,0.0,255.0,1,0,0,0,1,1,1,1,0,1,0,0,1,1,1,1,0,1,0,0,1,0,0,0,1,1,1,1,0,0
AllocentricOP,4Cup,OP-STC-Allo-PCTB-4CupGridMid-G2CloseRight-NA-0-NA.yml,GridLikeTasks,0,1,0,1,1,2,Blue,1,Mid,Inner,3,2.0,0,0,0,1,32,1,0.0,0.0,255.0,1,0,0,0,1,1,1,1,0,0,1,1,0,0,1,1,1,1,0,0,1,1,0,0,1,1,1,1,0,0
AllocentricOP,4Cup,OP-STC-Allo-PCTB-4CupGridMid-G2FarLeft-NA-0-NA.yml,GridLikeTasks,0,1,0,1,1,3,Blue,-1,Mid,Outer,3,2.0,0,0,0,1,40,1,0.0,0.0,255.0,1,0,0,0,1,1,1,1,1,0,1,0,1,1,1,1,0,0,0,0,1,0,0,0,1,0,1,0,0,0
AllocentricOP,4Cup,OP-STC-Allo-PCTB-4CupGridMid-G2FarRight-NA-0-NA.yml,GridLikeTasks,0,1,0,1,1,3,Blue,1,Mid,Outer,3,2.0,0,0,0,1,40,1,0.0,0.0,255.0,1,0,1,0,1,1,1,1,0,1,0,1,0,1,1,1,0,1,0,0,1,0,0,0,1,1,1,1,0,0
AllocentricOP,8Cup,OP-STC-Allo-PCTB-8CupGridCloseFar-G0.5CloseLeftClose-NA-0-NA.yml,GridLikeTasks,0,1,0,1,1,1,Blue,-1,Close,Inner,7,0.5,0,0,0,1,16,1,0.0,0.0,255.0,1,1,0,0,1,1,1,1,0,1,0,0,1,1,1,1,1,1,0,0,1,1,0,0,1,1,1,0,0,0
AllocentricOP,8Cup,OP-STC-Allo-PCTB-8CupGridCloseFar-G0.5CloseLeftFar-NA-0-NA.yml,GridLikeTasks,0,1,0,1,1,2,Blue,-1,Far,Inner,7,0.5,0,0,0,1,48,1,0.0,0.0,255.0,1,1,0,0,1,1,1,1,0,1,1,1,1,1,1,1,0,1,0,0,1,1,0,0,1,1,1,1,0,0
AllocentricOP,8Cup,OP-STC-Allo-PCTB-8CupGridCloseFar-G0.5CloseRightClose-NA-0-NA.yml,GridLikeTasks,0,1,0,1,1,1,Blue,1,Close,Inner,7,0.5,0,0,0,1,16,1,0.0,0.0,255.0,1,1,0,0,1,1,1,1,0,0,0,0,1,1,1,1,1,1,0,0,1,0,0,0,1,0,1,1,0,0
AllocentricOP,8Cup,OP-STC-Allo-PCTB-8CupGridCloseFar-G0.5CloseRightFar-NA-0-NA.yml,GridLikeTasks,0,1,0,1,1,2,Blue,1,Far,Inner,7,0.5,0,0,0,1,48,1,0.0,0.0,255.0,1,1,0,0,0,0,1,0,0,0,0,1,0,1,1,1,0,1,0,0,1,0,0,0,1,1,1,1,0,0
AllocentricOP,8Cup,OP-STC-Allo-PCTB-8CupGridCloseFar-G0.5FarLeftClose-NA-0-NA.yml,GridLikeTasks,0,1,0,1,1,3,Blue,-1,Close,Outer,7,0.5,0,0,0,1,24,1,0.0,0.0,255.0,1,0,0,0,1,1,1,1,0,0,0,0,0,1,1,0,0,0,0,0,1,1,0,0,1,1,1,1,0,0
AllocentricOP,8Cup,OP-STC-Allo-PCTB-8CupGridCloseFar-G0.5FarLeftFar-NA-0-NA.yml,GridLikeTasks,0,1,0,1,1,4,Blue,-1,Far,Outer,7,0.5,0,0,0,1,56,1,0.0,0.0,255.0,1,0,0,0,1,1,1,1,0,0,0,1,1,1,1,1,0,0,0,0,1,1,0,0,1,0,1,0,0,0
AllocentricOP,8Cup,OP-STC-Allo-PCTB-8CupGridCloseFar-G0.5FarRightClose-NA-0-NA.yml,GridLikeTasks,0,1,0,1,1,3,Blue,1,Close,Outer,7,0.5,0,0,0,1,24,1,0.0,0.0,255.0,1,1,0,0,1,0,1,1,0,1,0,1,0,1,1,1,0,0,0,0,1,0,0,1,1,0,1,1,0,0
AllocentricOP,8Cup,OP-STC-Allo-PCTB-8CupGridCloseFar-G0.5FarRightFar-NA-0-NA.yml,GridLikeTasks,0,1,0,1,1,4,Blue,1,Far,Outer,7,0.5,0,0,0,1,56,1,0.0,0.0,255.0,1,0,0,0,1,1,1,1,0,1,0,0,0,1,1,1,0,0,0,0,1,1,0,1,1,1,1,1,0,0
AllocentricOP,8Cup,OP-STC-Allo-PCTB-8CupGridCloseFar-G1.5CloseLeftClose-NA-0-NA.yml,GridLikeTasks,0,1,0,1,1,1,Blue,-1,Close,Inner,7,1.5,0,0,0,1,16,1,0.0,0.0,255.0,1,1,0,0,1,1,1,1,0,1,1,0,1,1,1,1,1,1,0,0,1,0,0,0,1,0,1,1,0,0
AllocentricOP,8Cup,OP-STC-Allo-PCTB-8CupGridCloseFar-G1.5CloseLeftFar-NA-0-NA.yml,GridLikeTasks,0,1,0,1,1,2,Blue,-1,Far,Inner,7,1.5,0,0,0,1,48,1,0.0,0.0,255.0,1,0,0,0,1,1,1,1,0,1,0,1,1,1,1,1,0,0,0,0,1,1,0,0,1,1,1,1,0,0
AllocentricOP,8Cup,OP-STC-Allo-PCTB-8CupGridCloseFar-G1.5CloseRightClose-NA-0-NA.yml,GridLikeTasks,0,1,0,1,1,1,Blue,1,Close,Inner,7,1.5,0,0,0,1,16,1,0.0,0.0,255.0,1,1,0,0,1,1,1,0,0,1,0,1,1,1,1,1,1,1,0,0,1,1,0,0,1,1,1,1,0,0
AllocentricOP,8Cup,OP-STC-Allo-PCTB-8CupGridCloseFar-G1.5CloseRightFar-NA-0-NA.yml,GridLikeTasks,0,1,0,1,1,2,Blue,1,Far,Inner,7,1.5,0,0,0,1,48,1,0.0,0.0,255.0,1,1,0,0,1,1,1,1,0,0,1,1,0,1,1,1,0,1,0,0,1,0,0,0,1,0,1,0,0,0
AllocentricOP,8Cup,OP-STC-Allo-PCTB-8CupGridCloseFar-G1.5FarLeftClose-NA-0-NA.yml,GridLikeTasks,0,1,0,1,1,3,Blue,-1,Close,Outer,7,1.5,0,0,0,1,24,1,0.0,0.0,255.0,1,0,0,0,1,1,1,1,0,1,1,0,1,0,1,1,0,1,0,0,1,1,0,0,1,1,1,0,0,0
AllocentricOP,8Cup,OP-STC-Allo-PCTB-8CupGridCloseFar-G1.5FarLeftFar-NA-0-NA.yml,GridLikeTasks,0,1,0,1,1,4,Blue,-1,Far,Outer,7,1.5,0,0,0,1,56,1,0.0,0.0,255.0,1,1,0,0,1,1,1,1,0,1,0,1,1,1,1,1,0,0,0,0,1,1,0,0,1,1,1,0,0,0
AllocentricOP,8Cup,OP-STC-Allo-PCTB-8CupGridCloseFar-G1.5FarRightClose-NA-0-NA.yml,GridLikeTasks,0,1,0,1,1,3,Blue,1,Close,Outer,7,1.5,0,0,0,1,24,1,0.0,0.0,255.0,1,0,1,0,0,1,1,1,1,0,0,1,0,1,1,1,0,1,0,0,1,1,0,0,1,1,1,1,0,0
AllocentricOP,8Cup,OP-STC-Allo-PCTB-8CupGridCloseFar-G1.5FarRightFar-NA-0-NA.yml,GridLikeTasks,0,1,0,1,1,4,Blue,1,Far,Outer,7,1.5,0,0,0,1,56,1,0.0,0.0,255.0,1,1,0,0,1,1,1,1,0,1,0,1,0,1,1,1,0,1,0,0,1,0,0,0,1,1,1,1,0,0
AllocentricOP,8Cup,OP-STC-Allo-PCTB-8CupGridCloseFar-G1CloseLeftClose-NA-0-NA.yml,GridLikeTasks,0,1,0,1,1,1,Blue,-1,Close,Inner,7,1.0,0,0,0,1,16,1,0.0,0.0,255.0,1,1,0,0,1,1,1,1,0,1,1,0,1,1,1,1,1,0,0,0,1,1,0,0,1,1,1,0,0,0
AllocentricOP,8Cup,OP-STC-Allo-PCTB-8CupGridCloseFar-G1CloseLeftFar-NA-0-NA.yml,GridLikeTasks,0,1,0,1,1,2,Blue,-1,Far,Inner,7,1.0,0,0,0,1,48,1,0.0,0.0,255.0,1,0,0,0,1,1,1,1,0,1,0,1,1,1,1,1,0,1,0,0,1,1,0,0,1,0,1,1,0,0
AllocentricOP,8Cup,OP-STC-Allo-PCTB-8CupGridCloseFar-G1CloseRightClose-NA-0-NA.yml,GridLikeTasks,0,1,0,1,1,1,Blue,1,Close,Inner,7,1.0,0,0,0,1,16,1,0.0,0.0,255.0,1,1,0,0,1,0,1,1,0,1,0,1,0,1,1,1,1,1,0,0,1,1,0,1,1,1,1,1,0,0
AllocentricOP,8Cup,OP-STC-Allo-PCTB-8CupGridCloseFar-G1CloseRightFar-NA-0-NA.yml,GridLikeTasks,0,1,0,1,1,2,Blue,1,Far,Inner,7,1.0,0,0,0,1,48,1,0.0,0.0,255.0,1,1,1,0,1,1,1,1,0,1,0,1,0,1,1,1,0,0,0,0,1,1,0,0,1,1,1,1,0,0
AllocentricOP,8Cup,OP-STC-Allo-PCTB-8CupGridCloseFar-G1FarLeftClose-NA-0-NA.yml,GridLikeTasks,0,1,0,1,1,3,Blue,-1,Close,Outer,7,1.0,0,0,0,1,24,1,0.0,0.0,255.0,1,0,0,0,0,1,1,1,0,1,0,0,1,1,1,1,0,1,0,0,1,1,0,0,1,1,1,1,0,0
AllocentricOP,8Cup,OP-STC-Allo-PCTB-8CupGridCloseFar-G1FarLeftFar-NA-0-NA.yml,GridLikeTasks,0,1,0,1,1,4,Blue,-1,Far,Outer,7,1.0,0,0,0,1,56,1,0.0,0.0,255.0,1,1,0,0,1,1,1,1,0,0,0,1,1,1,1,1,0,0,0,0,1,1,0,0,1,1,1,1,0,0
AllocentricOP,8Cup,OP-STC-Allo-PCTB-8CupGridCloseFar-G1FarRightClose-NA-0-NA.yml,GridLikeTasks,0,1,0,1,1,3,Blue,1,Close,Outer,7,1.0,0,0,0,1,24,1,0.0,0.0,255.0,1,0,0,0,1,1,1,1,0,0,0,1,0,0,1,1,0,0,0,0,1,0,0,0,1,1,1,1,0,0
AllocentricOP,8Cup,OP-STC-Allo-PCTB-8CupGridCloseFar-G1FarRightFar-NA-0-NA.yml,GridLikeTasks,0,1,0,1,1,4,Blue,1,Far,Outer,7,1.0,0,0,0,1,56,1,0.0,0.0,255.0,1,1,0,0,0,1,1,1,0,0,1,0,0,0,1,1,0,1,0,0,1,1,0,0,1,0,1,0,0,0
AllocentricOP,8Cup,OP-STC-Allo-PCTB-8CupGridCloseFar-G2CloseLeftClose-NA-0-NA.yml,GridLikeTasks,0,1,0,1,1,1,Blue,-1,Close,Inner,7,2.0,0,0,0,1,16,1,0.0,0.0,255.0,1,0,0,0,1,1,1,1,0,1,1,0,1,1,1,1,1,1,0,0,1,1,0,0,1,1,1,1,0,0
AllocentricOP,8Cup,OP-STC-Allo-PCTB-8CupGridCloseFar-G2CloseLeftFar-NA-0-NA.yml,GridLikeTasks,0,1,0,1,1,2,Blue,-1,Far,Inner,7,2.0,0,0,0,1,48,1,0.0,0.0,255.0,1,0,0,0,1,1,1,1,0,1,1,1,1,1,1,0,0,1,0,0,1,0,0,0,1,1,1,1,0,1
AllocentricOP,8Cup,OP-STC-Allo-PCTB-8CupGridCloseFar-G2CloseRightClose-NA-0-NA.yml,GridLikeTasks,0,1,0,1,1,1,Blue,1,Close,Inner,7,2.0,0,0,0,1,16,1,0.0,0.0,255.0,1,1,0,0,1,1,0,1,0,1,1,1,0,1,1,1,1,0,0,0,1,1,0,0,1,1,1,1,0,0
AllocentricOP,8Cup,OP-STC-Allo-PCTB-8CupGridCloseFar-G2CloseRightFar-NA-0-NA.yml,GridLikeTasks,0,1,0,1,1,2,Blue,1,Far,Inner,7,2.0,0,0,0,1,48,1,0.0,0.0,255.0,1,1,1,1,1,1,1,1,0,1,1,0,0,1,1,1,0,0,0,0,1,1,0,0,1,1,1,1,0,0
AllocentricOP,8Cup,OP-STC-Allo-PCTB-8CupGridCloseFar-G2FarLeftClose-NA-0-NA.yml,GridLikeTasks,0,1,0,1,1,3,Blue,-1,Close,Outer,7,2.0,0,0,0,1,24,1,0.0,0.0,255.0,1,0,0,0,0,0,1,0,0,1,0,1,1,1,1,1,0,1,0,0,1,0,0,0,1,1,1,1,0,0
AllocentricOP,8Cup,OP-STC-Allo-PCTB-8CupGridCloseFar-G2FarLeftFar-NA-0-NA.yml,GridLikeTasks,0,1,0,1,1,4,Blue,-1,Far,Outer,7,2.0,0,0,0,1,56,1,0.0,0.0,255.0,1,1,0,0,1,1,1,1,0,0,1,1,1,0,1,1,0,0,0,0,1,1,0,0,1,0,1,0,0,0
AllocentricOP,8Cup,OP-STC-Allo-PCTB-8CupGridCloseFar-G2FarRightClose-NA-0-NA.yml,GridLikeTasks,0,1,0,1,1,3,Blue,1,Close,Outer,7,2.0,0,0,0,1,24,1,0.0,0.0,255.0,1,0,0,0,0,0,1,1,0,0,1,1,0,1,1,1,0,0,0,0,1,1,0,0,1,1,1,0,0,0
AllocentricOP,8Cup,OP-STC-Allo-PCTB-8CupGridCloseFar-G2FarRightFar-NA-0-NA.yml,GridLikeTasks,0,1,0,1,1,4,Blue,1,Far,Outer,7,2.0,0,0,0,1,56,1,0.0,0.0,255.0,1,1,0,0,1,1,1,1,0,0,0,1,0,0,1,1,0,0,0,0,1,1,0,1,1,0,1,1,0,0
AllocentricOP,8Cup,OP-STC-Allo-PCTB-8CupGridCloseMid-G0.5CloseLeftClose-NA-0-NA.yml,GridLikeTasks,0,1,0,1,1,1,Blue,-1,Close,Inner,7,0.5,0,0,0,1,16,1,0.0,0.0,255.0,1,0,0,0,1,1,1,1,0,1,0,1,1,1,1,1,1,0,0,0,1,0,0,1,1,1,1,1,0,0
AllocentricOP,8Cup,OP-STC-Allo-PCTB-8CupGridCloseMid-G0.5CloseLeftFar-NA-0-NA.yml,GridLikeTasks,0,1,0,1,1,2,Blue,-1,Mid,Inner,7,0.5,0,0,0,1,32,1,0.0,0.0,255.0,1,1,0,0,1,1,1,1,0,1,0,0,1,0,1,1,1,1,0,0,1,0,0,0,1,1,1,1,0,0
AllocentricOP,8Cup,OP-STC-Allo-PCTB-8CupGridCloseMid-G0.5CloseRightClose-NA-0-NA.yml,GridLikeTasks,0,1,0,1,1,1,Blue,1,Close,Inner,7,0.5,0,0,0,1,16,1,0.0,0.0,255.0,1,1,0,0,0,0,1,1,0,1,0,1,0,1,1,1,1,1,0,0,1,0,0,0,1,1,1,0,0,0
AllocentricOP,8Cup,OP-STC-Allo-PCTB-8CupGridCloseMid-G0.5CloseRightFar-NA-0-NA.yml,GridLikeTasks,0,1,0,1,1,2,Blue,1,Mid,Inner,7,0.5,0,0,0,1,32,1,0.0,0.0,255.0,1,1,0,0,1,1,1,1,0,1,0,1,1,1,1,1,0,0,0,1,1,1,0,0,1,0,1,1,0,0
AllocentricOP,8Cup,OP-STC-Allo-PCTB-8CupGridCloseMid-G0.5FarLeftClose-NA-0-NA.yml,GridLikeTasks,0,1,0,1,1,2,Blue,-1,Close,Outer,7,0.5,0,0,0,1,24,1,0.0,0.0,255.0,1,0,0,0,0,1,1,1,0,1,0,0,1,1,1,1,0,1,0,0,1,0,0,1,1,1,1,1,0,1
AllocentricOP,8Cup,OP-STC-Allo-PCTB-8CupGridCloseMid-G0.5FarLeftFar-NA-0-NA.yml,GridLikeTasks,0,1,0,1,1,3,Blue,-1,Mid,Outer,7,0.5,0,0,0,1,40,1,0.0,0.0,255.0,1,1,0,0,1,1,1,1,0,1,0,0,1,1,1,1,0,1,0,1,1,0,0,0,1,1,1,1,0,0
AllocentricOP,8Cup,OP-STC-Allo-PCTB-8CupGridCloseMid-G0.5FarRightClose-NA-0-NA.yml,GridLikeTasks,0,1,0,1,1,2,Blue,1,Close,Outer,7,0.5,0,0,0,1,24,1,0.0,0.0,255.0,1,1,0,0,1,1,1,1,1,0,0,1,0,0,1,1,0,1,0,0,1,1,0,0,1,1,1,1,0,0
AllocentricOP,8Cup,OP-STC-Allo-PCTB-8CupGridCloseMid-G0.5FarRightFar-NA-0-NA.yml,GridLikeTasks,0,1,0,1,1,3,Blue,1,Mid,Outer,7,0.5,0,0,0,1,40,1,0.0,0.0,255.0,1,1,0,0,1,1,1,1,1,1,0,1,0,1,1,1,0,0,0,0,1,1,0,0,1,1,1,1,0,0
AllocentricOP,8Cup,OP-STC-Allo-PCTB-8CupGridCloseMid-G1.5CloseLeftClose-NA-0-NA.yml,GridLikeTasks,0,1,0,1,1,1,Blue,-1,Close,Inner,7,1.5,0,0,0,1,16,1,0.0,0.0,255.0,1,1,0,0,1,1,0,1,0,0,0,0,1,1,1,1,1,1,0,0,1,1,0,0,1,1,1,1,0,0
AllocentricOP,8Cup,OP-STC-Allo-PCTB-8CupGridCloseMid-G1.5CloseLeftFar-NA-0-NA.yml,GridLikeTasks,0,1,0,1,1,2,Blue,-1,Mid,Inner,7,1.5,0,0,0,1,32,1,0.0,0.0,255.0,1,0,0,0,1,1,1,1,0,0,1,0,1,0,1,1,0,0,0,0,1,0,0,0,1,1,1,1,0,0
AllocentricOP,8Cup,OP-STC-Allo-PCTB-8CupGridCloseMid-G1.5CloseRightClose-NA-0-NA.yml,GridLikeTasks,0,1,0,1,1,1,Blue,1,Close,Inner,7,1.5,0,0,0,1,16,1,0.0,0.0,255.0,1,1,1,0,1,1,1,1,1,0,0,1,1,1,1,1,1,0,0,0,1,1,0,0,1,1,1,1,0,0
AllocentricOP,8Cup,OP-STC-Allo-PCTB-8CupGridCloseMid-G1.5CloseRightFar-NA-0-NA.yml,GridLikeTasks,0,1,0,1,1,2,Blue,1,Mid,Inner,7,1.5,0,0,0,1,32,1,0.0,0.0,255.0,1,1,0,0,1,1,1,1,0,1,0,1,0,1,1,1,0,1,0,0,1,1,0,0,1,1,1,1,0,0
AllocentricOP,8Cup,OP-STC-Allo-PCTB-8CupGridCloseMid-G1.5FarLeftClose-NA-0-NA.yml,GridLikeTasks,0,1,0,1,1,2,Blue,-1,Close,Outer,7,1.5,0,0,0,1,24,1,0.0,0.0,255.0,1,1,0,0,1,1,1,1,0,1,0,0,0,1,1,1,0,1,0,0,1,1,0,0,1,1,1,1,0,0
AllocentricOP,8Cup,OP-STC-Allo-PCTB-8CupGridCloseMid-G1.5FarLeftFar-NA-0-NA.yml,GridLikeTasks,0,1,0,1,1,3,Blue,-1,Mid,Outer,7,1.5,0,0,0,1,40,1,0.0,0.0,255.0,1,1,0,0,1,1,1,1,0,1,1,0,1,1,1,1,0,1,0,0,1,1,0,0,1,0,1,1,0,0
AllocentricOP,8Cup,OP-STC-Allo-PCTB-8CupGridCloseMid-G1.5FarRightClose-NA-0-NA.yml,GridLikeTasks,0,1,0,1,1,2,Blue,1,Close,Outer,7,1.5,0,0,0,1,24,1,0.0,0.0,255.0,1,0,0,0,1,1,1,1,1,1,1,0,0,0,1,1,0,0,0,0,1,1,0,1,1,1,1,1,0,0
AllocentricOP,8Cup,OP-STC-Allo-PCTB-8CupGridCloseMid-G1.5FarRightFar-NA-0-NA.yml,GridLikeTasks,0,1,0,1,1,3,Blue,1,Mid,Outer,7,1.5,0,0,0,1,40,1,0.0,0.0,255.0,1,1,0,0,1,1,1,1,0,1,1,1,0,1,1,1,0,1,0,1,1,1,0,0,1,1,1,1,0,0
AllocentricOP,8Cup,OP-STC-Allo-PCTB-8CupGridCloseMid-G1CloseLeftClose-NA-0-NA.yml,GridLikeTasks,0,1,0,1,1,1,Blue,-1,Close,Inner,7,1.0,0,0,0,1,16,1,0.0,0.0,255.0,1,0,0,0,1,1,1,1,0,1,0,0,1,1,1,1,1,1,0,0,1,1,0,0,1,1,1,1,0,0
AllocentricOP,8Cup,OP-STC-Allo-PCTB-8CupGridCloseMid-G1CloseLeftFar-NA-0-NA.yml,GridLikeTasks,0,1,0,1,1,2,Blue,-1,Mid,Inner,7,1.0,0,0,0,1,32,1,0.0,0.0,255.0,1,1,1,0,1,1,1,1,0,0,0,1,0,0,1,1,0,0,0,0,1,1,0,0,1,1,1,1,0,0
AllocentricOP,8Cup,OP-STC-Allo-PCTB-8CupGridCloseMid-G1CloseRightClose-NA-0-NA.yml,GridLikeTasks,0,1,0,1,1,1,Blue,1,Close,Inner,7,1.0,0,0,0,1,16,1,0.0,0.0,255.0,1,1,0,0,0,1,1,1,1,1,1,1,0,1,1,1,1,1,0,1,1,1,0,0,1,1,1,1,0,1
AllocentricOP,8Cup,OP-STC-Allo-PCTB-8CupGridCloseMid-G1CloseRightFar-NA-0-NA.yml,GridLikeTasks,0,1,0,1,1,2,Blue,1,Mid,Inner,7,1.0,0,0,0,1,32,1,0.0,0.0,255.0,1,1,0,0,1,1,1,1,0,1,0,1,0,0,1,1,0,1,0,0,1,1,0,0,1,1,1,1,0,0
AllocentricOP,8Cup,OP-STC-Allo-PCTB-8CupGridCloseMid-G1FarLeftClose-NA-0-NA.yml,GridLikeTasks,0,1,0,1,1,2,Blue,-1,Close,Outer,7,1.0,0,0,0,1,24,1,0.0,0.0,255.0,1,1,0,0,1,1,1,1,0,0,0,0,1,1,1,0,0,1,0,0,1,0,0,0,1,1,1,1,0,0
AllocentricOP,8Cup,OP-STC-Allo-PCTB-8CupGridCloseMid-G1FarLeftFar-NA-0-NA.yml,GridLikeTasks,0,1,0,1,1,3,Blue,-1,Mid,Outer,7,1.0,0,0,0,1,40,1,0.0,0.0,255.0,1,0,0,0,1,1,1,1,0,0,0,0,1,1,1,1,0,1,0,0,1,1,0,1,1,0,1,1,0,0
AllocentricOP,8Cup,OP-STC-Allo-PCTB-8CupGridCloseMid-G1FarRightClose-NA-0-NA.yml,GridLikeTasks,0,1,0,1,1,2,Blue,1,Close,Outer,7,1.0,0,0,0,1,24,1,0.0,0.0,255.0,1,1,0,0,0,1,1,1,0,1,0,1,0,1,1,1,0,0,0,0,1,0,0,0,1,1,1,1,0,0
AllocentricOP,8Cup,OP-STC-Allo-PCTB-8CupGridCloseMid-G1FarRightFar-NA-0-NA.yml,GridLikeTasks,0,1,0,1,1,3,Blue,1,Mid,Outer,7,1.0,0,0,0,1,40,1,0.0,0.0,255.0,1,0,0,0,1,1,1,1,1,1,0,1,0,1,1,1,0,1,0,0,1,1,0,0,1,1,1,1,0,0
AllocentricOP,8Cup,OP-STC-Allo-PCTB-8CupGridCloseMid-G2CloseLeftClose-NA-0-NA.yml,GridLikeTasks,0,1,0,1,1,1,Blue,-1,Close,Inner,7,2.0,0,0,0,1,16,1,0.0,0.0,255.0,1,1,0,0,1,1,1,1,0,1,1,1,1,1,1,1,1,0,0,0,1,1,0,0,1,1,1,1,0,0
AllocentricOP,8Cup,OP-STC-Allo-PCTB-8CupGridCloseMid-G2CloseLeftFar-NA-0-NA.yml,GridLikeTasks,0,1,0,1,1,2,Blue,-1,Mid,Inner,7,2.0,0,0,0,1,32,1,0.0,0.0,255.0,1,1,0,0,0,1,1,1,0,1,1,0,1,0,1,1,0,0,0,0,1,0,0,0,1,1,1,1,0,0
AllocentricOP,8Cup,OP-STC-Allo-PCTB-8CupGridCloseMid-G2CloseRightClose-NA-0-NA.yml,GridLikeTasks,0,1,0,1,1,1,Blue,1,Close,Inner,7,2.0,0,0,0,1,16,1,0.0,0.0,255.0,1,0,0,0,1,1,0,1,0,0,1,0,1,1,1,1,1,0,0,0,1,0,0,0,1,0,1,1,0,1
AllocentricOP,8Cup,OP-STC-Allo-PCTB-8CupGridCloseMid-G2CloseRightFar-NA-0-NA.yml,GridLikeTasks,0,1,0,1,1,2,Blue,1,Mid,Inner,7,2.0,0,0,0,1,32,1,0.0,0.0,255.0,1,1,0,0,1,1,1,1,0,1,1,1,0,0,1,1,0,0,0,1,1,0,0,0,1,0,1,1,0,0
AllocentricOP,8Cup,OP-STC-Allo-PCTB-8CupGridCloseMid-G2FarLeftClose-NA-0-NA.yml,GridLikeTasks,0,1,0,1,1,2,Blue,-1,Close,Outer,7,2.0,0,0,0,1,24,1,0.0,0.0,255.0,1,1,0,0,1,1,1,1,0,1,1,1,1,0,1,1,0,0,0,0,1,1,0,0,1,1,1,1,0,0
AllocentricOP,8Cup,OP-STC-Allo-PCTB-8CupGridCloseMid-G2FarLeftFar-NA-0-NA.yml,GridLikeTasks,0,1,0,1,1,3,Blue,-1,Mid,Outer,7,2.0,0,0,0,1,40,1,0.0,0.0,255.0,1,1,0,0,1,1,1,1,0,1,1,0,1,1,1,1,0,0,0,0,1,0,0,0,1,1,1,1,0,0
AllocentricOP,8Cup,OP-STC-Allo-PCTB-8CupGridCloseMid-G2FarRightClose-NA-0-NA.yml,GridLikeTasks,0,1,0,1,1,2,Blue,1,Close,Outer,7,2.0,0,0,0,1,24,1,0.0,0.0,255.0,1,0,0,0,1,1,1,1,0,1,1,1,0,1,1,1,0,0,0,0,1,1,0,0,1,1,1,0,0,0
AllocentricOP,8Cup,OP-STC-Allo-PCTB-8CupGridCloseMid-G2FarRightFar-NA-0-NA.yml,GridLikeTasks,0,1,0,1,1,3,Blue,1,Mid,Outer,7,2.0,0,0,0,1,40,1,0.0,0.0,255.0,1,1,0,0,1,0,1,1,0,0,1,1,0,1,1,1,0,1,0,0,1,1,0,0,1,0,1,1,0,0
AllocentricOP,8Cup,OP-STC-Allo-PCTB-8CupGridMidFar-G0.5CloseLeftClose-NA-0-NA.yml,GridLikeTasks,0,1,0,1,1,2,Blue,-1,Mid,Inner,7,0.5,0,0,0,1,32,1,0.0,0.0,255.0,1,1,0,0,1,0,1,1,1,1,0,1,1,0,1,1,0,1,0,0,1,1,0,0,1,1,1,1,0,0
AllocentricOP,8Cup,OP-STC-Allo-PCTB-8CupGridMidFar-G0.5CloseLeftFar-NA-0-NA.yml,GridLikeTasks,0,1,0,1,1,3,Blue,-1,Far,Inner,7,0.5,0,0,0,1,48,1,0.0,0.0,255.0,1,1,0,0,1,1,1,1,0,0,0,0,1,0,1,1,0,1,0,0,1,1,0,0,1,1,1,0,0,0
AllocentricOP,8Cup,OP-STC-Allo-PCTB-8CupGridMidFar-G0.5CloseRightClose-NA-0-NA.yml,GridLikeTasks,0,1,0,1,1,2,Blue,1,Mid,Inner,7,0.5,0,0,0,1,32,1,0.0,0.0,255.0,1,1,0,0,1,1,1,1,1,0,0,1,0,1,1,1,0,0,0,0,1,1,0,0,1,1,1,0,0,0
AllocentricOP,8Cup,OP-STC-Allo-PCTB-8CupGridMidFar-G0.5CloseRightFar-NA-0-NA.yml,GridLikeTasks,0,1,0,1,1,3,Blue,1,Far,Inner,7,0.5,0,0,0,1,48,1,0.0,0.0,255.0,1,0,0,0,1,1,1,1,0,0,0,1,0,1,1,1,0,1,0,0,1,1,0,0,1,1,1,1,0,0
AllocentricOP,8Cup,OP-STC-Allo-PCTB-8CupGridMidFar-G0.5FarLeftClose-NA-0-NA.yml,GridLikeTasks,0,1,0,1,1,3,Blue,-1,Mid,Outer,7,0.5,0,0,0,1,40,1,0.0,0.0,255.0,1,0,0,0,1,1,1,1,0,1,1,1,1,1,1,1,0,1,0,0,1,0,0,0,1,1,1,1,0,0
AllocentricOP,8Cup,OP-STC-Allo-PCTB-8CupGridMidFar-G0.5FarLeftFar-NA-0-NA.yml,GridLikeTasks,0,1,0,1,1,4,Blue,-1,Far,Outer,7,0.5,0,0,0,1,56,1,0.0,0.0,255.0,1,1,0,0,1,1,1,0,0,1,0,1,0,0,1,1,0,1,0,0,1,0,0,0,1,1,1,1,0,0
AllocentricOP,8Cup,OP-STC-Allo-PCTB-8CupGridMidFar-G0.5FarRightClose-NA-0-NA.yml,GridLikeTasks,0,1,0,1,1,3,Blue,1,Mid,Outer,7,0.5,0,0,0,1,40,1,0.0,0.0,255.0,1,1,0,0,1,1,1,0,0,1,0,1,1,0,1,1,0,1,0,0,1,1,0,0,1,1,1,1,0,0
AllocentricOP,8Cup,OP-STC-Allo-PCTB-8CupGridMidFar-G0.5FarRightFar-NA-0-NA.yml,GridLikeTasks,0,1,0,1,1,4,Blue,1,Far,Outer,7,0.5,0,0,0,1,56,1,0.0,0.0,255.0,1,1,0,0,0,1,1,1,1,1,0,1,0,1,1,1,0,1,0,0,1,1,0,0,1,1,1,1,0,0
AllocentricOP,8Cup,OP-STC-Allo-PCTB-8CupGridMidFar-G1.5CloseLeftClose-NA-0-NA.yml,GridLikeTasks,0,1,0,1,1,2,Blue,-1,Mid,Inner,7,1.5,0,0,0,1,32,1,0.0,0.0,255.0,1,0,0,0,1,1,1,1,0,1,0,0,1,1,1,1,0,1,0,0,1,1,0,1,1,1,1,1,0,0
AllocentricOP,8Cup,OP-STC-Allo-PCTB-8CupGridMidFar-G1.5CloseLeftFar-NA-0-NA.yml,GridLikeTasks,0,1,0,1,1,3,Blue,-1,Far,Inner,7,1.5,0,0,0,1,48,1,0.0,0.0,255.0,1,1,0,0,1,1,1,1,0,0,1,0,0,1,1,1,0,0,0,1,1,1,0,0,1,1,1,1,0,0
AllocentricOP,8Cup,OP-STC-Allo-PCTB-8CupGridMidFar-G1.5CloseRightClose-NA-0-NA.yml,GridLikeTasks,0,1,0,1,1,2,Blue,1,Mid,Inner,7,1.5,0,0,0,1,32,1,0.0,0.0,255.0,1,0,0,0,1,1,0,1,0,1,1,1,1,1,1,1,0,1,0,0,1,1,0,0,1,1,1,1,0,1
AllocentricOP,8Cup,OP-STC-Allo-PCTB-8CupGridMidFar-G1.5CloseRightFar-NA-0-NA.yml,GridLikeTasks,0,1,0,1,1,3,Blue,1,Far,Inner,7,1.5,0,0,0,1,48,1,0.0,0.0,255.0,1,0,0,0,1,1,1,1,1,1,1,1,0,1,1,1,0,0,0,0,1,1,0,0,1,1,1,1,0,0
AllocentricOP,8Cup,OP-STC-Allo-PCTB-8CupGridMidFar-G1.5FarLeftClose-NA-0-NA.yml,GridLikeTasks,0,1,0,1,1,3,Blue,-1,Mid,Outer,7,1.5,0,0,0,1,40,1,0.0,0.0,255.0,1,0,0,0,1,1,1,1,0,1,1,1,1,1,1,1,0,0,0,0,1,1,0,0,1,0,1,1,0,0
AllocentricOP,8Cup,OP-STC-Allo-PCTB-8CupGridMidFar-G1.5FarLeftFar-NA-0-NA.yml,GridLikeTasks,0,1,0,1,1,4,Blue,-1,Far,Outer,7,1.5,0,0,0,1,56,1,0.0,0.0,255.0,1,0,0,0,1,1,1,1,0,1,0,0,1,0,1,1,0,1,0,0,1,0,0,1,1,1,1,1,0,1
AllocentricOP,8Cup,OP-STC-Allo-PCTB-8CupGridMidFar-G1.5FarRightClose-NA-0-NA.yml,GridLikeTasks,0,1,0,1,1,3,Blue,1,Mid,Outer,7,1.5,0,0,0,1,40,1,0.0,0.0,255.0,1,0,0,0,1,1,1,1,0,1,1,1,1,1,1,1,1,0,0,0,1,0,0,0,1,1,1,1,0,0
AllocentricOP,8Cup,OP-STC-Allo-PCTB-8CupGridMidFar-G1.5FarRightFar-NA-0-NA.yml,GridLikeTasks,0,1,0,1,1,4,Blue,1,Far,Outer,7,1.5,0,0,0,1,56,1,0.0,0.0,255.0,1,1,1,0,1,1,1,1,1,0,0,0,0,1,1,1,0,0,0,0,1,0,0,0,1,1,1,1,0,0
AllocentricOP,8Cup,OP-STC-Allo-PCTB-8CupGridMidFar-G1CloseLeftClose-NA-0-NA.yml,GridLikeTasks,0,1,0,1,1,2,Blue,-1,Mid,Inner,7,1.0,0,0,0,1,32,1,0.0,0.0,255.0,1,1,0,0,1,1,1,1,0,1,0,0,1,1,1,1,0,0,0,0,1,1,0,0,1,1,1,1,0,0
AllocentricOP,8Cup,OP-STC-Allo-PCTB-8CupGridMidFar-G1CloseLeftFar-NA-0-NA.yml,GridLikeTasks,0,1,0,1,1,3,Blue,-1,Far,Inner,7,1.0,0,0,0,1,48,1,0.0,0.0,255.0,1,1,0,0,1,1,1,1,0,0,0,1,1,1,1,1,0,0,0,0,1,1,0,0,1,1,1,1,0,0
AllocentricOP,8Cup,OP-STC-Allo-PCTB-8CupGridMidFar-G1CloseRightClose-NA-0-NA.yml,GridLikeTasks,0,1,0,1,1,2,Blue,1,Mid,Inner,7,1.0,0,0,0,1,32,1,0.0,0.0,255.0,1,0,0,0,1,1,1,1,0,1,0,1,1,0,1,1,1,1,0,0,1,1,0,1,1,1,1,1,0,0
AllocentricOP,8Cup,OP-STC-Allo-PCTB-8CupGridMidFar-G1CloseRightFar-NA-0-NA.yml,GridLikeTasks,0,1,0,1,1,3,Blue,1,Far,Inner,7,1.0,0,0,0,1,48,1,0.0,0.0,255.0,1,1,0,1,1,1,1,1,0,1,0,1,1,1,1,1,0,1,0,0,1,1,0,0,1,1,1,1,0,0
AllocentricOP,8Cup,OP-STC-Allo-PCTB-8CupGridMidFar-G1FarLeftClose-NA-0-NA.yml,GridLikeTasks,0,1,0,1,1,3,Blue,-1,Mid,Outer,7,1.0,0,0,0,1,40,1,0.0,0.0,255.0,1,1,1,0,1,1,1,1,1,1,1,1,1,1,1,1,0,0,0,1,1,1,0,0,1,0,1,1,0,0
AllocentricOP,8Cup,OP-STC-Allo-PCTB-8CupGridMidFar-G1FarLeftFar-NA-0-NA.yml,GridLikeTasks,0,1,0,1,1,4,Blue,-1,Far,Outer,7,1.0,0,0,0,1,56,1,0.0,0.0,255.0,1,1,0,0,1,1,1,1,1,0,0,0,1,1,1,1,0,0,0,0,1,1,0,0,1,0,1,1,0,0
AllocentricOP,8Cup,OP-STC-Allo-PCTB-8CupGridMidFar-G1FarRightClose-NA-0-NA.yml,GridLikeTasks,0,1,0,1,1,3,Blue,1,Mid,Outer,7,1.0,0,0,0,1,40,1,0.0,0.0,255.0,1,1,0,0,1,1,1,1,0,1,0,1,0,1,1,1,0,0,0,1,1,0,0,0,1,1,1,0,0,0
AllocentricOP,8Cup,OP-STC-Allo-PCTB-8CupGridMidFar-G1FarRightFar-NA-0-NA.yml,GridLikeTasks,0,1,0,1,1,4,Blue,1,Far,Outer,7,1.0,0,0,0,1,56,1,0.0,0.0,255.0,1,1,1,0,1,1,1,1,0,1,1,1,1,0,1,1,0,0,0,1,1,1,0,0,1,1,1,1,0,0
AllocentricOP,8Cup,OP-STC-Allo-PCTB-8CupGridMidFar-G2CloseLeftClose-NA-0-NA.yml,GridLikeTasks,0,1,0,1,1,2,Blue,-1,Mid,Inner,7,2.0,0,0,0,1,32,1,0.0,0.0,255.0,1,1,0,0,1,1,1,1,0,0,0,0,1,0,1,1,0,0,0,0,1,0,0,0,1,1,1,1,0,0
AllocentricOP,8Cup,OP-STC-Allo-PCTB-8CupGridMidFar-G2CloseLeftFar-NA-0-NA.yml,GridLikeTasks,0,1,0,1,1,3,Blue,-1,Far,Inner,7,2.0,0,0,0,1,48,1,0.0,0.0,255.0,1,1,0,0,1,1,1,0,0,0,1,0,1,1,1,1,0,1,0,0,1,1,0,1,1,1,1,1,0,0
AllocentricOP,8Cup,OP-STC-Allo-PCTB-8CupGridMidFar-G2CloseRightClose-NA-0-NA.yml,GridLikeTasks,0,1,0,1,1,2,Blue,1,Mid,Inner,7,2.0,0,0,0,1,32,1,0.0,0.0,255.0,1,1,0,0,1,1,1,1,0,1,1,1,0,0,1,1,0,1,0,0,1,1,0,0,1,1,1,1,0,0
AllocentricOP,8Cup,OP-STC-Allo-PCTB-8CupGridMidFar-G2CloseRightFar-NA-0-NA.yml,GridLikeTasks,0,1,0,1,1,3,Blue,1,Far,Inner,7,2.0,0,0,0,1,48,1,0.0,0.0,255.0,1,1,1,0,1,1,1,1,0,1,0,1,0,0,1,1,0,1,0,0,1,1,0,0,1,1,1,1,0,0
AllocentricOP,8Cup,OP-STC-Allo-PCTB-8CupGridMidFar-G2FarLeftClose-NA-0-NA.yml,GridLikeTasks,0,1,0,1,1,3,Blue,-1,Mid,Outer,7,2.0,0,0,0,1,40,1,0.0,0.0,255.0,1,0,0,0,1,1,1,1,0,0,1,0,1,1,1,1,1,1,0,0,1,1,0,0,1,1,1,0,0,1
AllocentricOP,8Cup,OP-STC-Allo-PCTB-8CupGridMidFar-G2FarLeftFar-NA-0-NA.yml,GridLikeTasks,0,1,0,1,1,4,Blue,-1,Far,Outer,7,2.0,0,0,0,1,56,1,0.0,0.0,255.0,1,1,0,0,1,1,1,0,0,1,0,0,1,0,1,1,0,0,0,1,1,1,0,0,1,0,1,0,0,0
AllocentricOP,8Cup,OP-STC-Allo-PCTB-8CupGridMidFar-G2FarRightClose-NA-0-NA.yml,GridLikeTasks,0,1,0,1,1,3,Blue,1,Mid,Outer,7,2.0,0,0,0,1,40,1,0.0,0.0,255.0,1,1,0,0,0,0,1,1,0,0,1,1,0,1,1,1,1,1,0,1,1,0,0,0,1,1,1,0,0,0
AllocentricOP,8Cup,OP-STC-Allo-PCTB-8CupGridMidFar-G2FarRightFar-NA-0-NA.yml,GridLikeTasks,0,1,0,1,1,4,Blue,1,Far,Outer,7,2.0,0,0,0,1,56,1,0.0,0.0,255.0,1,0,0,0,1,1,1,1,0,0,1,1,0,1,1,1,0,1,0,0,1,1,0,0,1,1,1,1,0,0
AllocentricOP,12Cup,OP-STC-Allo-PCTB-12CupGrid-G0.5CloseLeftClose-NA-0-NA.yml,GridLikeTasks,0,1,0,1,1,1,Blue,-1,Close,Inner,11,0.5,0,0,0,1,16,1,0.0,0.0,255.0,1,0,0,0,1,1,1,1,0,1,0,0,1,1,1,1,1,1,0,0,1,1,0,0,1,0,1,1,0,0
AllocentricOP,12Cup,OP-STC-Allo-PCTB-12CupGrid-G0.5CloseLeftFar-NA-0-NA.yml,GridLikeTasks,0,1,0,1,1,3,Blue,-1,Far,Inner,11,0.5,0,0,0,1,48,1,0.0,0.0,255.0,1,1,1,0,1,1,1,0,1,1,0,0,1,1,1,1,0,0,0,0,1,0,0,0,1,0,1,1,0,0
AllocentricOP,12Cup,OP-STC-Allo-PCTB-12CupGrid-G0.5CloseLeftMid-NA-0-NA.yml,GridLikeTasks,0,1,0,1,1,2,Blue,-1,Mid,Inner,11,0.5,0,0,0,1,32,1,0.0,0.0,255.0,1,0,0,0,1,1,1,1,0,1,0,1,1,1,1,1,0,0,0,0,1,1,0,0,1,1,1,1,0,0
AllocentricOP,12Cup,OP-STC-Allo-PCTB-12CupGrid-G0.5CloseRightClose-NA-0-NA.yml,GridLikeTasks,0,1,0,1,1,1,Blue,1,Close,Inner,11,0.5,0,0,0,1,16,1,0.0,0.0,255.0,1,1,0,0,1,1,1,1,0,1,0,1,0,1,1,0,1,0,0,0,1,1,0,0,1,1,1,1,0,0
AllocentricOP,12Cup,OP-STC-Allo-PCTB-12CupGrid-G0.5CloseRightFar-NA-0-NA.yml,GridLikeTasks,0,1,0,1,1,3,Blue,1,Far,Inner,11,0.5,0,0,0,1,48,1,0.0,0.0,255.0,1,1,0,0,1,1,1,1,0,1,0,1,0,1,1,1,0,0,0,0,1,1,0,0,1,1,1,1,0,0
AllocentricOP,12Cup,OP-STC-Allo-PCTB-12CupGrid-G0.5CloseRightMid-NA-0-NA.yml,GridLikeTasks,0,1,0,1,1,2,Blue,1,Mid,Inner,11,0.5,0,0,0,1,32,1,0.0,0.0,255.0,1,0,0,0,1,0,1,1,0,1,0,0,0,0,1,1,0,0,0,0,1,1,0,0,1,0,1,1,0,0
AllocentricOP,12Cup,OP-STC-Allo-PCTB-12CupGrid-G0.5FarLeftClose-NA-0-NA.yml,GridLikeTasks,0,1,0,1,1,2,Blue,-1,Close,Outer,11,0.5,0,0,0,1,24,1,0.0,0.0,255.0,1,0,0,0,1,1,1,1,0,1,0,0,1,1,1,1,0,0,0,0,1,0,0,1,1,1,1,1,0,0
AllocentricOP,12Cup,OP-STC-Allo-PCTB-12CupGrid-G0.5FarLeft-G0.5Far-NA-0-NA.yml,GridLikeTasks,0,1,0,1,1,4,Blue,-1,Far,Outer,11,0.5,0,0,0,1,56,1,0.0,0.0,255.0,1,0,0,0,1,1,1,1,0,0,0,1,1,0,1,1,0,0,0,0,1,1,0,0,1,1,1,0,0,0
AllocentricOP,12Cup,OP-STC-Allo-PCTB-12CupGrid-G0.5FarLeftMid-NA-0-NA.yml,GridLikeTasks,0,1,0,1,1,3,Blue,-1,Mid,Outer,11,0.5,0,0,0,1,40,1,0.0,0.0,255.0,1,1,0,0,1,1,1,1,0,1,0,1,1,1,1,1,0,0,0,0,1,1,0,0,1,1,1,0,0,0
AllocentricOP,12Cup,OP-STC-Allo-PCTB-12CupGrid-G0.5FarRightClose-NA-0-NA.yml,GridLikeTasks,0,1,0,1,1,2,Blue,1,Close,Outer,11,0.5,0,0,0,1,24,1,0.0,0.0,255.0,1,1,0,0,1,0,0,1,0,1,1,1,0,1,1,1,0,0,0,0,1,0,0,0,1,1,1,1,0,0
AllocentricOP,12Cup,OP-STC-Allo-PCTB-12CupGrid-G0.5FarRight-G0.5Far-NA-0-NA.yml,GridLikeTasks,0,1,0,1,1,4,Blue,1,Far,Outer,11,0.5,0,0,0,1,56,1,0.0,0.0,255.0,1,0,0,0,1,1,1,1,0,1,0,1,1,1,1,1,0,0,0,0,1,1,0,0,1,0,1,1,0,0
AllocentricOP,12Cup,OP-STC-Allo-PCTB-12CupGrid-G0.5FarRightMid-NA-0-NA.yml,GridLikeTasks,0,1,0,1,1,3,Blue,1,Mid,Outer,11,0.5,0,0,0,1,40,1,0.0,0.0,255.0,1,0,0,0,1,1,1,1,0,0,0,1,0,1,1,1,0,0,0,0,1,1,0,0,1,1,1,1,0,0
AllocentricOP,12Cup,OP-STC-Allo-PCTB-12CupGrid-G1.5CloseLeftClose-NA-0-NA.yml,GridLikeTasks,0,1,0,1,1,1,Blue,-1,Close,Inner,11,1.5,0,0,0,1,16,1,0.0,0.0,255.0,1,1,0,0,1,1,1,1,0,1,1,0,1,1,1,1,1,1,0,0,1,1,0,0,1,0,1,1,0,0
AllocentricOP,12Cup,OP-STC-Allo-PCTB-12CupGrid-G1.5CloseLeftFar-NA-0-NA.yml,GridLikeTasks,0,1,0,1,1,3,Blue,-1,Far,Inner,11,1.5,0,0,0,1,48,1,0.0,0.0,255.0,1,1,0,0,1,1,1,1,0,0,1,0,1,1,1,1,0,0,0,0,1,1,0,0,1,1,1,1,0,0
AllocentricOP,12Cup,OP-STC-Allo-PCTB-12CupGrid-G1.5CloseLeftMid-NA-0-NA.yml,GridLikeTasks,0,1,0,1,1,2,Blue,-1,Mid,Inner,11,1.5,0,0,0,1,32,1,0.0,0.0,255.0,1,1,0,0,1,1,1,1,0,1,0,0,1,1,1,1,0,0,0,0,1,0,0,0,1,1,1,1,0,0
AllocentricOP,12Cup,OP-STC-Allo-PCTB-12CupGrid-G1.5CloseRightClose-NA-0-NA.yml,GridLikeTasks,0,1,0,1,1,1,Blue,1,Close,Inner,11,1.5,0,0,0,1,16,1,0.0,0.0,255.0,1,0,0,0,1,1,1,1,0,0,1,1,0,1,1,1,1,0,0,0,1,1,0,0,1,1,1,0,0,0
AllocentricOP,12Cup,OP-STC-Allo-PCTB-12CupGrid-G1.5CloseRightFar-NA-0-NA.yml,GridLikeTasks,0,1,0,1,1,3,Blue,1,Far,Inner,11,1.5,0,0,0,1,48,1,0.0,0.0,255.0,1,1,0,0,1,1,1,1,0,1,0,1,1,1,1,1,0,1,0,0,1,1,0,0,1,1,1,1,0,0
AllocentricOP,12Cup,OP-STC-Allo-PCTB-12CupGrid-G1.5CloseRightMid-NA-0-NA.yml,GridLikeTasks,0,1,0,1,1,2,Blue,1,Mid,Inner,11,1.5,0,0,0,1,32,1,0.0,0.0,255.0,1,1,0,0,1,1,1,1,0,0,1,1,0,1,1,1,0,0,0,0,1,0,0,0,1,1,1,1,0,0
AllocentricOP,12Cup,OP-STC-Allo-PCTB-12CupGrid-G1.5FarLeftClose-NA-0-NA.yml,GridLikeTasks,0,1,0,1,1,2,Blue,-1,Close,Outer,11,1.5,0,0,0,1,24,1,0.0,0.0,255.0,1,0,0,0,0,1,1,1,0,1,1,1,0,1,1,1,0,0,0,0,1,0,0,0,1,0,1,1,0,0
AllocentricOP,12Cup,OP-STC-Allo-PCTB-12CupGrid-G1.5FarLeft-G1.5Far-NA-0-NA.yml,GridLikeTasks,0,1,0,1,1,4,Blue,-1,Far,Outer,11,1.5,0,0,0,1,56,1,0.0,0.0,255.0,1,0,0,0,0,1,1,1,0,0,1,0,1,1,1,1,0,0,0,0,1,1,0,0,1,1,1,1,0,0
AllocentricOP,12Cup,OP-STC-Allo-PCTB-12CupGrid-G1.5FarLeftMid-NA-0-NA.yml,GridLikeTasks,0,1,0,1,1,3,Blue,-1,Mid,Outer,11,1.5,0,0,0,1,40,1,0.0,0.0,255.0,1,0,0,0,1,1,1,1,0,1,1,0,1,1,1,1,0,1,0,0,1,0,0,0,1,1,1,1,0,0
AllocentricOP,12Cup,OP-STC-Allo-PCTB-12CupGrid-G1.5FarRightClose-NA-0-NA.yml,GridLikeTasks,0,1,0,1,1,2,Blue,1,Close,Outer,11,1.5,0,0,0,1,24,1,0.0,0.0,255.0,1,1,0,0,1,1,1,1,0,1,0,1,1,1,1,1,0,0,0,0,1,1,0,0,1,1,1,1,0,0
AllocentricOP,12Cup,OP-STC-Allo-PCTB-12CupGrid-G1.5FarRight-G1.5Far-NA-0-NA.yml,GridLikeTasks,0,1,0,1,1,4,Blue,1,Far,Outer,11,1.5,0,0,0,1,56,1,0.0,0.0,255.0,1,0,0,0,1,1,1,1,0,1,1,1,1,0,1,1,0,1,0,0,1,1,0,0,1,1,1,1,0,0
AllocentricOP,12Cup,OP-STC-Allo-PCTB-12CupGrid-G1.5FarRightMid-NA-0-NA.yml,GridLikeTasks,0,1,0,1,1,3,Blue,1,Mid,Outer,11,1.5,0,0,0,1,40,1,0.0,0.0,255.0,1,0,0,0,1,1,1,1,0,0,0,1,0,1,1,1,0,0,0,0,1,1,0,1,1,1,1,1,0,0
AllocentricOP,12Cup,OP-STC-Allo-PCTB-12CupGrid-G1CloseLeftClose-NA-0-NA.yml,GridLikeTasks,0,1,0,1,1,1,Blue,-1,Close,Inner,11,1.0,0,0,0,1,16,1,0.0,0.0,255.0,1,1,0,0,1,1,1,1,1,1,0,1,1,1,1,1,1,1,0,0,1,0,0,0,1,1,1,1,0,0
AllocentricOP,12Cup,OP-STC-Allo-PCTB-12CupGrid-G1CloseLeftFar-NA-0-NA.yml,GridLikeTasks,0,1,0,1,1,3,Blue,-1,Far,Inner,11,1.0,0,0,0,1,48,1,0.0,0.0,255.0,1,0,0,0,1,0,1,1,0,0,1,1,1,1,1,1,0,0,0,0,1,1,0,0,1,1,1,1,0,0
AllocentricOP,12Cup,OP-STC-Allo-PCTB-12CupGrid-G1CloseLeftMid-NA-0-NA.yml,GridLikeTasks,0,1,0,1,1,2,Blue,-1,Mid,Inner,11,1.0,0,0,0,1,32,1,0.0,0.0,255.0,1,0,0,0,1,1,1,1,0,1,1,0,1,0,1,1,0,0,0,0,1,0,0,0,1,1,1,0,0,1
AllocentricOP,12Cup,OP-STC-Allo-PCTB-12CupGrid-G1CloseRightClose-NA-0-NA.yml,GridLikeTasks,0,1,0,1,1,1,Blue,1,Close,Inner,11,1.0,0,0,0,1,16,1,0.0,0.0,255.0,1,0,0,0,1,1,1,1,0,1,0,1,0,1,1,1,1,0,0,0,1,0,0,0,1,1,1,1,0,0
AllocentricOP,12Cup,OP-STC-Allo-PCTB-12CupGrid-G1CloseRightFar-NA-0-NA.yml,GridLikeTasks,0,1,0,1,1,3,Blue,1,Far,Inner,11,1.0,0,0,0,1,48,1,0.0,0.0,255.0,1,1,0,0,1,1,1,0,0,1,0,1,1,1,1,1,0,1,0,0,1,0,0,0,1,1,1,1,0,0
AllocentricOP,12Cup,OP-STC-Allo-PCTB-12CupGrid-G1CloseRightMid-NA-0-NA.yml,GridLikeTasks,0,1,0,1,1,2,Blue,1,Mid,Inner,11,1.0,0,0,0,1,32,1,0.0,0.0,255.0,1,1,0,1,1,1,1,1,0,0,0,1,0,0,1,1,0,0,0,1,1,0,0,0,1,1,1,1,0,0
AllocentricOP,12Cup,OP-STC-Allo-PCTB-12CupGrid-G1FarLeftClose-NA-0-NA.yml,GridLikeTasks,0,1,0,1,1,2,Blue,-1,Close,Outer,11,1.0,0,0,0,1,24,1,0.0,0.0,255.0,1,1,0,0,1,1,1,1,0,1,0,1,1,1,1,1,0,0,0,0,1,1,0,0,1,0,1,1,0,0
AllocentricOP,12Cup,OP-STC-Allo-PCTB-12CupGrid-G1FarLeft-G1Far-NA-0-NA.yml,GridLikeTasks,0,1,0,1,1,4,Blue,-1,Far,Outer,11,1.0,0,0,0,1,56,1,0.0,0.0,255.0,1,1,0,0,1,1,1,1,0,0,0,0,1,1,1,1,0,0,0,0,1,1,0,0,1,1,1,1,0,0
AllocentricOP,12Cup,OP-STC-Allo-PCTB-12CupGrid-G1FarLeftMid-NA-0-NA.yml,GridLikeTasks,0,1,0,1,1,3,Blue,-1,Mid,Outer,11,1.0,0,0,0,1,40,1,0.0,0.0,255.0,1,1,0,0,1,1,1,1,0,1,0,0,1,1,1,1,0,0,0,1,1,1,0,0,1,1,1,1,0,1
AllocentricOP,12Cup,OP-STC-Allo-PCTB-12CupGrid-G1FarRightClose-NA-0-NA.yml,GridLikeTasks,0,1,0,1,1,2,Blue,1,Close,Outer,11,1.0,0,0,0,1,24,1,0.0,0.0,255.0,1,0,0,0,1,1,1,1,0,1,0,1,0,1,1,1,0,1,0,0,1,1,0,0,1,1,1,1,0,0
AllocentricOP,12Cup,OP-STC-Allo-PCTB-12CupGrid-G1FarRight-G1Far-NA-0-NA.yml,GridLikeTasks,0,1,0,1,1,4,Blue,1,Far,Outer,11,1.0,0,0,0,1,56,1,0.0,0.0,255.0,1,0,0,0,1,1,1,1,1,1,1,1,0,1,1,1,0,0,0,0,1,0,0,0,1,1,1,1,0,0
AllocentricOP,12Cup,OP-STC-Allo-PCTB-12CupGrid-G1FarRightMid-NA-0-NA.yml,GridLikeTasks,0,1,0,1,1,3,Blue,1,Mid,Outer,11,1.0,0,0,0,1,40,1,0.0,0.0,255.0,1,1,0,1,1,1,1,1,0,0,0,1,1,1,1,1,0,0,0,1,1,1,0,0,1,1,1,1,0,0
AllocentricOP,12Cup,OP-STC-Allo-PCTB-12CupGrid-G2CloseLeftClose-NA-0-NA.yml,GridLikeTasks,0,1,0,1,1,1,Blue,-1,Close,Inner,11,2.0,0,0,0,1,16,1,0.0,0.0,255.0,1,0,0,0,1,1,1,1,0,1,0,1,1,1,1,1,1,0,0,0,1,0,0,1,1,1,1,1,0,0
AllocentricOP,12Cup,OP-STC-Allo-PCTB-12CupGrid-G2CloseLeftFar-NA-0-NA.yml,GridLikeTasks,0,1,0,1,1,3,Blue,-1,Far,Inner,11,2.0,0,0,0,1,48,1,0.0,0.0,255.0,1,1,0,0,1,1,1,1,0,0,0,0,1,1,1,1,0,0,0,0,1,1,0,0,1,0,1,1,0,0
AllocentricOP,12Cup,OP-STC-Allo-PCTB-12CupGrid-G2CloseLeftMid-NA-0-NA.yml,GridLikeTasks,0,1,0,1,1,2,Blue,-1,Mid,Inner,11,2.0,0,0,0,1,32,1,0.0,0.0,255.0,1,0,0,0,1,1,0,1,0,1,1,1,1,0,1,1,0,0,0,1,1,1,0,1,1,1,1,1,0,0
AllocentricOP,12Cup,OP-STC-Allo-PCTB-12CupGrid-G2CloseRightClose-NA-0-NA.yml,GridLikeTasks,0,1,0,1,1,1,Blue,1,Close,Inner,11,2.0,0,0,0,1,16,1,0.0,0.0,255.0,1,1,0,0,1,1,1,1,0,1,1,1,0,1,1,1,1,0,0,1,1,1,0,0,1,1,1,1,0,0
AllocentricOP,12Cup,OP-STC-Allo-PCTB-12CupGrid-G2CloseRightFar-NA-0-NA.yml,GridLikeTasks,0,1,0,1,1,3,Blue,1,Far,Inner,11,2.0,0,0,0,1,48,1,0.0,0.0,255.0,1,0,0,0,1,1,1,1,0,1,1,1,0,1,1,1,0,0,0,0,1,0,0,0,1,1,1,0,0,0
AllocentricOP,12Cup,OP-STC-Allo-PCTB-12CupGrid-G2CloseRightMid-NA-0-NA.yml,GridLikeTasks,0,1,0,1,1,2,Blue,1,Mid,Inner,11,2.0,0,0,0,1,32,1,0.0,0.0,255.0,1,0,1,0,1,1,1,1,0,1,0,1,0,0,1,1,0,1,0,0,1,1,0,0,1,1,1,0,0,0
AllocentricOP,12Cup,OP-STC-Allo-PCTB-12CupGrid-G2FarLeftClose-NA-0-NA.yml,GridLikeTasks,0,1,0,1,1,2,Blue,-1,Close,Outer,11,2.0,0,0,0,1,24,1,0.0,0.0,255.0,1,0,0,0,1,1,1,1,0,1,1,0,1,1,1,1,0,0,0,0,1,1,0,0,1,1,1,1,0,0
AllocentricOP,12Cup,OP-STC-Allo-PCTB-12CupGrid-G2FarLeft-G2Far-NA-0-NA.yml,GridLikeTasks,0,1,0,1,1,4,Blue,-1,Far,Outer,11,2.0,0,0,0,1,56,1,0.0,0.0,255.0,1,0,0,0,1,1,1,1,0,1,0,0,1,1,1,1,0,0,0,0,1,1,0,0,1,1,1,1,0,0
AllocentricOP,12Cup,OP-STC-Allo-PCTB-12CupGrid-G2FarLeftMid-NA-0-NA.yml,GridLikeTasks,0,1,0,1,1,3,Blue,-1,Mid,Outer,11,2.0,0,0,0,1,40,1,0.0,0.0,255.0,1,1,0,0,1,1,1,1,0,1,1,0,1,1,1,1,0,0,0,0,1,1,0,0,1,1,1,1,0,1
AllocentricOP,12Cup,OP-STC-Allo-PCTB-12CupGrid-G2FarRightClose-NA-0-NA.yml,GridLikeTasks,0,1,0,1,1,2,Blue,1,Close,Outer,11,2.0,0,0,0,1,24,1,0.0,0.0,255.0,1,0,0,0,1,1,1,1,0,1,1,1,0,0,1,1,0,1,0,0,1,1,0,0,1,0,1,1,0,0
AllocentricOP,12Cup,OP-STC-Allo-PCTB-12CupGrid-G2FarRight-G2Far-NA-0-NA.yml,GridLikeTasks,0,1,0,1,1,4,Blue,1,Far,Outer,11,2.0,0,0,0,1,56,1,0.0,0.0,255.0,1,0,0,0,0,1,1,1,0,0,0,1,0,0,1,1,0,0,0,0,1,1,0,0,1,1,1,1,0,1
AllocentricOP,12Cup,OP-STC-Allo-PCTB-12CupGrid-G2FarRightMid-NA-0-NA.yml,GridLikeTasks,0,1,0,1,1,3,Blue,1,Mid,Outer,11,2.0,0,0,0,1,40,1,0.0,0.0,255.0,1,0,0,0,1,1,1,1,1,1,0,1,1,1,1,1,0,0,0,0,1,0,0,0,1,1,1,1,0,0
Basic,BasicControls,OP-Controls-Basic-LavaLong-DoubleLeft-0.5-NA-0-Lava.yml,Navigation,1,0,1,0,0,0,,0,,,0,0.5,0,0,1,0,20,0,,,,1,0,0,0,1,0,1,1,1,0,0,0,0,1,1,1,1,1,1,0,1,1,1,1,1,1,1,1,1,1
Basic,BasicControls,OP-Controls-Basic-LavaLong-DoubleLeft-0.5-NA-355-Lava.yml,Navigation,1,0,1,0,0,0,,0,,,0,0.5,0,0,0,0,20,0,,,,1,0,0,0,1,0,1,1,1,0,0,0,1,1,1,1,1,1,1,0,1,1,1,1,1,0,1,1,1,0
Basic,BasicControls,OP-Controls-Basic-LavaLong-DoubleLeft-0.5-NA-5-Lava.yml,Navigation,1,0,1,0,0,0,,0,,,0,0.5,0,0,1,0,20,0,,,,1,0,0,0,1,0,1,1,1,1,0,0,1,1,1,1,1,1,1,1,1,1,1,1,1,1,1,1,1,1
Basic,BasicControls,OP-Controls-Basic-LavaLong-DoubleLeft-1-NA-0-Lava.yml,Navigation,1,0,1,0,0,0,,0,,,0,1.0,0,0,0,0,20,0,,,,1,0,0,0,1,0,1,1,1,1,1,1,1,1,1,1,1,1,1,1,1,1,1,1,1,1,1,1,1,1
Basic,BasicControls,OP-Controls-Basic-LavaLong-DoubleLeft-1-NA-355-Lava.yml,Navigation,1,0,1,0,0,0,,0,,,0,1.0,1,0,1,0,20,0,,,,1,0,0,0,1,0,0,1,1,1,0,1,0,1,1,1,1,1,1,1,1,1,1,1,1,1,1,1,1,0
Basic,BasicControls,OP-Controls-Basic-LavaLong-DoubleLeft-1-NA-5-Lava.yml,Navigation,1,0,1,0,0,0,,0,,,0,1.0,1,0,0,0,20,0,,,,1,0,1,0,1,0,1,1,1,0,0,1,1,1,1,1,1,1,1,1,1,1,1,1,1,0,1,1,1,1
Basic,BasicControls,OP-Controls-Basic-LavaLong-DoubleLeft-2-NA-0-Lava.yml,Navigation,1,0,1,0,0,0,,0,,,0,2.0,0,0,1,1,20,0,,,,1,1,1,0,1,0,1,1,1,1,0,1,0,1,1,1,1,1,1,1,1,1,1,1,1,1,1,0,1,1
Basic,BasicControls,OP-Controls-Basic-LavaLong-DoubleLeft-2-NA-355-Lava.yml,Navigation,1,0,1,0,0,0,,0,,,0,2.0,0,0,0,1,20,0,,,,1,0,1,0,1,0,0,1,1,0,1,1,1,1,1,1,0,1,1,1,1,1,1,1,1,1,1,0,1,0
Basic,BasicControls,OP-Controls-Basic-LavaLong-DoubleLeft-2-NA-5-Lava.yml,Navigation,1,0,1,0,0,0,,0,,,0,2.0,0,0,1,1,20,0,,,,1,0,0,0,1,0,1,1,1,1,1,1,1,1,1,1,1,1,1,1,1,0,1,1,1,0,1,0,1,1
Basic,BasicControls,OP-Controls-Basic-LavaLong-DoubleLeft-4-NA-0-Lava.yml,Navigation,1,0,1,0,0,0,,0,,,0,4.0,0,0,0,1,20,0,,,,1,0,0,0,1,0,1,1,1,1,1,1,1,1,1,1,1,1,1,0,1,0,1,1,1,1,1,0,1,1
Basic,BasicControls,OP-Controls-Basic-LavaLong-DoubleLeft-4-NA-355-Lava.yml,Navigation,1,0,1,0,0,0,,0,,,0,4.0,0,0,1,0,20,0,,,,1,1,0,0,1,1,1,1,1,0,1,0,1,1,1,1,1,1,1,1,1,1,1,1,1,1,1,1,1,1
Basic,BasicControls,OP-Controls-Basic-LavaLong-DoubleLeft-4-NA-5-Lava.yml,Navigation,1,0,1,0,0,0,,0,,,0,4.0,0,0,0,0,20,0,,,,1,0,0,0,1,1,0,1,1,0,0,0,1,1,1,1,1,1,1,1,1,0,1,1,1,1,1,0,1,1
Basic,BasicControls,OP-Controls-Basic-LavaLong-DoubleRight-0.5-NA-0-Lava.yml,Navigation,1,0,1,0,0,0,,0,,,0,0.5,0,0,1,0,20,0,,,,1,0,0,0,1,0,1,1,1,0,1,1,1,1,1,1,0,1,1,1,1,1,1,1,1,1,1,1,1,1
Basic,BasicControls,OP-Controls-Basic-LavaLong-DoubleRight-0.5-NA-355-Lava.yml,Navigation,1,0,1,0,0,0,,0,,,0,0.5,0,0,0,0,20,0,,,,1,0,0,0,1,0,1,1,1,0,0,1,1,1,1,1,1,1,1,1,1,1,1,1,1,0,1,1,1,1
Basic,BasicControls,OP-Controls-Basic-LavaLong-DoubleRight-0.5-NA-5-Lava.yml,Navigation,1,0,1,0,0,0,,0,,,0,0.5,0,1,1,0,20,0,,,,1,0,0,0,1,0,1,1,1,1,1,0,0,1,1,1,1,1,1,1,1,1,1,1,1,1,1,1,1,1
Basic,BasicControls,OP-Controls-Basic-LavaLong-DoubleRight-1-NA-0-Lava.yml,Navigation,1,0,1,0,0,0,,0,,,0,1.0,0,1,0,0,20,0,,,,1,0,0,0,1,0,1,1,1,1,1,1,1,1,1,0,1,1,1,0,1,1,1,1,1,1,1,0,1,0
Basic,BasicControls,OP-Controls-Basic-LavaLong-DoubleRight-1-NA-355-Lava.yml,Navigation,1,0,1,0,0,0,,0,,,0,1.0,0,1,1,0,20,0,,,,1,1,0,0,0,0,1,1,1,1,0,0,1,1,1,1,1,1,1,1,1,1,1,0,1,1,1,1,1,1
Basic,BasicControls,OP-Controls-Basic-LavaLong-DoubleRight-1-NA-5-Lava.yml,Navigation,1,0,1,0,0,0,,0,,,0,1.0,0,1,0,0,20,0,,,,1,1,0,0,1,0,1,0,1,1,0,1,1,1,1,1,1,1,1,1,1,0,1,1,1,1,1,1,1,0
Basic,BasicControls,OP-Controls-Basic-LavaLong-DoubleRight-2-NA-0-Lava.yml,Navigation,1,0,1,0,0,0,,0,,,0,2.0,1,1,1,0,20,0,,,,1,1,0,0,1,0,1,1,1,1,1,1,1,1,1,1,1,1,1,1,1,1,1,1,1,1,1,1,1,1
Basic,BasicControls,OP-Controls-Basic-LavaLong-DoubleRight-2-NA-355-Lava.yml,Navigation,1,0,1,0,0,0,,0,,,0,2.0,1,1,0,0,20,0,,,,1,0,1,0,1,0,1,1,1,1,1,1,0,1,1,1,1,1,1,1,1,0,1,1,1,1,1,0,1,1
Basic,BasicControls,OP-Controls-Basic-LavaLong-DoubleRight-2-NA-5-Lava.yml,Navigation,1,0,1,0,0,0,,0,,,0,2.0,0,1,1,1,20,0,,,,1,1,0,0,1,0,1,1,1,1,1,1,0,0,1,1,0,1,1,0,1,1,1,1,1,1,1,1,1,1
Basic,BasicControls,OP-Controls-Basic-LavaLong-DoubleRight-4-NA-0-Lava.yml,Navigation,1,0,1,0,0,0,,0,,,0,4.0,0,1,0,1,20,0,,,,1,0,0,0,1,0,1,1,1,1,1,1,1,1,1,1,1,1,1,0,1,1,1,1,1,0,1,1,1,1
Basic,BasicControls,OP-Controls-Basic-LavaLong-DoubleRight-4-NA-355-Lava.yml,Navigation,1,0,1,0,0,0,,0,,,0,4.0,0,1,1,1,20,0,,,,1,1,0,0,1,0,1,1,1,0,1,0,0,1,1,1,1,1,1,1,1,0,1,1,1,1,1,1,1,1
Basic,BasicControls,OP-Controls-Basic-LavaLong-DoubleRight-4-NA-5-Lava.yml,Navigation,1,0,1,0,0,0,,0,,,0,4.0,0,1,0,1,20,0,,,,1,0,0,0,1,0,1,1,1,0,0,1,1,1,1,1,0,1,1,1,1,1,1,1,1,1,1,1,1,1
Basic,BasicControls,OP-Controls-Basic-LavaLong-Single-0.5-NA-0-Lava.yml,Navigation,1,0,1,0,0,0,,0,,,0,0.5,0,1,1,0,20,0,,,,1,1,0,0,1,0,0,1,1,0,0,1,1,1,1,1,1,1,1,0,1,0,1,1,1,1,1,1,1,1
Basic,BasicControls,OP-Controls-Basic-LavaLong-Single-0.5-NA-355-Lava.yml,Navigation,1,0,1,0,0,0,,0,,,0,0.5,0,1,0,0,20,0,,,,1,1,0,1,1,0,1,1,1,0,0,1,1,1,1,1,1,1,1,1,1,1,1,1,1,0,1,1,1,1
Basic,BasicControls,OP-Controls-Basic-LavaLong-Single-0.5-NA-5-Lava.yml,Navigation,1,0,1,0,0,0,,0,,,0,0.5,0,1,1,0,20,0,,,,1,1,1,0,1,0,1,1,1,0,0,1,1,1,1,1,1,1,1,1,1,1,1,1,1,1,1,0,1,1
Basic,BasicControls,OP-Controls-Basic-LavaLong-Single-1-NA-0-Lava.yml,Navigation,1,0,1,0,0,0,,0,,,0,1.0,0,1,0,0,20,0,,,,1,1,0,0,1,0,1,1,1,0,1,0,0,1,1,1,1,0,1,1,1,1,1,1,1,1,1,1,1,1
Basic,BasicControls,OP-Controls-Basic-LavaLong-Single-1-NA-355-Lava.yml,Navigation,1,0,1,0,0,0,,0,,,0,1.0,0,0,0,0,20,0,,,,1,0,0,0,1,0,1,1,0,1,0,1,1,1,1,1,1,1,1,1,1,1,1,1,1,1,1,1,1,0
Basic,BasicControls,OP-Controls-Basic-LavaLong-Single-1-NA-5-Lava.yml,Navigation,1,0,1,0,0,0,,0,,,0,1.0,0,0,0,0,20,0,,,,1,1,0,0,1,0,1,1,1,1,0,0,1,1,1,1,1,1,1,1,1,1,1,1,1,1,1,1,1,1
Basic,BasicControls,OP-Controls-Basic-LavaLong-Single-2-NA-0-Lava.yml,Navigation,1,0,1,0,0,0,,0,,,0,2.0,0,0,0,0,20,0,,,,1,0,0,0,1,0,1,1,1,1,0,0,0,1,1,1,1,1,1,1,1,1,1,1,1,1,1,0,1,1
Basic,BasicControls,OP-Controls-Basic-LavaLong-Single-2-NA-355-Lava.yml,Navigation,1,0,1,0,0,0,,0,,,0,2.0,0,0,0,0,20,0,,,,1,1,0,0,1,1,1,1,1,0,0,1,0,1,1,1,1,1,1,0,1,1,1,0,1,1,1,1,1,1
Basic,BasicControls,OP-Controls-Basic-LavaLong-Single-2-NA-5-Lava.yml,Navigation,1,0,1,0,0,0,,0,,,0,2.0,0,0,0,0,20,0,,,,1,0,0,1,1,0,1,1,1,1,1,0,0,1,1,1,1,1,1,1,1,1,1,1,1,1,1,1,1,1
Basic,BasicControls,OP-Controls-Basic-LavaLong-Single-4-NA-0-Lava.yml,Navigation,1,0,1,0,0,0,,0,,,0,4.0,0,0,0,0,20,0,,,,1,1,0,0,1,0,1,1,1,1,1,0,1,1,1,1,1,1,1,1,1,1,1,1,1,1,1,1,1,1
Basic,BasicControls,OP-Controls-Basic-LavaLong-Single-4-NA-355-Lava.yml,Navigation,1,0,1,0,0,0,,0,,,0,4.0,0,0,0,0,20,0,,,,1,1,0,0,1,0,1,1,1,1,1,0,1,1,1,1,1,1,1,1,1,1,1,0,1,1,1,1,1,1
Basic,BasicControls,OP-Controls-Basic-LavaLong-Single-4-NA-5-Lava.yml,Navigation,1,0,1,0,0,0,,0,,,0,4.0,0,0,0,0,20,0,,,,1,0,0,0,1,0,1,0,1,1,1,1,0,1,1,1,1,1,1,1,1,0,1,1,1,1,1,1,1,1
Basic,BasicControls,OP-Controls-Basic-LavaMedium-DoubleLeft-0.5-NA-0-Lava.yml,Navigation,1,0,1,0,0,0,,0,,,0,0.5,0,0,0,0,29,0,,,,1,0,0,0,1,0,1,1,1,1,0,0,1,1,1,1,1,1,1,1,1,0,1,0,1,1,1,1,1,1
Basic,BasicControls,OP-Controls-Basic-LavaMedium-DoubleLeft-0.5-NA-355-Lava.yml,Navigation,1,0,1,0,0,0,,0,,,0,0.5,0,0,0,0,29,0,,,,1,1,0,0,1,0,1,1,1,1,0,1,0,1,1,1,1,1,1,1,1,1,1,0,1,1,1,1,1,1
Basic,BasicControls,OP-Controls-Basic-LavaMedium-DoubleLeft-0.5-NA-5-Lava.yml,Navigation,1,0,1,0,0,0,,0,,,0,0.5,0,0,0,0,29,0,,,,1,0,0,0,0,0,1,1,1,0,0,1,0,1,1,1,1,1,1,1,1,0,1,1,1,1,1,0,1,0
Basic,BasicControls,OP-Controls-Basic-LavaMedium-DoubleLeft-1-NA-0-Lava.yml,Navigation,1,0,1,0,0,0,,0,,,0,1.0,0,0,0,0,29,0,,,,1,0,0,0,0,0,1,1,1,0,1,0,0,1,1,1,1,1,1,1,1,0,1,1,1,0,1,1,1,1
Basic,BasicControls,OP-Controls-Basic-LavaMedium-DoubleLeft-1-NA-355-Lava.yml,Navigation,1,0,1,0,0,0,,0,,,0,1.0,0,0,0,0,29,0,,,,1,0,0,0,1,0,1,1,1,0,1,1,0,1,1,1,1,1,1,1,1,0,1,0,1,1,1,0,1,1
Basic,BasicControls,OP-Controls-Basic-LavaMedium-DoubleLeft-1-NA-5-Lava.yml,Navigation,1,0,1,0,0,0,,0,,,0,1.0,0,0,0,0,29,0,,,,1,1,0,0,0,0,1,1,1,1,1,0,1,1,1,1,1,1,1,0,1,1,1,1,1,0,1,1,1,1
Basic,BasicControls,OP-Controls-Basic-LavaMedium-DoubleLeft-2-NA-0-Lava.yml,Navigation,1,0,1,0,0,0,,0,,,0,2.0,0,0,0,0,29,0,,,,1,1,0,0,1,0,1,1,1,1,1,1,0,1,1,1,1,1,1,1,1,1,1,1,1,1,1,1,1,0
Basic,BasicControls,OP-Controls-Basic-LavaMedium-DoubleLeft-2-NA-355-Lava.yml,Navigation,1,0,1,0,0,0,,0,,,0,2.0,0,0,0,0,29,0,,,,1,0,0,0,1,0,1,1,1,1,0,0,1,1,1,0,1,1,1,0,1,0,1,1,1,1,1,1,1,0
Basic,BasicControls,OP-Controls-Basic-LavaMedium-DoubleLeft-2-NA-5-Lava.yml,Navigation,1,0,1,0,0,0,,0,,,0,2.0,0,0,0,0,29,0,,,,1,1,0,0,1,0,1,1,1,1,0,1,1,1,1,1,1,1,1,0,1,1,1,1,1,1,1,1,1,1
Basic,BasicControls,OP-Controls-Basic-LavaMedium-DoubleLeft-4-NA-0-Lava.yml,Navigation,1,0,1,0,0,0,,0,,,0,4.0,0,0,0,0,29,0,,,,1,1,0,0,1,1,1,1,1,1,1,1,1,1,1,1,1,1,1,0,1,1,1,1,1,0,1,0,1,1
Basic,BasicControls,OP-Controls-Basic-LavaMedium-DoubleLeft-4-NA-355-Lava.yml,Navigation,1,0,1,0,0,0,,0,,,0,4.0,0,0,0,0,29,0,,,,1,0,0,0,1,0,1,1,1,0,0,0,1,1,1,0,1,1,1,1,1,1,1,1,1,1,1,0,1,0
Basic,BasicControls,OP-Controls-Basic-LavaMedium-DoubleLeft-4-NA-5-Lava.yml,Navigation,1,0,1,0,0,0,,0,,,0,4.0,0,0,0,0,29,0,,,,1,0,0,0,1,0,1,0,1,0,1,1,0,1,1,0,1,1,1,1,1,1,1,1,1,1,1,0,1,0
Basic,BasicControls,OP-Controls-Basic-LavaMedium-DoubleRight-0.5-NA-0-Lava.yml,Navigation,1,0,1,0,0,0,,0,,,0,0.5,0,0,0,0,29,0,,,,1,0,0,0,1,0,1,1,1,0,0,1,0,1,1,1,1,1,1,1,1,1,1,1,1,1,1,0,1,1
Basic,BasicControls,OP-Controls-Basic-LavaMedium-DoubleRight-0.5-NA-355-Lava.yml,Navigation,1,0,1,0,0,0,,0,,,0,0.5,0,0,0,0,29,0,,,,1,1,0,0,0,1,1,1,1,0,1,1,1,0,1,1,1,1,1,1,1,0,1,1,1,0,1,1,1,0
Basic,BasicControls,OP-Controls-Basic-LavaMedium-DoubleRight-0.5-NA-5-Lava.yml,Navigation,1,0,1,0,0,0,,0,,,0,0.5,0,0,0,0,29,0,,,,1,0,0,0,1,1,1,1,1,0,0,1,0,1,1,1,1,1,1,0,1,1,1,0,1,1,1,1,1,1
Basic,BasicControls,OP-Controls-Basic-LavaMedium-DoubleRight-1-NA-0-Lava.yml,Navigation,1,0,1,0,0,0,,0,,,0,1.0,0,0,0,0,29,0,,,,1,1,1,0,1,0,1,1,1,0,0,1,0,1,1,1,1,1,1,1,1,1,1,1,1,0,1,1,1,1
Basic,BasicControls,OP-Controls-Basic-LavaMedium-DoubleRight-1-NA-355-Lava.yml,Navigation,1,0,1,0,0,0,,0,,,0,1.0,0,0,0,0,29,0,,,,1,1,0,0,1,0,1,1,1,0,0,0,1,1,1,1,1,1,1,1,1,0,1,1,1,1,1,0,1,1
Basic,BasicControls,OP-Controls-Basic-LavaMedium-DoubleRight-1-NA-5-Lava.yml,Navigation,1,0,1,0,0,0,,0,,,0,1.0,0,0,0,0,29,0,,,,1,0,0,0,0,0,1,1,1,0,1,1,0,1,1,1,1,1,1,1,1,1,1,1,1,1,1,0,1,1
Basic,BasicControls,OP-Controls-Basic-LavaMedium-DoubleRight-2-NA-0-Lava.yml,Navigation,1,0,1,0,0,0,,0,,,0,2.0,0,0,0,0,29,0,,,,1,0,0,0,1,0,1,1,1,0,1,0,0,1,1,0,1,1,1,1,1,1,1,1,1,1,1,0,1,0
Basic,BasicControls,OP-Controls-Basic-LavaMedium-DoubleRight-2-NA-355-Lava.yml,Navigation,1,0,1,0,0,0,,0,,,0,2.0,0,0,0,0,29,0,,,,1,0,0,0,1,0,1,1,1,1,1,1,1,1,1,1,1,1,1,1,1,1,1,1,1,1,1,1,1,1
Basic,BasicControls,OP-Controls-Basic-LavaMedium-DoubleRight-2-NA-5-Lava.yml,Navigation,1,0,1,0,0,0,,0,,,0,2.0,0,0,0,0,29,0,,,,1,1,0,0,1,1,1,1,1,0,1,1,1,1,1,1,1,1,1,1,1,1,1,1,1,0,1,1,1,0
Basic,BasicControls,OP-Controls-Basic-LavaMedium-DoubleRight-4-NA-0-Lava.yml,Navigation,1,0,1,0,0,0,,0,,,0,4.0,0,0,0,0,29,0,,,,1,0,1,0,1,0,1,1,1,1,1,0,1,1,1,1,1,1,1,0,1,0,1,1,1,1,1,0,1,1
Basic,BasicControls,OP-Controls-Basic-LavaMedium-DoubleRight-4-NA-355-Lava.yml,Navigation,1,0,1,0,0,0,,0,,,0,4.0,0,0,0,0,29,0,,,,1,0,0,0,1,0,1,1,1,1,1,1,1,1,1,1,1,1,1,1,1,0,1,0,1,1,1,1,1,1
Basic,BasicControls,OP-Controls-Basic-LavaMedium-DoubleRight-4-NA-5-Lava.yml,Navigation,1,0,1,0,0,0,,0,,,0,4.0,0,0,0,0,29,0,,,,1,0,0,0,1,0,1,1,1,1,1,1,1,1,1,1,1,1,1,1,1,1,1,1,1,1,1,1,1,1
Basic,BasicControls,OP-Controls-Basic-LavaMedium-Single-0.5-NA-0-Lava.yml,Navigation,1,0,1,0,0,0,,0,,,0,0.5,0,0,0,0,29,0,,,,1,0,1,0,1,0,1,1,1,1,0,1,0,1,1,1,1,1,1,1,1,1,1,1,1,1,1,0,1,1
Basic,BasicControls,OP-Controls-Basic-LavaMedium-Single-0.5-NA-355-Lava.yml,Navigation,1,0,1,0,0,0,,0,,,0,0.5,0,0,0,0,29,0,,,,1,1,1,0,1,0,1,1,1,0,0,1,1,1,1,1,1,1,1,0,1,1,1,0,1,1,1,1,1,1
Basic,BasicControls,OP-Controls-Basic-LavaMedium-Single-0.5-NA-5-Lava.yml,Navigation,1,0,1,0,0,0,,0,,,0,0.5,0,0,0,0,29,0,,,,1,1,0,0,1,0,1,1,1,0,0,1,1,1,1,1,1,0,1,1,1,0,1,0,1,0,1,1,1,1
Basic,BasicControls,OP-Controls-Basic-LavaMedium-Single-1-NA-0-Lava.yml,Navigation,1,0,1,0,0,0,,0,,,0,1.0,0,0,0,0,29,0,,,,1,0,0,0,0,0,1,1,1,0,0,1,1,1,1,1,1,1,1,1,1,1,1,1,1,1,1,0,1,1
Basic,BasicControls,OP-Controls-Basic-LavaMedium-Single-1-NA-355-Lava.yml,Navigation,1,0,1,0,0,0,,0,,,0,1.0,0,0,0,0,29,0,,,,1,0,0,1,0,0,1,1,1,0,0,0,1,1,1,1,1,1,1,1,1,0,1,1,1,1,1,1,1,0
Basic,BasicControls,OP-Controls-Basic-LavaMedium-Single-1-NA-5-Lava.yml,Navigation,1,0,1,0,0,0,,0,,,0,1.0,0,0,0,0,29,0,,,,1,0,1,0,1,0,1,1,1,0,0,1,1,1,1,1,1,1,1,1,1,0,1,0,1,0,1,1,1,1
Basic,BasicControls,OP-Controls-Basic-LavaMedium-Single-2-NA-0-Lava.yml,Navigation,1,0,1,0,0,0,,0,,,0,2.0,0,0,0,0,29,0,,,,1,1,0,0,1,0,1,1,1,0,1,0,1,1,1,1,1,1,1,0,1,1,1,1,1,1,1,1,1,0
Basic,BasicControls,OP-Controls-Basic-LavaMedium-Single-2-NA-355-Lava.yml,Navigation,1,0,1,0,0,0,,0,,,0,2.0,0,0,0,0,29,0,,,,1,0,1,0,1,0,1,1,1,1,1,0,1,1,1,1,1,1,1,1,1,1,1,0,1,1,1,1,1,1
Basic,BasicControls,OP-Controls-Basic-LavaMedium-Single-2-NA-5-Lava.yml,Navigation,1,0,1,0,0,0,,0,,,0,2.0,0,0,0,0,29,0,,,,1,1,0,1,0,0,1,1,1,0,1,1,1,1,1,1,1,1,1,0,1,1,1,1,1,1,1,1,1,1
Basic,BasicControls,OP-Controls-Basic-LavaMedium-Single-4-NA-0-Lava.yml,Navigation,1,0,1,0,0,0,,0,,,0,4.0,0,0,0,0,29,0,,,,1,0,1,0,1,0,1,1,1,0,1,0,0,1,1,1,1,1,1,1,1,0,1,1,1,1,1,1,1,0
Basic,BasicControls,OP-Controls-Basic-LavaMedium-Single-4-NA-355-Lava.yml,Navigation,1,0,1,0,0,0,,0,,,0,4.0,0,0,0,0,29,0,,,,1,0,0,0,1,0,1,1,1,1,1,1,1,1,1,1,1,1,1,1,1,1,1,0,1,1,1,1,1,1
Basic,BasicControls,OP-Controls-Basic-LavaMedium-Single-4-NA-5-Lava.yml,Navigation,1,0,1,0,0,0,,0,,,0,4.0,0,0,0,0,29,0,,,,1,1,0,0,1,0,1,1,1,0,1,1,0,1,1,1,1,1,1,1,1,1,1,1,1,1,1,1,1,1
Basic,BasicControls,OP-Controls-Basic-LavaShort-DoubleLeft-0.5-NA-0-Lava.yml,Navigation,1,0,1,0,0,0,,0,,,0,0.5,0,0,0,0,20,0,,,,1,0,0,0,0,0,1,1,1,0,1,1,1,1,1,1,1,1,1,1,1,1,1,1,1,1,1,0,1,1
Basic,BasicControls,OP-Controls-Basic-LavaShort-DoubleLeft-0.5-NA-355-Lava.yml,Navigation,1,0,1,0,0,0,,0,,,0,0.5,0,0,0,0,20,0,,,,1,1,0,0,1,0,1,1,1,1,0,1,1,1,1,1,1,1,1,1,1,0,1,1,1,1,1,1,1,1
Basic,BasicControls,OP-Controls-Basic-LavaShort-DoubleLeft-0.5-NA-5-Lava.yml,Navigation,1,0,1,0,0,0,,0,,,0,0.5,0,0,0,0,20,0,,,,1,0,0,0,1,0,1,1,1,0,0,1,0,1,1,1,1,1,1,1,1,0,1,1,1,1,1,1,1,0
Basic,BasicControls,OP-Controls-Basic-LavaShort-DoubleLeft-1-NA-0-Lava.yml,Navigation,1,0,1,0,0,0,,0,,,0,1.0,0,0,0,0,20,0,,,,1,1,0,0,1,0,1,0,1,0,0,1,0,1,1,1,1,1,1,1,1,0,1,0,1,1,1,1,1,1
Basic,BasicControls,OP-Controls-Basic-LavaShort-DoubleLeft-1-NA-355-Lava.yml,Navigation,1,0,1,0,0,0,,0,,,0,1.0,0,0,0,0,20,0,,,,1,1,0,0,1,0,1,1,0,0,0,0,1,1,1,1,1,1,1,0,1,0,1,1,1,1,1,1,1,1
Basic,BasicControls,OP-Controls-Basic-LavaShort-DoubleLeft-1-NA-5-Lava.yml,Navigation,1,0,1,0,0,0,,0,,,0,1.0,0,0,0,0,20,0,,,,1,1,0,1,1,0,1,1,1,1,0,1,0,1,1,1,1,1,1,1,1,1,1,1,1,1,1,1,1,1
Basic,BasicControls,OP-Controls-Basic-LavaShort-DoubleLeft-2-NA-0-Lava.yml,Navigation,1,0,1,0,0,0,,0,,,0,2.0,0,0,0,0,20,0,,,,1,0,0,0,1,0,1,1,1,0,1,1,1,1,1,1,1,1,1,0,1,0,1,0,1,1,1,0,1,1
Basic,BasicControls,OP-Controls-Basic-LavaShort-DoubleLeft-2-NA-355-Lava.yml,Navigation,1,0,1,0,0,0,,0,,,0,2.0,0,0,0,0,20,0,,,,1,0,0,0,1,0,1,1,1,0,1,1,1,1,1,1,1,0,1,1,1,0,1,1,1,1,1,0,1,1
Basic,BasicControls,OP-Controls-Basic-LavaShort-DoubleLeft-2-NA-5-Lava.yml,Navigation,1,0,1,0,0,0,,0,,,0,2.0,0,0,0,0,20,0,,,,1,1,0,0,1,0,1,1,1,0,0,1,0,1,1,1,1,1,1,1,1,0,1,0,1,0,1,1,1,0
Basic,BasicControls,OP-Controls-Basic-LavaShort-DoubleLeft-4-NA-0-Lava.yml,Navigation,1,0,1,0,0,0,,0,,,0,4.0,0,0,0,0,20,0,,,,1,1,0,0,1,0,1,1,1,0,1,0,0,0,1,1,1,1,1,1,1,1,1,0,1,1,1,0,1,1
Basic,BasicControls,OP-Controls-Basic-LavaShort-DoubleLeft-4-NA-355-Lava.yml,Navigation,1,0,1,0,0,0,,0,,,0,4.0,0,0,0,0,20,0,,,,1,0,0,0,1,0,1,1,1,1,1,0,1,1,1,1,1,0,1,0,1,1,1,1,1,1,1,1,1,0
Basic,BasicControls,OP-Controls-Basic-LavaShort-DoubleLeft-4-NA-5-Lava.yml,Navigation,1,0,1,0,0,0,,0,,,0,4.0,0,0,0,0,20,0,,,,1,0,0,0,1,0,1,1,1,1,1,0,1,1,1,1,0,1,1,0,1,1,1,1,1,1,1,1,1,1
Basic,BasicControls,OP-Controls-Basic-LavaShort-DoubleRight-0.5-NA-0-Lava.yml,Navigation,1,0,1,0,0,0,,0,,,0,0.5,0,0,0,0,20,0,,,,1,1,0,0,1,0,1,1,1,1,0,1,1,1,1,1,1,1,1,1,1,1,1,1,1,1,1,1,1,1
Basic,BasicControls,OP-Controls-Basic-LavaShort-DoubleRight-0.5-NA-355-Lava.yml,Navigation,1,0,1,0,0,0,,0,,,0,0.5,0,0,0,0,20,0,,,,1,1,0,0,1,0,1,1,1,1,0,0,0,1,1,1,1,1,1,1,1,0,1,0,1,1,1,1,1,1
Basic,BasicControls,OP-Controls-Basic-LavaShort-DoubleRight-0.5-NA-5-Lava.yml,Navigation,1,0,1,0,0,0,,0,,,0,0.5,0,0,0,0,20,0,,,,1,0,1,0,1,0,1,1,1,0,0,0,1,1,1,1,1,1,1,1,1,1,1,1,1,1,1,1,1,1
Basic,BasicControls,OP-Controls-Basic-LavaShort-DoubleRight-1-NA-0-Lava.yml,Navigation,1,0,1,0,0,0,,0,,,0,1.0,0,0,0,0,20,0,,,,1,0,1,0,1,0,1,1,1,0,0,0,0,0,1,1,1,1,1,1,1,1,1,0,1,1,1,1,1,1
Basic,BasicControls,OP-Controls-Basic-LavaShort-DoubleRight-1-NA-355-Lava.yml,Navigation,1,0,1,0,0,0,,0,,,0,1.0,0,0,0,0,20,0,,,,1,0,0,0,1,0,1,1,1,1,0,0,1,1,1,0,1,1,1,1,1,0,1,1,1,1,1,1,1,1
Basic,BasicControls,OP-Controls-Basic-LavaShort-DoubleRight-1-NA-5-Lava.yml,Navigation,1,0,1,0,0,0,,0,,,0,1.0,0,0,0,0,20,0,,,,1,1,0,0,1,0,1,1,1,0,1,1,0,1,1,1,1,1,1,1,1,0,1,1,1,1,1,1,1,0
Basic,BasicControls,OP-Controls-Basic-LavaShort-DoubleRight-2-NA-0-Lava.yml,Navigation,1,0,1,0,0,0,,0,,,0,2.0,0,0,0,0,20,0,,,,1,0,0,0,1,0,1,1,1,1,1,1,0,1,1,1,1,1,1,0,1,0,1,0,1,0,1,1,1,1
Basic,BasicControls,OP-Controls-Basic-LavaShort-DoubleRight-2-NA-355-Lava.yml,Navigation,1,0,1,0,0,0,,0,,,0,2.0,0,0,0,0,20,0,,,,1,1,1,0,1,0,1,1,1,1,1,1,0,1,1,0,1,1,1,1,1,0,1,1,1,1,1,1,1,1
Basic,BasicControls,OP-Controls-Basic-LavaShort-DoubleRight-2-NA-5-Lava.yml,Navigation,1,0,1,0,0,0,,0,,,0,2.0,0,0,0,0,20,0,,,,1,0,0,0,1,0,1,1,1,1,1,1,0,1,1,1,1,1,1,1,1,1,1,1,1,1,1,1,1,0
Basic,BasicControls,OP-Controls-Basic-LavaShort-DoubleRight-4-NA-0-Lava.yml,Navigation,1,0,1,0,0,0,,0,,,0,4.0,0,0,0,0,20,0,,,,1,1,0,0,0,0,1,1,1,1,1,1,1,1,1,1,1,1,1,0,1,1,1,1,1,1,1,0,1,1
Basic,BasicControls,OP-Controls-Basic-LavaShort-DoubleRight-4-NA-355-Lava.yml,Navigation,1,0,1,0,0,0,,0,,,0,4.0,0,0,0,0,20,0,,,,1,0,0,0,1,0,1,1,1,1,1,1,1,1,1,1,1,1,1,1,1,1,1,1,1,1,1,1,1,1
Basic,BasicControls,OP-Controls-Basic-LavaShort-DoubleRight-4-NA-5-Lava.yml,Navigation,1,0,1,0,0,0,,0,,,0,4.0,0,0,0,0,20,0,,,,1,0,0,0,1,0,1,1,1,1,1,1,1,1,1,1,1,1,1,1,1,1,1,1,1,1,1,1,1,1
Basic,BasicControls,OP-Controls-Basic-LavaShort-Single-0.5-NA-0-Lava.yml,Navigation,1,0,1,0,0,0,,0,,,0,0.5,0,0,0,0,20,0,,,,1,0,0,0,1,0,1,1,1,0,0,1,1,1,1,1,1,1,1,1,1,0,1,1,1,1,1,0,1,1
Basic,BasicControls,OP-Controls-Basic-LavaShort-Single-0.5-NA-355-Lava.yml,Navigation,1,0,1,0,0,0,,0,,,0,0.5,0,0,0,0,20,0,,,,1,0,0,0,1,0,1,1,1,1,0,1,0,1,1,1,1,1,1,1,1,1,1,0,1,1,1,1,1,1
Basic,BasicControls,OP-Controls-Basic-LavaShort-Single-0.5-NA-5-Lava.yml,Navigation,1,0,1,0,0,0,,0,,,0,0.5,0,0,0,0,20,0,,,,1,0,0,1,1,0,1,1,1,1,0,0,1,1,1,1,1,1,1,1,1,1,1,1,1,1,1,0,1,0
Basic,BasicControls,OP-Controls-Basic-LavaShort-Single-1-NA-0-Lava.yml,Navigation,1,0,1,0,0,0,,0,,,0,1.0,0,0,0,0,20,0,,,,1,0,0,0,1,0,1,1,1,1,0,0,0,1,1,1,1,1,1,1,1,1,1,1,1,1,1,0,1,1
Basic,BasicControls,OP-Controls-Basic-LavaShort-Single-1-NA-355-Lava.yml,Navigation,1,0,1,0,0,0,,0,,,0,1.0,0,0,0,0,20,0,,,,1,1,0,0,1,0,1,1,1,0,0,1,1,1,1,1,1,1,1,1,1,1,1,1,1,1,1,0,1,0
Basic,BasicControls,OP-Controls-Basic-LavaShort-Single-1-NA-5-Lava.yml,Navigation,1,0,1,0,0,0,,0,,,0,1.0,0,0,0,0,20,0,,,,1,0,0,0,1,0,1,1,1,1,0,0,0,1,1,1,1,1,1,1,1,1,1,0,1,1,1,1,1,1
Basic,BasicControls,OP-Controls-Basic-LavaShort-Single-2-NA-0-Lava.yml,Navigation,1,0,1,0,0,0,,0,,,0,2.0,0,0,0,0,20,0,,,,1,0,1,0,0,0,1,1,1,0,1,0,1,1,1,1,1,1,1,1,1,1,1,1,1,1,1,1,1,0
Basic,BasicControls,OP-Controls-Basic-LavaShort-Single-2-NA-355-Lava.yml,Navigation,1,0,1,0,0,0,,0,,,0,2.0,0,0,0,0,20,0,,,,1,0,0,0,1,0,1,1,1,1,0,1,0,1,1,1,1,1,1,1,1,1,1,1,1,1,1,1,1,1
Basic,BasicControls,OP-Controls-Basic-LavaShort-Single-2-NA-5-Lava.yml,Navigation,1,0,1,0,0,0,,0,,,0,2.0,0,0,0,0,20,0,,,,1,0,1,0,1,1,1,1,1,1,0,1,1,1,1,0,1,1,1,0,1,1,1,1,1,1,1,1,1,1
Basic,BasicControls,OP-Controls-Basic-LavaShort-Single-4-NA-0-Lava.yml,Navigation,1,0,1,0,0,0,,0,,,0,4.0,0,0,0,0,20,0,,,,1,1,0,0,1,0,1,1,1,0,1,1,0,1,1,1,1,1,1,0,1,1,1,1,1,1,1,1,1,1
Basic,BasicControls,OP-Controls-Basic-LavaShort-Single-4-NA-355-Lava.yml,Navigation,1,0,1,0,0,0,,0,,,0,4.0,0,0,0,0,20,0,,,,1,0,0,0,1,0,1,1,1,1,0,1,1,1,1,1,1,1,1,0,1,1,1,0,1,1,1,1,1,0
Basic,BasicControls,OP-Controls-Basic-LavaShort-Single-4-NA-5-Lava.yml,Navigation,1,0,1,0,0,0,,0,,,0,4.0,0,0,0,0,20,0,,,,1,0,0,0,1,0,1,1,1,1,1,1,1,1,1,1,1,1,1,1,1,1,1,0,1,1,1,1,1,1
Basic,BasicControls,OP-Controls-Basic-MovingGreen-LeftLong-0.5-NA-0-NA.yml,Navigation,1,0,0,0,0,0,,-1,,,0,0.5,0,0,1,0,20,0,,,,1,1,1,0,1,1,1,1,1,1,0,0,1,1,1,1,1,1,1,1,1,1,1,1,1,1,1,1,1,1
Basic,BasicControls,OP-Controls-Basic-MovingGreen-LeftLong-0.5-NA-355-NA.yml,Navigation,1,0,0,0,0,0,,-1,,,0,0.5,0,0,1,0,20,0,,,,1,0,0,0,0,1,1,1,1,1,0,0,1,1,1,1,0,1,1,1,1,1,1,1,1,0,1,1,1,0
Basic,BasicControls,OP-Controls-Basic-MovingGreen-LeftLong-0.5-NA-5-NA.yml,Navigation,1,0,0,0,0,0,,-1,,,0,0.5,0,0,1,0,20,0,,,,1,0,0,1,1,0,1,1,1,1,0,1,1,1,1,1,1,1,1,0,1,1,1,0,1,0,1,1,1,0
Basic,BasicControls,OP-Controls-Basic-MovingGreen-LeftLong-1-NA-0-NA.yml,Navigation,1,0,0,0,0,0,,-1,,,0,1.0,0,0,1,0,20,0,,,,1,0,0,0,1,1,1,1,1,1,0,0,1,1,1,1,1,1,1,1,1,0,1,1,1,0,1,1,1,1
Basic,BasicControls,OP-Controls-Basic-MovingGreen-LeftLong-1-NA-355-NA.yml,Navigation,1,0,0,0,0,0,,-1,,,0,1.0,0,0,1,0,20,0,,,,1,1,0,0,1,1,1,1,1,1,1,0,1,1,1,1,1,1,1,1,1,1,1,1,1,1,1,0,1,1
Basic,BasicControls,OP-Controls-Basic-MovingGreen-LeftLong-1-NA-5-NA.yml,Navigation,1,0,0,0,0,0,,-1,,,0,1.0,0,0,1,0,20,0,,,,1,1,1,0,1,0,1,1,1,1,0,0,1,1,1,1,1,1,1,0,1,0,1,1,1,0,1,1,1,1
Basic,BasicControls,OP-Controls-Basic-MovingGreen-LeftLong-2-NA-0-NA.yml,Navigation,1,0,0,0,0,0,,-1,,,0,2.0,0,0,1,0,20,0,,,,1,0,1,0,1,1,0,1,1,1,1,0,1,1,1,1,1,1,1,1,1,1,1,1,1,0,1,1,1,1
Basic,BasicControls,OP-Controls-Basic-MovingGreen-LeftLong-2-NA-355-NA.yml,Navigation,1,0,0,0,0,0,,-1,,,0,2.0,0,0,1,0,20,0,,,,1,0,0,0,1,1,1,1,1,1,1,0,1,1,1,1,1,1,1,1,1,1,1,1,1,1,1,0,1,1
Basic,BasicControls,OP-Controls-Basic-MovingGreen-LeftLong-2-NA-5-NA.yml,Navigation,1,0,0,0,0,0,,-1,,,0,2.0,0,0,1,0,20,0,,,,1,1,0,0,1,1,1,1,1,1,1,0,1,1,1,1,1,1,1,1,1,1,1,0,1,1,1,0,1,1
Basic,BasicControls,OP-Controls-Basic-MovingGreen-LeftLong-4-NA-0-NA.yml,Navigation,1,0,0,0,0,0,,-1,,,0,4.0,0,0,1,0,20,0,,,,1,1,0,0,1,1,1,1,1,1,1,0,1,1,1,1,1,1,1,1,1,0,1,1,1,1,1,0,1,0
Basic,BasicControls,OP-Controls-Basic-MovingGreen-LeftLong-4-NA-355-NA.yml,Navigation,1,0,0,0,0,0,,-1,,,0,4.0,0,0,1,0,20,0,,,,1,0,0,0,1,1,1,1,1,0,1,0,1,1,1,1,0,1,1,1,1,1,1,1,1,1,1,1,1,1
Basic,BasicControls,OP-Controls-Basic-MovingGreen-LeftLong-4-NA-5-NA.yml,Navigation,1,0,0,0,0,0,,-1,,,0,4.0,0,0,1,0,20,0,,,,1,0,0,0,1,1,1,1,1,1,1,1,1,1,1,1,1,1,1,1,1,1,1,0,1,1,1,0,1,1
Basic,BasicControls,OP-Controls-Basic-MovingGreen-LeftMedium-0.5-NA-0-NA.yml,Navigation,1,0,0,0,0,0,,-1,,,0,0.5,0,0,1,0,29,0,,,,1,0,0,0,1,0,1,1,1,1,0,0,1,1,1,1,1,1,1,1,1,1,1,1,1,1,1,0,1,1
Basic,BasicControls,OP-Controls-Basic-MovingGreen-LeftMedium-0.5-NA-355-NA.yml,Navigation,1,0,0,0,0,0,,-1,,,0,0.5,0,0,1,0,29,0,,,,1,1,0,0,1,1,1,1,1,0,0,0,1,1,1,1,1,1,1,0,1,1,1,1,1,1,1,0,1,1
Basic,BasicControls,OP-Controls-Basic-MovingGreen-LeftMedium-0.5-NA-5-NA.yml,Navigation,1,0,0,0,0,0,,-1,,,0,0.5,0,0,1,0,29,0,,,,1,0,0,0,1,1,1,1,1,0,0,1,1,1,1,1,1,1,1,1,1,1,1,1,1,1,1,1,1,0
Basic,BasicControls,OP-Controls-Basic-MovingGreen-LeftMedium-1-NA-0-NA.yml,Navigation,1,0,0,0,0,0,,-1,,,0,1.0,0,0,1,0,29,0,,,,1,0,0,0,1,1,1,1,1,1,0,0,0,1,1,1,1,1,1,1,1,0,1,0,1,0,1,0,1,1
Basic,BasicControls,OP-Controls-Basic-MovingGreen-LeftMedium-1-NA-355-NA.yml,Navigation,1,0,0,0,0,0,,-1,,,0,1.0,0,0,1,0,29,0,,,,1,0,0,0,1,1,1,1,1,1,0,0,1,1,1,1,1,1,1,0,1,1,1,0,1,1,1,0,1,0
Basic,BasicControls,OP-Controls-Basic-MovingGreen-LeftMedium-1-NA-5-NA.yml,Navigation,1,0,0,0,0,0,,-1,,,0,1.0,0,0,1,0,29,0,,,,1,1,0,0,1,1,1,1,1,1,1,0,1,1,1,1,1,1,1,0,1,1,1,1,1,0,1,1,1,1
Basic,BasicControls,OP-Controls-Basic-MovingGreen-LeftMedium-2-NA-0-NA.yml,Navigation,1,0,0,0,0,0,,-1,,,0,2.0,0,0,1,0,29,0,,,,1,1,0,0,1,1,1,1,1,1,1,0,1,1,1,1,1,1,1,1,1,1,1,0,1,1,1,1,1,1
Basic,BasicControls,OP-Controls-Basic-MovingGreen-LeftMedium-2-NA-355-NA.yml,Navigation,1,0,0,0,0,0,,-1,,,0,2.0,0,0,1,0,29,0,,,,1,0,0,0,1,1,1,1,1,1,0,0,1,1,1,1,1,1,1,0,1,1,1,1,1,1,1,1,1,1
Basic,BasicControls,OP-Controls-Basic-MovingGreen-LeftMedium-2-NA-5-NA.yml,Navigation,1,0,0,0,0,0,,-1,,,0,2.0,0,0,1,0,29,0,,,,1,1,0,0,1,1,1,1,1,1,1,0,1,1,1,1,0,1,1,1,1,1,1,1,1,0,1,1,1,1
Basic,BasicControls,OP-Controls-Basic-MovingGreen-LeftMedium-4-NA-0-NA.yml,Navigation,1,0,0,0,0,0,,-1,,,0,4.0,0,0,1,0,29,0,,,,1,1,1,0,1,1,1,1,1,1,1,1,1,1,1,1,1,1,1,1,1,1,1,1,1,0,1,1,1,0
Basic,BasicControls,OP-Controls-Basic-MovingGreen-LeftMedium-4-NA-355-NA.yml,Navigation,1,0,0,0,0,0,,-1,,,0,4.0,0,0,1,0,29,0,,,,1,0,0,0,1,1,1,1,1,1,1,0,1,1,1,1,1,1,1,1,1,1,1,1,1,1,1,0,1,1
Basic,BasicControls,OP-Controls-Basic-MovingGreen-LeftMedium-4-NA-5-NA.yml,Navigation,1,0,0,0,0,0,,-1,,,0,4.0,0,0,1,0,29,0,,,,1,1,0,0,0,1,1,1,1,1,1,0,1,1,1,1,1,1,1,1,1,1,1,0,1,0,1,1,1,0
Basic,BasicControls,OP-Controls-Basic-MovingGreen-LeftShort-0.5-NA-0-NA.yml,Navigation,1,0,0,0,0,0,,-1,,,0,0.5,0,0,1,0,20,0,,,,1,1,0,0,1,1,1,1,1,1,0,0,1,1,1,1,0,1,1,1,1,0,1,0,1,1,1,1,1,1
Basic,BasicControls,OP-Controls-Basic-MovingGreen-LeftShort-0.5-NA-355-NA.yml,Navigation,1,0,0,0,0,0,,-1,,,0,0.5,0,0,1,0,20,0,,,,1,1,0,0,1,1,1,1,1,1,0,1,1,0,1,1,1,1,1,1,1,1,1,1,1,1,1,1,1,0
Basic,BasicControls,OP-Controls-Basic-MovingGreen-LeftShort-0.5-NA-5-NA.yml,Navigation,1,0,0,0,0,0,,-1,,,0,0.5,0,0,1,0,20,0,,,,1,0,0,0,1,1,1,1,1,1,0,1,1,1,1,1,1,1,1,1,1,1,1,1,1,0,1,1,1,1
Basic,BasicControls,OP-Controls-Basic-MovingGreen-LeftShort-1-NA-0-NA.yml,Navigation,1,0,0,0,0,0,,-1,,,0,1.0,0,0,1,0,20,0,,,,1,1,0,0,1,1,1,1,1,1,0,0,1,1,1,1,1,1,1,0,1,1,1,1,1,1,1,0,1,1
Basic,BasicControls,OP-Controls-Basic-MovingGreen-LeftShort-1-NA-355-NA.yml,Navigation,1,0,0,0,0,0,,-1,,,0,1.0,0,0,1,0,20,0,,,,1,0,0,0,1,1,1,1,1,0,1,0,1,1,1,1,1,1,1,0,1,1,1,1,1,0,1,0,1,1
Basic,BasicControls,OP-Controls-Basic-MovingGreen-LeftShort-1-NA-5-NA.yml,Navigation,1,0,0,0,0,0,,-1,,,0,1.0,0,0,1,0,20,0,,,,1,1,0,0,1,1,1,1,1,1,0,1,1,1,1,1,1,1,1,1,1,1,1,1,1,1,1,1,1,1
Basic,BasicControls,OP-Controls-Basic-MovingGreen-LeftShort-2-NA-0-NA.yml,Navigation,1,0,0,0,0,0,,-1,,,0,2.0,0,0,1,0,20,0,,,,1,1,0,0,1,1,1,1,1,1,0,0,1,1,1,1,1,1,1,0,1,1,1,1,1,1,1,1,1,1
Basic,BasicControls,OP-Controls-Basic-MovingGreen-LeftShort-2-NA-355-NA.yml,Navigation,1,0,0,0,0,0,,-1,,,0,2.0,0,0,1,0,20,0,,,,1,0,0,0,1,1,1,0,1,1,1,1,1,1,1,1,1,1,1,1,1,0,1,1,1,0,1,0,1,1
Basic,BasicControls,OP-Controls-Basic-MovingGreen-LeftShort-2-NA-5-NA.yml,Navigation,1,0,0,0,0,0,,-1,,,0,2.0,0,0,1,0,20,0,,,,1,1,0,0,0,1,1,1,1,1,1,0,1,1,1,1,1,1,1,1,1,0,1,1,1,1,1,1,1,1
Basic,BasicControls,OP-Controls-Basic-MovingGreen-LeftShort-4-NA-0-NA.yml,Navigation,1,0,0,0,0,0,,-1,,,0,4.0,0,0,1,0,20,0,,,,1,0,0,0,1,1,1,1,1,1,1,0,1,1,1,1,1,1,1,1,1,0,1,1,1,1,1,0,1,1
Basic,BasicControls,OP-Controls-Basic-MovingGreen-LeftShort-4-NA-355-NA.yml,Navigation,1,0,0,0,0,0,,-1,,,0,4.0,0,0,1,0,20,0,,,,1,1,1,0,0,1,1,1,1,1,1,1,1,1,1,1,1,1,1,1,1,1,1,0,1,1,1,1,1,0
Basic,BasicControls,OP-Controls-Basic-MovingGreen-LeftShort-4-NA-5-NA.yml,Navigation,1,0,0,0,0,0,,-1,,,0,4.0,0,0,1,0,20,0,,,,1,0,0,0,1,1,1,1,1,1,1,0,1,1,1,1,1,1,1,1,1,0,1,1,1,1,1,1,1,1
Basic,BasicControls,OP-Controls-Basic-MovingGreen-RightLong-0.5-NA-0-NA.yml,Navigation,1,0,0,0,0,0,,1,,,0,0.5,0,0,1,0,20,0,,,,1,0,0,0,1,1,1,1,1,1,0,1,0,1,1,1,1,1,1,0,1,0,1,1,1,1,1,0,1,1
Basic,BasicControls,OP-Controls-Basic-MovingGreen-RightLong-0.5-NA-355-NA.yml,Navigation,1,0,0,0,0,0,,1,,,0,0.5,0,0,1,0,20,0,,,,1,1,0,0,1,1,1,1,1,1,0,1,0,1,1,1,1,1,1,0,1,1,1,1,1,0,1,0,1,0
Basic,BasicControls,OP-Controls-Basic-MovingGreen-RightLong-0.5-NA-5-NA.yml,Navigation,1,0,0,0,0,0,,1,,,0,0.5,0,0,1,0,20,0,,,,1,0,0,0,0,1,1,1,1,0,1,1,0,1,1,1,1,1,1,1,1,0,1,0,1,0,1,1,1,1
Basic,BasicControls,OP-Controls-Basic-MovingGreen-RightLong-1-NA-0-NA.yml,Navigation,1,0,0,0,0,0,,1,,,0,1.0,0,0,1,0,20,0,,,,1,0,0,0,1,1,1,1,1,1,0,1,1,1,1,1,1,1,1,1,1,1,1,0,1,1,1,1,1,1
Basic,BasicControls,OP-Controls-Basic-MovingGreen-RightLong-1-NA-355-NA.yml,Navigation,1,0,0,0,0,0,,1,,,0,1.0,0,0,1,0,20,0,,,,1,1,0,0,1,1,1,1,1,1,1,1,0,1,1,0,1,1,1,1,1,1,1,1,1,1,1,1,1,1
Basic,BasicControls,OP-Controls-Basic-MovingGreen-RightLong-1-NA-5-NA.yml,Navigation,1,0,0,0,0,0,,1,,,0,1.0,0,0,1,0,20,0,,,,1,0,0,0,1,1,1,1,1,0,0,1,0,1,1,1,1,1,1,0,1,1,1,1,1,1,1,1,1,1
Basic,BasicControls,OP-Controls-Basic-MovingGreen-RightLong-2-NA-0-NA.yml,Navigation,1,0,0,0,0,0,,1,,,0,2.0,0,0,1,0,20,0,,,,1,1,0,0,1,1,1,1,1,0,1,1,0,1,1,1,1,1,1,1,1,0,1,1,1,0,1,1,1,1
Basic,BasicControls,OP-Controls-Basic-MovingGreen-RightLong-2-NA-355-NA.yml,Navigation,1,0,0,0,0,0,,1,,,0,2.0,0,0,1,0,20,0,,,,1,1,1,0,1,1,1,1,1,0,0,1,1,1,1,1,1,0,1,1,1,1,1,1,1,0,1,1,1,1
Basic,BasicControls,OP-Controls-Basic-MovingGreen-RightLong-2-NA-5-NA.yml,Navigation,1,0,0,0,0,0,,1,,,0,2.0,0,0,1,0,20,0,,,,1,0,0,1,1,1,1,0,1,0,0,1,1,1,1,1,1,1,1,0,1,1,1,1,1,1,1,1,1,0
Basic,BasicControls,OP-Controls-Basic-MovingGreen-RightLong-4-NA-0-NA.yml,Navigation,1,0,0,0,0,0,,1,,,0,4.0,0,0,1,0,20,0,,,,1,1,0,0,1,1,1,1,1,1,1,1,0,1,1,1,1,1,1,0,1,1,1,1,1,1,1,1,1,1
Basic,BasicControls,OP-Controls-Basic-MovingGreen-RightLong-4-NA-355-NA.yml,Navigation,1,0,0,0,0,0,,1,,,0,4.0,0,0,1,0,20,0,,,,1,0,0,0,1,1,1,1,1,1,1,1,0,1,1,1,1,1,1,0,1,1,1,0,1,1,1,0,1,1
Basic,BasicControls,OP-Controls-Basic-MovingGreen-RightLong-4-NA-5-NA.yml,Navigation,1,0,0,0,0,0,,1,,,0,4.0,0,0,1,0,20,0,,,,1,1,0,0,1,1,1,1,1,1,1,1,0,0,1,1,0,1,1,1,1,1,1,1,1,0,1,0,1,1
Basic,BasicControls,OP-Controls-Basic-MovingGreen-RightMedium-0.5-NA-0-NA.yml,Navigation,1,0,0,0,0,0,,1,,,0,0.5,0,0,1,0,29,0,,,,1,1,0,0,1,1,1,1,1,1,1,1,0,1,1,1,1,1,1,1,1,0,1,0,1,1,1,1,1,1
Basic,BasicControls,OP-Controls-Basic-MovingGreen-RightMedium-0.5-NA-355-NA.yml,Navigation,1,0,0,0,0,0,,1,,,0,0.5,0,0,1,0,29,0,,,,1,1,0,0,1,0,1,1,1,1,0,0,0,1,1,1,1,1,1,1,1,1,1,1,1,1,1,0,1,0
Basic,BasicControls,OP-Controls-Basic-MovingGreen-RightMedium-0.5-NA-5-NA.yml,Navigation,1,0,0,0,0,0,,1,,,0,0.5,0,0,1,0,29,0,,,,1,1,0,1,1,1,1,1,1,1,1,1,0,1,1,1,1,1,1,0,1,0,1,1,1,0,1,1,1,1
Basic,BasicControls,OP-Controls-Basic-MovingGreen-RightMedium-1-NA-0-NA.yml,Navigation,1,0,0,0,0,0,,1,,,0,1.0,0,0,1,0,29,0,,,,1,1,0,0,1,1,1,1,1,1,0,1,0,1,1,1,1,1,1,1,1,1,1,0,1,0,1,1,1,0
Basic,BasicControls,OP-Controls-Basic-MovingGreen-RightMedium-1-NA-355-NA.yml,Navigation,1,0,0,0,0,0,,1,,,0,1.0,0,0,1,0,29,0,,,,1,0,0,0,1,1,1,1,1,1,0,0,0,1,1,1,1,1,1,1,1,1,1,1,1,1,1,1,1,1
Basic,BasicControls,OP-Controls-Basic-MovingGreen-RightMedium-1-NA-5-NA.yml,Navigation,1,0,0,0,0,0,,1,,,0,1.0,0,0,1,0,29,0,,,,1,0,0,0,1,1,1,1,0,1,0,1,0,1,1,1,1,1,1,1,1,1,1,1,1,1,1,1,1,1
Basic,BasicControls,OP-Controls-Basic-MovingGreen-RightMedium-2-NA-0-NA.yml,Navigation,1,0,0,0,0,0,,1,,,0,2.0,0,0,1,0,29,0,,,,1,0,0,0,1,1,1,1,1,1,1,1,0,1,1,1,1,1,1,1,1,1,1,0,1,0,1,0,1,1
Basic,BasicControls,OP-Controls-Basic-MovingGreen-RightMedium-2-NA-355-NA.yml,Navigation,1,0,0,0,0,0,,1,,,0,2.0,0,0,1,0,29,0,,,,1,0,0,0,1,1,0,1,0,0,1,1,0,1,1,1,1,1,1,0,1,1,1,1,1,1,1,1,1,0
Basic,BasicControls,OP-Controls-Basic-MovingGreen-RightMedium-2-NA-5-NA.yml,Navigation,1,0,0,0,0,0,,1,,,0,2.0,0,0,1,0,29,0,,,,1,1,0,0,1,1,1,1,1,1,1,1,0,1,1,1,1,1,1,1,1,1,1,1,1,1,1,1,1,0
Basic,BasicControls,OP-Controls-Basic-MovingGreen-RightMedium-4-NA-0-NA.yml,Navigation,1,0,0,0,0,0,,1,,,0,4.0,0,0,1,0,29,0,,,,1,0,0,0,1,1,1,1,1,0,1,1,0,1,1,1,0,1,1,0,1,1,1,1,1,0,1,0,1,1
Basic,BasicControls,OP-Controls-Basic-MovingGreen-RightMedium-4-NA-355-NA.yml,Navigation,1,0,0,0,0,0,,1,,,0,4.0,0,0,1,0,29,0,,,,1,0,1,0,1,1,1,1,1,1,1,1,0,0,1,1,1,1,1,1,1,1,1,1,1,1,1,1,1,0
Basic,BasicControls,OP-Controls-Basic-MovingGreen-RightMedium-4-NA-5-NA.yml,Navigation,1,0,0,0,0,0,,1,,,0,4.0,0,0,1,0,29,0,,,,1,0,0,0,1,1,1,0,1,1,1,1,1,1,1,1,1,1,1,1,1,0,1,1,1,1,1,1,1,0
Basic,BasicControls,OP-Controls-Basic-MovingGreen-RightShort-0.5-NA-0-NA.yml,Navigation,1,0,0,0,0,0,,1,,,0,0.5,0,0,1,0,20,0,,,,1,0,0,0,1,1,1,1,1,1,0,1,0,1,1,1,1,1,1,1,1,1,1,1,1,0,1,1,1,0
Basic,BasicControls,OP-Controls-Basic-MovingGreen-RightShort-0.5-NA-355-NA.yml,Navigation,1,0,0,0,0,0,,1,,,0,0.5,0,0,1,0,20,0,,,,1,0,0,0,1,1,1,1,1,0,0,1,0,1,1,1,1,1,1,1,1,0,1,1,1,0,1,1,1,1
Basic,BasicControls,OP-Controls-Basic-MovingGreen-RightShort-0.5-NA-5-NA.yml,Navigation,1,0,0,0,0,0,,1,,,0,0.5,0,0,1,0,20,0,,,,1,1,0,0,1,1,1,1,1,1,0,1,0,1,1,1,1,1,1,1,1,1,1,0,1,1,1,0,1,1
Basic,BasicControls,OP-Controls-Basic-MovingGreen-RightShort-1-NA-0-NA.yml,Navigation,1,0,0,0,0,0,,1,,,0,1.0,0,0,1,0,20,0,,,,1,0,0,0,1,1,1,1,1,1,1,1,0,1,1,1,1,1,1,1,1,0,1,0,1,1,1,0,1,1
Basic,BasicControls,OP-Controls-Basic-MovingGreen-RightShort-1-NA-355-NA.yml,Navigation,1,0,0,0,0,0,,1,,,0,1.0,0,0,1,0,20,0,,,,1,0,0,0,0,1,1,1,1,1,1,1,0,1,1,1,1,1,1,0,1,1,1,1,1,0,1,1,1,1
Basic,BasicControls,OP-Controls-Basic-MovingGreen-RightShort-1-NA-5-NA.yml,Navigation,1,0,0,0,0,0,,1,,,0,1.0,0,0,1,0,20,0,,,,1,1,0,0,1,1,1,0,1,1,0,1,1,1,1,1,1,0,1,0,1,1,1,1,1,1,1,1,1,0
Basic,BasicControls,OP-Controls-Basic-MovingGreen-RightShort-2-NA-0-NA.yml,Navigation,1,0,0,0,0,0,,1,,,0,2.0,0,0,1,0,20,0,,,,1,1,0,0,1,1,1,1,1,1,1,1,1,1,1,1,1,1,1,1,1,1,1,0,1,0,1,1,1,1
Basic,BasicControls,OP-Controls-Basic-MovingGreen-RightShort-2-NA-355-NA.yml,Navigation,1,0,0,0,0,0,,1,,,0,2.0,0,0,1,0,20,0,,,,1,1,0,0,1,1,1,1,1,1,1,1,0,1,1,1,1,1,1,0,1,1,1,1,1,1,1,1,1,0
Basic,BasicControls,OP-Controls-Basic-MovingGreen-RightShort-2-NA-5-NA.yml,Navigation,1,0,0,0,0,0,,1,,,0,2.0,0,0,1,0,20,0,,,,1,0,1,0,1,1,1,0,1,1,1,1,0,1,1,1,1,1,1,1,1,0,1,1,1,1,1,1,1,1
Basic,BasicControls,OP-Controls-Basic-MovingGreen-RightShort-4-NA-0-NA.yml,Navigation,1,0,0,0,0,0,,1,,,0,4.0,0,0,1,0,20,0,,,,1,1,0,0,0,1,1,1,1,1,0,1,0,1,1,1,1,1,1,0,1,1,1,1,1,1,1,1,1,1
Basic,BasicControls,OP-Controls-Basic-MovingGreen-RightShort-4-NA-355-NA.yml,Navigation,1,0,0,0,0,0,,1,,,0,4.0,0,0,1,0,20,0,,,,1,1,0,0,1,1,1,1,1,1,1,1,1,1,1,1,1,1,1,0,1,1,1,1,1,0,1,1,1,0
Basic,BasicControls,OP-Controls-Basic-MovingGreen-RightShort-4-NA-5-NA.yml,Navigation,1,0,0,0,0,0,,1,,,0,4.0,0,0,1,0,20,0,,,,1,0,1,0,1,1,1,1,1,1,1,1,0,1,1,1,1,1,1,0,1,1,1,1,1,1,1,1,1,1
Basic,BasicControls,OP-Controls-Basic-OpaqueWLong-Double-0.5-Grey-0-Opaque.yml,Navigation,1,0,0,0,0,0,Grey,0,,,0,0.5,0,0,0,0,20,0,153.0,153.0,153.0,1,1,0,0,0,1,1,1,1,1,0,0,0,1,1,1,1,1,1,1,1,0,1,1,1,1,1,1,1,1
Basic,BasicControls,OP-Controls-Basic-OpaqueWLong-Double-0.5-Grey-355-Opaque.yml,Navigation,1,0,0,0,0,0,Grey,0,,,0,0.5,0,0,0,0,20,0,153.0,153.0,153.0,1,1,0,1,1,1,1,1,1,1,0,1,0,1,1,1,1,0,1,1,1,1,1,0,1,1,1,0,1,1
Basic,BasicControls,OP-Controls-Basic-OpaqueWLong-Double-0.5-Grey-5-Opaque.yml,Navigation,1,0,0,0,0,0,Grey,0,,,0,0.5,0,0,0,0,20,0,153.0,153.0,153.0,1,0,0,0,1,1,0,0,1,0,0,0,1,1,1,1,1,1,1,1,1,1,1,0,1,1,1,1,1,1
Basic,BasicControls,OP-Controls-Basic-OpaqueWLong-Double-1-Grey-0-Opaque.yml,Navigation,1,0,0,0,0,0,Grey,0,,,0,1.0,0,0,0,0,20,0,153.0,153.0,153.0,1,1,0,0,0,1,1,1,1,1,0,1,0,1,1,1,1,1,1,1,1,1,1,1,1,1,1,0,1,1
Basic,BasicControls,OP-Controls-Basic-OpaqueWLong-Double-1-Grey-355-Opaque.yml,Navigation,1,0,0,0,0,0,Grey,0,,,0,1.0,0,0,0,0,20,0,153.0,153.0,153.0,1,0,0,0,1,1,1,1,1,0,0,0,1,1,1,1,1,1,1,1,1,1,1,1,1,1,1,1,1,0
Basic,BasicControls,OP-Controls-Basic-OpaqueWLong-Double-1-Grey-5-Opaque.yml,Navigation,1,0,0,0,0,0,Grey,0,,,0,1.0,0,0,0,0,20,0,153.0,153.0,153.0,1,1,0,0,1,1,1,1,1,1,0,1,1,1,1,1,1,1,1,1,1,1,1,1,1,1,1,1,1,1
Basic,BasicControls,OP-Controls-Basic-OpaqueWLong-Double-2-Grey-0-Opaque.yml,Navigation,1,0,0,0,0,0,Grey,0,,,0,2.0,0,0,0,0,20,0,153.0,153.0,153.0,1,1,0,1,0,1,0,1,1,1,0,1,0,1,1,1,1,1,1,1,1,1,1,0,1,0,1,1,1,0
Basic,BasicControls,OP-Controls-Basic-OpaqueWLong-Double-2-Grey-355-Opaque.yml,Navigation,1,0,0,0,0,0,Grey,0,,,0,2.0,0,0,0,0,20,0,153.0,153.0,153.0,1,0,0,0,0,1,1,1,1,1,1,0,0,1,1,1,1,1,1,1,1,1,1,0,1,1,1,0,1,1
Basic,BasicControls,OP-Controls-Basic-OpaqueWLong-Double-2-Grey-5-Opaque.yml,Navigation,1,0,0,0,0,0,Grey,0,,,0,2.0,0,0,0,0,20,0,153.0,153.0,153.0,1,1,0,0,1,1,1,1,1,0,1,1,1,1,1,1,1,1,1,0,1,0,1,1,1,0,1,1,1,0
Basic,BasicControls,OP-Controls-Basic-OpaqueWLong-Double-4-Grey-0-Opaque.yml,Navigation,1,0,0,0,0,0,Grey,0,,,0,4.0,0,0,0,0,20,0,153.0,153.0,153.0,1,1,0,0,1,1,1,1,1,0,1,1,1,1,1,1,1,1,1,0,1,1,1,1,1,0,1,1,1,1
Basic,BasicControls,OP-Controls-Basic-OpaqueWLong-Double-4-Grey-355-Opaque.yml,Navigation,1,0,0,0,0,0,Grey,0,,,0,4.0,0,0,0,0,20,0,153.0,153.0,153.0,1,0,0,0,0,1,1,1,1,1,1,1,1,1,1,1,1,1,1,1,1,1,1,0,1,1,1,1,1,1
Basic,BasicControls,OP-Controls-Basic-OpaqueWLong-Double-4-Grey-5-Opaque.yml,Navigation,1,0,0,0,0,0,Grey,0,,,0,4.0,0,0,0,0,20,0,153.0,153.0,153.0,1,0,0,0,1,1,1,1,1,1,1,1,1,1,1,1,1,1,1,1,1,1,1,0,1,1,1,1,1,1
Basic,BasicControls,OP-Controls-Basic-OpaqueWLong-Left-0.5-Grey-0-Opaque.yml,Navigation,1,0,0,0,0,0,Grey,-1,,,0,0.5,0,0,0,0,20,0,153.0,153.0,153.0,1,0,0,0,1,1,1,0,1,0,0,1,1,1,1,1,1,0,1,1,1,1,1,1,1,1,1,1,1,1
Basic,BasicControls,OP-Controls-Basic-OpaqueWLong-Left-0.5-Grey-355-Opaque.yml,Navigation,1,0,0,0,0,0,Grey,-1,,,0,0.5,0,0,0,0,20,0,153.0,153.0,153.0,1,1,0,0,1,1,1,1,0,0,0,1,1,1,1,1,1,1,1,0,1,1,1,0,1,1,1,1,1,1
Basic,BasicControls,OP-Controls-Basic-OpaqueWLong-Left-0.5-Grey-5-Opaque.yml,Navigation,1,0,0,0,0,0,Grey,-1,,,0,0.5,0,0,0,0,20,0,153.0,153.0,153.0,1,0,0,0,1,1,1,1,1,0,1,0,1,1,1,1,1,1,1,1,1,1,1,0,1,1,1,0,1,1
Basic,BasicControls,OP-Controls-Basic-OpaqueWLong-Left-1-Grey-0-Opaque.yml,Navigation,1,0,0,0,0,0,Grey,-1,,,0,1.0,0,0,0,0,20,0,153.0,153.0,153.0,1,0,0,0,1,1,1,1,1,1,0,0,1,1,1,1,1,1,1,1,1,0,1,1,1,1,1,1,1,1
Basic,BasicControls,OP-Controls-Basic-OpaqueWLong-Left-1-Grey-355-Opaque.yml,Navigation,1,0,0,0,0,0,Grey,-1,,,0,1.0,0,0,0,0,20,0,153.0,153.0,153.0,1,1,0,1,1,1,1,1,1,0,0,0,1,0,1,1,0,1,1,1,1,0,1,1,1,1,1,1,1,1
Basic,BasicControls,OP-Controls-Basic-OpaqueWLong-Left-1-Grey-5-Opaque.yml,Navigation,1,0,0,0,0,0,Grey,-1,,,0,1.0,0,0,0,0,20,0,153.0,153.0,153.0,1,1,0,0,0,1,1,1,1,1,1,1,1,1,1,1,1,1,1,1,1,1,1,0,1,1,1,1,1,1
Basic,BasicControls,OP-Controls-Basic-OpaqueWLong-Left-2-Grey-0-Opaque.yml,Navigation,1,0,0,0,0,0,Grey,-1,,,0,2.0,0,0,0,0,20,0,153.0,153.0,153.0,1,1,0,1,0,1,1,1,1,1,1,1,1,1,1,1,1,1,1,1,1,1,1,1,1,1,1,1,1,0
Basic,BasicControls,OP-Controls-Basic-OpaqueWLong-Left-2-Grey-355-Opaque.yml,Navigation,1,0,0,0,0,0,Grey,-1,,,0,2.0,0,0,0,0,20,0,153.0,153.0,153.0,1,0,0,0,1,1,1,1,1,1,1,1,1,1,1,1,1,1,1,1,1,1,1,1,1,1,1,0,1,0
Basic,BasicControls,OP-Controls-Basic-OpaqueWLong-Left-2-Grey-5-Opaque.yml,Navigation,1,0,0,0,0,0,Grey,-1,,,0,2.0,0,0,0,0,20,0,153.0,153.0,153.0,1,1,0,0,1,1,1,1,1,1,0,0,1,1,1,1,1,0,1,1,1,1,1,1,1,1,1,1,1,1
Basic,BasicControls,OP-Controls-Basic-OpaqueWLong-Left-4-Grey-0-Opaque.yml,Navigation,1,0,0,0,0,0,Grey,-1,,,0,4.0,0,0,0,0,20,0,153.0,153.0,153.0,1,0,0,0,1,1,1,1,1,1,1,0,1,1,1,1,0,1,1,1,1,1,1,1,1,1,1,0,1,0
Basic,BasicControls,OP-Controls-Basic-OpaqueWLong-Left-4-Grey-355-Opaque.yml,Navigation,1,0,0,0,0,0,Grey,-1,,,0,4.0,0,0,0,0,20,0,153.0,153.0,153.0,1,1,0,0,0,1,1,1,1,1,1,0,1,1,1,1,1,1,1,1,1,1,1,0,1,1,1,1,1,1
Basic,BasicControls,OP-Controls-Basic-OpaqueWLong-Left-4-Grey-5-Opaque.yml,Navigation,1,0,0,0,0,0,Grey,-1,,,0,4.0,0,0,0,0,20,0,153.0,153.0,153.0,1,1,0,0,0,1,1,1,1,1,1,0,1,1,1,1,1,1,1,1,1,1,1,1,1,1,1,0,1,1
Basic,BasicControls,OP-Controls-Basic-OpaqueWLong-Right-0.5-Grey-0-Opaque.yml,Navigation,1,0,0,0,0,0,Grey,1,,,0,0.5,0,0,0,0,20,0,153.0,153.0,153.0,1,0,0,0,1,1,1,1,1,0,0,1,0,1,1,1,1,0,1,0,1,0,1,1,1,0,1,1,1,0
Basic,BasicControls,OP-Controls-Basic-OpaqueWLong-Right-0.5-Grey-355-Opaque.yml,Navigation,1,0,0,0,0,0,Grey,1,,,0,0.5,0,0,0,0,20,0,153.0,153.0,153.0,1,1,0,1,1,1,1,1,1,0,0,1,0,1,1,1,1,1,1,1,1,1,1,0,1,1,1,1,1,1
Basic,BasicControls,OP-Controls-Basic-OpaqueWLong-Right-0.5-Grey-5-Opaque.yml,Navigation,1,0,0,0,0,0,Grey,1,,,0,0.5,0,0,0,0,20,0,153.0,153.0,153.0,1,0,0,0,1,1,1,1,1,1,0,1,1,1,1,1,1,0,1,1,1,1,1,1,1,0,1,1,1,1
Basic,BasicControls,OP-Controls-Basic-OpaqueWLong-Right-1-Grey-0-Opaque.yml,Navigation,1,0,0,0,0,0,Grey,1,,,0,1.0,0,0,0,0,20,0,153.0,153.0,153.0,1,0,0,0,1,1,1,1,1,1,0,0,0,1,1,1,1,1,1,1,1,1,1,1,1,1,1,0,1,1
Basic,BasicControls,OP-Controls-Basic-OpaqueWLong-Right-1-Grey-355-Opaque.yml,Navigation,1,0,0,0,0,0,Grey,1,,,0,1.0,0,0,0,0,20,0,153.0,153.0,153.0,1,0,0,0,0,1,1,1,1,1,1,1,0,1,1,1,1,1,1,1,1,1,1,1,1,1,1,1,1,0
Basic,BasicControls,OP-Controls-Basic-OpaqueWLong-Right-1-Grey-5-Opaque.yml,Navigation,1,0,0,0,0,0,Grey,1,,,0,1.0,0,0,0,0,20,0,153.0,153.0,153.0,1,1,0,0,1,1,1,1,1,1,0,0,0,1,1,1,1,1,1,1,1,1,1,1,1,1,1,0,1,1
Basic,BasicControls,OP-Controls-Basic-OpaqueWLong-Right-2-Grey-0-Opaque.yml,Navigation,1,0,0,0,0,0,Grey,1,,,0,2.0,0,0,0,0,20,0,153.0,153.0,153.0,1,0,0,0,1,1,1,1,1,1,1,1,1,1,1,1,0,1,1,1,1,1,1,0,1,1,1,0,1,1
Basic,BasicControls,OP-Controls-Basic-OpaqueWLong-Right-2-Grey-355-Opaque.yml,Navigation,1,0,0,0,0,0,Grey,1,,,0,2.0,0,0,0,0,20,0,153.0,153.0,153.0,1,0,0,0,1,1,1,1,1,1,1,1,0,1,1,1,1,1,1,1,1,1,1,1,1,1,1,1,1,1
Basic,BasicControls,OP-Controls-Basic-OpaqueWLong-Right-2-Grey-5-Opaque.yml,Navigation,1,0,0,0,0,0,Grey,1,,,0,2.0,0,0,0,0,20,0,153.0,153.0,153.0,1,1,0,0,1,1,1,1,1,1,1,1,0,1,1,1,1,1,1,1,1,0,1,1,1,1,1,1,1,1
Basic,BasicControls,OP-Controls-Basic-OpaqueWLong-Right-4-Grey-0-Opaque.yml,Navigation,1,0,0,0,0,0,Grey,1,,,0,4.0,0,0,0,0,20,0,153.0,153.0,153.0,1,1,0,0,1,1,1,0,1,1,1,1,1,0,1,1,1,1,1,1,1,1,1,1,1,0,1,1,1,1
Basic,BasicControls,OP-Controls-Basic-OpaqueWLong-Right-4-Grey-355-Opaque.yml,Navigation,1,0,0,0,0,0,Grey,1,,,0,4.0,0,0,0,0,20,0,153.0,153.0,153.0,1,0,0,0,1,0,1,1,1,1,1,1,1,1,1,1,1,1,1,1,1,1,1,1,1,0,1,1,1,0
Basic,BasicControls,OP-Controls-Basic-OpaqueWLong-Right-4-Grey-5-Opaque.yml,Navigation,1,0,0,0,0,0,Grey,1,,,0,4.0,0,0,0,0,20,0,153.0,153.0,153.0,1,0,0,1,1,0,1,1,1,1,1,1,0,1,1,1,1,1,1,1,1,1,1,0,1,1,1,1,1,1
Basic,BasicControls,OP-Controls-Basic-OpaqueWLong-Short-0.5-Grey-0-Opaque.yml,Navigation,1,0,0,0,0,0,Grey,0,,,0,0.5,0,0,0,0,20,0,153.0,153.0,153.0,1,1,0,0,0,1,1,1,1,1,0,0,0,1,1,1,1,1,1,1,1,1,1,1,1,0,1,1,1,0
Basic,BasicControls,OP-Controls-Basic-OpaqueWLong-Short-0.5-Grey-355-Opaque.yml,Navigation,1,0,0,0,0,0,Grey,0,,,0,0.5,0,0,0,0,20,0,153.0,153.0,153.0,1,0,0,1,1,1,1,1,1,1,0,1,1,1,1,1,1,1,1,1,1,1,1,1,1,0,1,0,1,1
Basic,BasicControls,OP-Controls-Basic-OpaqueWLong-Short-0.5-Grey-5-Opaque.yml,Navigation,1,0,0,0,0,0,Grey,0,,,0,0.5,0,0,0,0,20,0,153.0,153.0,153.0,1,1,0,0,0,1,1,1,0,1,0,1,0,1,1,1,1,1,1,1,1,1,1,1,1,0,1,1,1,0
Basic,BasicControls,OP-Controls-Basic-OpaqueWLong-Short-1-Grey-0-Opaque.yml,Navigation,1,0,0,0,0,0,Grey,0,,,0,1.0,0,0,0,0,20,0,153.0,153.0,153.0,1,0,0,0,1,1,1,1,1,0,0,1,1,1,1,1,1,1,1,1,1,1,1,1,1,0,1,0,1,0
Basic,BasicControls,OP-Controls-Basic-OpaqueWLong-Short-1-Grey-355-Opaque.yml,Navigation,1,0,0,0,0,0,Grey,0,,,0,1.0,0,0,0,0,20,0,153.0,153.0,153.0,1,1,0,0,1,1,1,1,1,0,1,1,1,1,1,1,1,1,1,0,1,1,1,1,1,1,1,1,1,1
Basic,BasicControls,OP-Controls-Basic-OpaqueWLong-Short-1-Grey-5-Opaque.yml,Navigation,1,0,0,0,0,0,Grey,0,,,0,1.0,0,0,0,0,20,0,153.0,153.0,153.0,1,1,0,0,1,1,1,1,1,1,0,1,0,1,1,1,1,1,1,1,1,1,1,0,1,0,1,1,1,1
Basic,BasicControls,OP-Controls-Basic-OpaqueWLong-Short-2-Grey-0-Opaque.yml,Navigation,1,0,0,0,0,0,Grey,0,,,0,2.0,0,0,0,0,20,0,153.0,153.0,153.0,1,1,0,0,1,1,1,1,1,0,0,1,0,1,1,1,1,1,1,0,1,1,1,1,1,0,1,1,1,0
Basic,BasicControls,OP-Controls-Basic-OpaqueWLong-Short-2-Grey-355-Opaque.yml,Navigation,1,0,0,0,0,0,Grey,0,,,0,2.0,0,0,0,0,20,0,153.0,153.0,153.0,1,1,0,0,1,1,1,1,1,1,0,1,0,1,1,1,1,1,1,1,1,1,1,1,1,0,1,1,1,1
Basic,BasicControls,OP-Controls-Basic-OpaqueWLong-Short-2-Grey-5-Opaque.yml,Navigation,1,0,0,0,0,0,Grey,0,,,0,2.0,0,0,0,0,20,0,153.0,153.0,153.0,1,1,0,0,1,0,1,1,1,1,0,0,0,1,1,1,1,1,1,1,1,1,1,1,1,1,1,0,1,1
Basic,BasicControls,OP-Controls-Basic-OpaqueWLong-Short-4-Grey-0-Opaque.yml,Navigation,1,0,0,0,0,0,Grey,0,,,0,4.0,0,0,0,0,20,0,153.0,153.0,153.0,1,0,0,0,1,1,1,1,1,0,1,1,1,1,1,1,1,1,1,0,1,1,1,0,1,1,1,1,1,1
Basic,BasicControls,OP-Controls-Basic-OpaqueWLong-Short-4-Grey-355-Opaque.yml,Navigation,1,0,0,0,0,0,Grey,0,,,0,4.0,0,0,0,0,20,0,153.0,153.0,153.0,1,1,0,0,1,1,1,1,1,0,1,0,0,1,1,1,1,1,1,1,1,0,1,1,1,1,1,1,1,1
Basic,BasicControls,OP-Controls-Basic-OpaqueWLong-Short-4-Grey-5-Opaque.yml,Navigation,1,0,0,0,0,0,Grey,0,,,0,4.0,0,0,0,0,20,0,153.0,153.0,153.0,1,0,0,0,1,1,1,1,1,1,1,0,0,1,1,1,1,1,1,1,1,1,1,1,1,1,1,1,1,1
Basic,BasicControls,OP-Controls-Basic-OpaqueWMedium-Double-0.5-Grey-0-Opaque.yml,Navigation,1,0,0,0,0,0,Grey,0,,,0,0.5,0,0,0,0,29,0,153.0,153.0,153.0,1,1,0,0,1,1,1,1,1,0,0,1,1,1,1,1,1,1,1,0,1,1,1,1,1,1,1,1,1,1
Basic,BasicControls,OP-Controls-Basic-OpaqueWMedium-Double-0.5-Grey-355-Opaque.yml,Navigation,1,0,0,0,0,0,Grey,0,,,0,0.5,0,0,0,0,29,0,153.0,153.0,153.0,1,1,0,0,1,1,1,0,0,1,0,1,1,1,1,1,1,1,1,1,1,1,1,0,1,1,1,0,1,1
Basic,BasicControls,OP-Controls-Basic-OpaqueWMedium-Double-0.5-Grey-5-Opaque.yml,Navigation,1,0,0,0,0,0,Grey,0,,,0,0.5,0,0,0,0,29,0,153.0,153.0,153.0,1,0,0,0,1,1,0,1,1,0,0,0,0,1,1,0,1,1,1,0,1,1,1,0,1,1,1,1,1,1
Basic,BasicControls,OP-Controls-Basic-OpaqueWMedium-Double-1-Grey-0-Opaque.yml,Navigation,1,0,0,0,0,0,Grey,0,,,0,1.0,0,0,0,0,29,0,153.0,153.0,153.0,1,1,0,0,1,1,1,1,1,1,0,1,1,1,1,1,1,1,1,1,1,1,1,1,1,1,1,0,1,1
Basic,BasicControls,OP-Controls-Basic-OpaqueWMedium-Double-1-Grey-355-Opaque.yml,Navigation,1,0,0,0,0,0,Grey,0,,,0,1.0,0,0,0,0,29,0,153.0,153.0,153.0,1,1,1,0,1,1,1,1,1,0,1,1,1,1,1,1,1,1,1,1,1,1,1,1,1,1,1,1,1,1
Basic,BasicControls,OP-Controls-Basic-OpaqueWMedium-Double-1-Grey-5-Opaque.yml,Navigation,1,0,0,0,0,0,Grey,0,,,0,1.0,0,0,0,0,29,0,153.0,153.0,153.0,1,0,0,0,1,1,1,1,0,1,0,1,1,1,1,1,1,1,1,1,1,1,1,0,1,1,1,1,1,1
Basic,BasicControls,OP-Controls-Basic-OpaqueWMedium-Double-2-Grey-0-Opaque.yml,Navigation,1,0,0,0,0,0,Grey,0,,,0,2.0,0,0,0,0,29,0,153.0,153.0,153.0,1,0,0,0,1,1,1,1,1,0,1,1,1,1,1,1,1,1,1,1,1,1,1,0,1,1,1,1,1,1
Basic,BasicControls,OP-Controls-Basic-OpaqueWMedium-Double-2-Grey-355-Opaque.yml,Navigation,1,0,0,0,0,0,Grey,0,,,0,2.0,0,0,0,0,29,0,153.0,153.0,153.0,1,1,0,0,1,1,1,1,1,1,1,0,1,1,1,1,1,1,1,0,1,1,1,1,1,1,1,1,1,1
Basic,BasicControls,OP-Controls-Basic-OpaqueWMedium-Double-2-Grey-5-Opaque.yml,Navigation,1,0,0,0,0,0,Grey,0,,,0,2.0,0,0,0,0,29,0,153.0,153.0,153.0,1,0,0,0,1,1,1,1,1,0,1,0,0,1,1,1,1,0,1,1,1,1,1,1,1,0,1,1,1,1
Basic,BasicControls,OP-Controls-Basic-OpaqueWMedium-Double-4-Grey-0-Opaque.yml,Navigation,1,0,0,0,0,0,Grey,0,,,0,4.0,0,0,0,0,29,0,153.0,153.0,153.0,1,0,0,1,1,1,1,1,1,1,1,1,0,1,1,1,1,1,1,1,1,1,1,1,1,1,1,1,1,1
Basic,BasicControls,OP-Controls-Basic-OpaqueWMedium-Double-4-Grey-355-Opaque.yml,Navigation,1,0,0,0,0,0,Grey,0,,,0,4.0,0,0,0,0,29,0,153.0,153.0,153.0,1,0,0,0,1,0,1,1,1,1,1,0,1,1,1,1,0,1,1,1,1,1,1,0,1,1,1,1,1,1
Basic,BasicControls,OP-Controls-Basic-OpaqueWMedium-Double-4-Grey-5-Opaque.yml,Navigation,1,0,0,0,0,0,Grey,0,,,0,4.0,0,0,0,0,29,0,153.0,153.0,153.0,1,0,0,0,1,1,1,1,1,1,0,1,0,1,1,1,1,1,1,1,1,1,1,1,1,0,1,1,1,0
Basic,BasicControls,OP-Controls-Basic-OpaqueWMedium-Left-0.5-Grey-0-Opaque.yml,Navigation,1,0,0,0,0,0,Grey,-1,,,0,0.5,0,0,0,0,29,0,153.0,153.0,153.0,1,1,0,0,1,1,1,1,1,1,0,1,1,1,1,1,1,1,1,1,1,0,1,1,1,1,1,1,1,0
Basic,BasicControls,OP-Controls-Basic-OpaqueWMedium-Left-0.5-Grey-355-Opaque.yml,Navigation,1,0,0,0,0,0,Grey,-1,,,0,0.5,0,0,0,0,29,0,153.0,153.0,153.0,1,1,0,0,1,1,1,1,1,0,0,0,1,1,1,1,1,1,1,0,1,1,1,0,1,1,1,0,1,1
Basic,BasicControls,OP-Controls-Basic-OpaqueWMedium-Left-0.5-Grey-5-Opaque.yml,Navigation,1,0,0,0,0,0,Grey,-1,,,0,0.5,0,0,0,0,29,0,153.0,153.0,153.0,1,0,1,1,1,1,1,1,1,1,0,0,1,0,1,1,1,0,1,0,1,0,1,1,1,1,1,0,1,0
Basic,BasicControls,OP-Controls-Basic-OpaqueWMedium-Left-1-Grey-0-Opaque.yml,Navigation,1,0,0,0,0,0,Grey,-1,,,0,1.0,0,0,0,0,29,0,153.0,153.0,153.0,1,1,0,0,1,1,1,1,1,1,0,0,1,1,1,1,1,1,1,1,1,1,1,0,1,1,1,1,1,1
Basic,BasicControls,OP-Controls-Basic-OpaqueWMedium-Left-1-Grey-355-Opaque.yml,Navigation,1,0,0,0,0,0,Grey,-1,,,0,1.0,0,0,0,0,29,0,153.0,153.0,153.0,1,0,0,0,1,1,1,1,1,1,1,0,1,1,1,1,1,1,1,1,1,0,1,1,1,1,1,1,1,1
Basic,BasicControls,OP-Controls-Basic-OpaqueWMedium-Left-1-Grey-5-Opaque.yml,Navigation,1,0,0,0,0,0,Grey,-1,,,0,1.0,0,0,0,0,29,0,153.0,153.0,153.0,1,0,0,0,0,1,1,0,1,1,0,0,1,1,1,1,1,1,1,1,1,1,1,1,1,0,1,1,1,0
Basic,BasicControls,OP-Controls-Basic-OpaqueWMedium-Left-2-Grey-0-Opaque.yml,Navigation,1,0,0,0,0,0,Grey,-1,,,0,2.0,0,0,0,0,29,0,153.0,153.0,153.0,1,0,1,0,1,1,1,1,1,0,1,0,1,1,1,1,1,1,1,0,1,1,1,1,1,1,1,0,1,1
Basic,BasicControls,OP-Controls-Basic-OpaqueWMedium-Left-2-Grey-355-Opaque.yml,Navigation,1,0,0,0,0,0,Grey,-1,,,0,2.0,0,0,0,0,29,0,153.0,153.0,153.0,1,1,0,1,1,1,1,1,1,1,1,1,1,1,1,1,1,1,1,0,1,1,1,0,1,0,1,0,1,0
Basic,BasicControls,OP-Controls-Basic-OpaqueWMedium-Left-2-Grey-5-Opaque.yml,Navigation,1,0,0,0,0,0,Grey,-1,,,0,2.0,0,0,0,0,29,0,153.0,153.0,153.0,1,1,0,0,1,1,1,1,1,0,1,0,1,1,1,1,1,1,1,1,1,1,1,1,1,0,1,0,1,1
Basic,BasicControls,OP-Controls-Basic-OpaqueWMedium-Left-4-Grey-0-Opaque.yml,Navigation,1,0,0,0,0,0,Grey,-1,,,0,4.0,0,0,0,0,29,0,153.0,153.0,153.0,1,1,0,0,1,1,1,1,1,1,0,1,1,1,1,1,1,1,1,1,1,1,1,1,1,1,1,0,1,1
Basic,BasicControls,OP-Controls-Basic-OpaqueWMedium-Left-4-Grey-355-Opaque.yml,Navigation,1,0,0,0,0,0,Grey,-1,,,0,4.0,0,0,0,0,29,0,153.0,153.0,153.0,1,0,0,0,1,1,1,1,1,1,1,1,1,1,1,0,1,1,1,0,1,1,1,1,1,1,1,1,1,1
Basic,BasicControls,OP-Controls-Basic-OpaqueWMedium-Left-4-Grey-5-Opaque.yml,Navigation,1,0,0,0,0,0,Grey,-1,,,0,4.0,0,0,0,0,29,0,153.0,153.0,153.0,1,1,0,0,1,0,1,1,1,0,1,1,1,1,1,1,1,1,1,1,1,1,1,0,1,1,1,1,1,0
Basic,BasicControls,OP-Controls-Basic-OpaqueWMedium-Right-0.5-Grey-0-Opaque.yml,Navigation,1,0,0,0,0,0,Grey,1,,,0,0.5,0,0,0,0,29,0,153.0,153.0,153.0,1,0,0,0,1,1,1,1,1,1,0,1,0,1,1,1,1,1,1,0,1,1,1,1,1,1,1,1,1,1
Basic,BasicControls,OP-Controls-Basic-OpaqueWMedium-Right-0.5-Grey-355-Opaque.yml,Navigation,1,0,0,0,0,0,Grey,1,,,0,0.5,0,0,0,0,29,0,153.0,153.0,153.0,1,1,0,0,1,1,1,1,1,1,0,1,0,0,1,0,1,1,1,1,1,1,1,0,1,0,1,0,1,1
Basic,BasicControls,OP-Controls-Basic-OpaqueWMedium-Right-0.5-Grey-5-Opaque.yml,Navigation,1,0,0,0,0,0,Grey,1,,,0,0.5,0,0,0,0,29,0,153.0,153.0,153.0,1,0,0,0,1,1,1,1,1,1,0,1,0,1,1,1,1,1,1,1,1,1,1,0,1,1,1,1,1,1
Basic,BasicControls,OP-Controls-Basic-OpaqueWMedium-Right-1-Grey-0-Opaque.yml,Navigation,1,0,0,0,0,0,Grey,1,,,0,1.0,0,0,0,0,29,0,153.0,153.0,153.0,1,0,0,0,1,1,1,0,1,1,1,1,1,1,1,0,1,1,1,0,1,0,1,1,1,1,1,0,1,1
Basic,BasicControls,OP-Controls-Basic-OpaqueWMedium-Right-1-Grey-355-Opaque.yml,Navigation,1,0,0,0,0,0,Grey,1,,,0,1.0,0,0,0,0,29,0,153.0,153.0,153.0,1,1,0,0,1,1,1,1,1,1,0,1,0,1,1,1,1,1,1,1,1,1,1,1,1,0,1,1,1,0
Basic,BasicControls,OP-Controls-Basic-OpaqueWMedium-Right-1-Grey-5-Opaque.yml,Navigation,1,0,0,0,0,0,Grey,1,,,0,1.0,0,0,0,0,29,0,153.0,153.0,153.0,1,0,0,0,1,1,1,1,1,0,0,1,0,1,1,0,1,1,1,1,1,1,1,0,1,1,1,0,1,0
Basic,BasicControls,OP-Controls-Basic-OpaqueWMedium-Right-2-Grey-0-Opaque.yml,Navigation,1,0,0,0,0,0,Grey,1,,,0,2.0,0,0,0,0,29,0,153.0,153.0,153.0,1,0,1,1,1,1,1,1,1,1,0,1,0,1,1,1,1,1,1,1,1,0,1,0,1,0,1,0,1,0
Basic,BasicControls,OP-Controls-Basic-OpaqueWMedium-Right-2-Grey-355-Opaque.yml,Navigation,1,0,0,0,0,0,Grey,1,,,0,2.0,0,0,0,0,29,0,153.0,153.0,153.0,1,0,1,0,1,0,1,1,1,0,1,1,1,1,1,1,1,1,1,0,1,1,1,1,1,0,1,1,1,1
Basic,BasicControls,OP-Controls-Basic-OpaqueWMedium-Right-2-Grey-5-Opaque.yml,Navigation,1,0,0,0,0,0,Grey,1,,,0,2.0,0,0,0,0,29,0,153.0,153.0,153.0,1,1,0,0,1,1,0,1,1,1,1,1,1,1,1,1,1,1,1,1,1,1,1,1,1,1,1,1,1,1
Basic,BasicControls,OP-Controls-Basic-OpaqueWMedium-Right-4-Grey-0-Opaque.yml,Navigation,1,0,0,0,0,0,Grey,1,,,0,4.0,0,0,0,0,29,0,153.0,153.0,153.0,1,1,0,0,1,1,1,1,1,1,1,1,1,1,1,0,0,1,1,1,1,0,1,0,1,0,1,1,1,1
Basic,BasicControls,OP-Controls-Basic-OpaqueWMedium-Right-4-Grey-355-Opaque.yml,Navigation,1,0,0,0,0,0,Grey,1,,,0,4.0,0,0,0,0,29,0,153.0,153.0,153.0,1,1,0,0,1,0,1,1,1,1,1,1,0,1,1,1,1,1,1,1,1,1,1,1,1,1,1,1,1,1
Basic,BasicControls,OP-Controls-Basic-OpaqueWMedium-Right-4-Grey-5-Opaque.yml,Navigation,1,0,0,0,0,0,Grey,1,,,0,4.0,0,0,0,0,29,0,153.0,153.0,153.0,1,1,0,0,1,1,1,1,1,1,0,0,0,0,1,1,1,1,1,1,1,1,1,1,1,1,1,1,1,1
Basic,BasicControls,OP-Controls-Basic-OpaqueWMedium-Short-0.5-Grey-0-Opaque.yml,Navigation,1,0,0,0,0,0,Grey,0,,,0,0.5,0,0,0,0,29,0,153.0,153.0,153.0,1,1,0,0,1,1,1,1,1,1,0,0,1,1,1,1,1,1,1,0,1,1,1,1,1,1,1,1,1,1
Basic,BasicControls,OP-Controls-Basic-OpaqueWMedium-Short-0.5-Grey-355-Opaque.yml,Navigation,1,0,0,0,0,0,Grey,0,,,0,0.5,0,0,0,0,29,0,153.0,153.0,153.0,1,1,0,0,1,1,1,1,1,1,0,0,0,1,1,1,1,1,1,0,1,1,1,1,1,1,1,1,1,1
Basic,BasicControls,OP-Controls-Basic-OpaqueWMedium-Short-0.5-Grey-5-Opaque.yml,Navigation,1,0,0,0,0,0,Grey,0,,,0,0.5,0,0,0,0,29,0,153.0,153.0,153.0,1,1,0,0,1,1,1,1,1,1,0,1,0,0,1,1,1,1,1,1,1,1,1,0,1,1,1,1,1,1
Basic,BasicControls,OP-Controls-Basic-OpaqueWMedium-Short-1-Grey-0-Opaque.yml,Navigation,1,0,0,0,0,0,Grey,0,,,0,1.0,0,0,0,0,29,0,153.0,153.0,153.0,1,1,1,0,0,1,1,1,1,1,0,1,0,1,1,1,1,1,1,1,1,0,1,1,1,0,1,1,1,1
Basic,BasicControls,OP-Controls-Basic-OpaqueWMedium-Short-1-Grey-355-Opaque.yml,Navigation,1,0,0,0,0,0,Grey,0,,,0,1.0,0,0,0,0,29,0,153.0,153.0,153.0,1,1,1,0,1,1,1,1,1,1,0,1,0,1,1,1,1,1,1,1,1,0,1,0,1,1,1,1,1,1
Basic,BasicControls,OP-Controls-Basic-OpaqueWMedium-Short-1-Grey-5-Opaque.yml,Navigation,1,0,0,0,0,0,Grey,0,,,0,1.0,0,0,0,0,29,0,153.0,153.0,153.0,1,0,1,0,1,1,1,1,1,1,0,0,1,0,1,1,1,1,1,1,1,1,1,1,1,1,1,1,1,1
Basic,BasicControls,OP-Controls-Basic-OpaqueWMedium-Short-2-Grey-0-Opaque.yml,Navigation,1,0,0,0,0,0,Grey,0,,,0,2.0,0,0,0,0,29,0,153.0,153.0,153.0,1,0,0,0,1,1,1,1,1,1,1,1,0,1,1,1,1,1,1,1,1,1,1,1,1,1,1,0,1,1
Basic,BasicControls,OP-Controls-Basic-OpaqueWMedium-Short-2-Grey-355-Opaque.yml,Navigation,1,0,0,0,0,0,Grey,0,,,0,2.0,0,0,0,0,29,0,153.0,153.0,153.0,1,0,0,0,1,1,1,1,1,1,1,1,1,1,1,1,1,1,1,1,1,0,1,1,1,1,1,1,1,1
Basic,BasicControls,OP-Controls-Basic-OpaqueWMedium-Short-2-Grey-5-Opaque.yml,Navigation,1,0,0,0,0,0,Grey,0,,,0,2.0,0,0,0,0,29,0,153.0,153.0,153.0,1,1,0,0,1,1,1,1,1,1,0,1,0,1,1,1,1,1,1,1,1,1,1,0,1,1,1,1,1,1
Basic,BasicControls,OP-Controls-Basic-OpaqueWMedium-Short-4-Grey-0-Opaque.yml,Navigation,1,0,0,0,0,0,Grey,0,,,0,4.0,0,0,0,0,29,0,153.0,153.0,153.0,1,0,0,0,1,1,1,1,1,1,1,1,1,1,1,1,1,1,1,1,1,1,1,1,1,1,1,1,1,1
Basic,BasicControls,OP-Controls-Basic-OpaqueWMedium-Short-4-Grey-355-Opaque.yml,Navigation,1,0,0,0,0,0,Grey,0,,,0,4.0,0,0,0,0,29,0,153.0,153.0,153.0,1,0,0,0,1,1,1,1,1,1,1,1,1,1,1,1,1,1,1,0,1,1,1,1,1,1,1,1,1,1
Basic,BasicControls,OP-Controls-Basic-OpaqueWMedium-Short-4-Grey-5-Opaque.yml,Navigation,1,0,0,0,0,0,Grey,0,,,0,4.0,0,0,0,0,29,0,153.0,153.0,153.0,1,0,0,1,1,1,1,1,1,1,1,1,1,1,1,1,1,1,1,1,1,0,1,1,1,1,1,0,1,1
Basic,BasicControls,OP-Controls-Basic-OpaqueWShort-Double-0.5-Grey-0-Opaque.yml,Navigation,1,0,0,0,0,0,Grey,0,,,0,0.5,0,0,0,0,20,0,153.0,153.0,153.0,1,0,1,0,1,1,1,1,1,1,0,0,1,1,1,1,1,1,1,1,1,1,1,1,1,0,1,1,1,1
Basic,BasicControls,OP-Controls-Basic-OpaqueWShort-Double-0.5-Grey-355-Opaque.yml,Navigation,1,0,0,0,0,0,Grey,0,,,0,0.5,0,0,0,0,20,0,153.0,153.0,153.0,1,0,0,0,1,1,1,1,1,0,0,1,0,1,1,1,1,1,1,1,1,1,1,0,1,0,1,0,1,1
Basic,BasicControls,OP-Controls-Basic-OpaqueWShort-Double-0.5-Grey-5-Opaque.yml,Navigation,1,0,0,0,0,0,Grey,0,,,0,0.5,0,0,0,0,20,0,153.0,153.0,153.0,1,1,0,0,1,1,1,1,1,1,0,1,1,1,1,1,1,1,1,0,1,1,1,1,1,1,1,1,1,1
Basic,BasicControls,OP-Controls-Basic-OpaqueWShort-Double-1-Grey-0-Opaque.yml,Navigation,1,0,0,0,0,0,Grey,0,,,0,1.0,0,0,0,0,20,0,153.0,153.0,153.0,1,0,0,0,1,1,1,1,1,1,0,1,0,1,1,1,1,1,1,1,1,0,1,1,1,1,1,1,1,1
Basic,BasicControls,OP-Controls-Basic-OpaqueWShort-Double-1-Grey-355-Opaque.yml,Navigation,1,0,0,0,0,0,Grey,0,,,0,1.0,0,0,0,0,20,0,153.0,153.0,153.0,1,0,0,0,1,1,1,1,1,1,0,1,0,0,1,1,1,1,1,1,1,1,1,1,1,1,1,0,1,1
Basic,BasicControls,OP-Controls-Basic-OpaqueWShort-Double-1-Grey-5-Opaque.yml,Navigation,1,0,0,0,0,0,Grey,0,,,0,1.0,0,0,0,0,20,0,153.0,153.0,153.0,1,1,0,0,0,1,1,1,1,1,1,0,0,1,1,1,1,1,1,1,1,1,1,0,1,1,1,1,1,1
Basic,BasicControls,OP-Controls-Basic-OpaqueWShort-Double-2-Grey-0-Opaque.yml,Navigation,1,0,0,0,0,0,Grey,0,,,0,2.0,0,0,0,0,20,0,153.0,153.0,153.0,1,1,0,0,1,1,1,1,1,1,0,0,0,1,1,1,1,1,1,0,1,1,1,1,1,1,1,0,1,1
Basic,BasicControls,OP-Controls-Basic-OpaqueWShort-Double-2-Grey-355-Opaque.yml,Navigation,1,0,0,0,0,0,Grey,0,,,0,2.0,0,0,0,0,20,0,153.0,153.0,153.0,1,1,0,0,1,1,1,1,1,1,1,0,1,1,1,1,1,1,1,1,1,1,1,1,1,1,1,1,1,1
Basic,BasicControls,OP-Controls-Basic-OpaqueWShort-Double-2-Grey-5-Opaque.yml,Navigation,1,0,0,0,0,0,Grey,0,,,0,2.0,0,0,0,0,20,0,153.0,153.0,153.0,1,0,1,0,1,1,1,1,1,1,1,0,0,1,1,1,1,1,1,1,1,1,1,1,1,0,1,1,1,1
Basic,BasicControls,OP-Controls-Basic-OpaqueWShort-Double-4-Grey-0-Opaque.yml,Navigation,1,0,0,0,0,0,Grey,0,,,0,4.0,0,0,0,0,20,0,153.0,153.0,153.0,1,1,0,0,1,1,1,1,1,1,1,1,1,1,1,1,1,1,1,1,1,1,1,0,1,0,1,0,1,0
Basic,BasicControls,OP-Controls-Basic-OpaqueWShort-Double-4-Grey-355-Opaque.yml,Navigation,1,0,0,0,0,0,Grey,0,,,0,4.0,0,0,0,0,20,0,153.0,153.0,153.0,1,1,0,0,1,1,1,1,1,0,1,0,1,1,1,1,1,1,1,1,1,1,1,1,1,1,1,1,1,1
Basic,BasicControls,OP-Controls-Basic-OpaqueWShort-Double-4-Grey-5-Opaque.yml,Navigation,1,0,0,0,0,0,Grey,0,,,0,4.0,0,0,0,0,20,0,153.0,153.0,153.0,1,1,0,0,1,1,1,1,1,1,1,0,1,1,1,1,1,1,1,1,1,1,1,1,1,0,1,1,1,0
Basic,BasicControls,OP-Controls-Basic-OpaqueWShort-Left-0.5-Grey-0-Opaque.yml,Navigation,1,0,0,0,0,0,Grey,-1,,,0,0.5,0,0,0,0,20,0,153.0,153.0,153.0,1,0,0,0,1,1,1,1,1,1,0,1,1,1,1,1,1,1,1,1,1,1,1,0,1,0,1,1,1,1
Basic,BasicControls,OP-Controls-Basic-OpaqueWShort-Left-0.5-Grey-355-Opaque.yml,Navigation,1,0,0,0,0,0,Grey,-1,,,0,0.5,0,0,0,0,20,0,153.0,153.0,153.0,1,0,1,0,1,1,1,1,1,1,0,1,1,1,1,1,1,1,1,1,1,1,1,0,1,1,1,1,1,0
Basic,BasicControls,OP-Controls-Basic-OpaqueWShort-Left-0.5-Grey-5-Opaque.yml,Navigation,1,0,0,0,0,0,Grey,-1,,,0,0.5,0,0,0,0,20,0,153.0,153.0,153.0,1,0,0,0,1,1,1,1,1,1,0,0,1,1,1,1,1,1,1,1,1,1,1,1,1,1,1,1,1,1
Basic,BasicControls,OP-Controls-Basic-OpaqueWShort-Left-1-Grey-0-Opaque.yml,Navigation,1,0,0,0,0,0,Grey,-1,,,0,1.0,0,0,0,0,20,0,153.0,153.0,153.0,1,0,0,0,1,1,1,1,1,1,0,0,1,1,1,1,1,1,1,1,1,1,1,0,1,1,1,0,1,0
Basic,BasicControls,OP-Controls-Basic-OpaqueWShort-Left-1-Grey-355-Opaque.yml,Navigation,1,0,0,0,0,0,Grey,-1,,,0,1.0,0,0,0,0,20,0,153.0,153.0,153.0,1,0,0,0,1,1,1,1,1,1,1,0,0,1,1,1,1,1,1,1,1,0,1,1,1,1,1,1,1,1
Basic,BasicControls,OP-Controls-Basic-OpaqueWShort-Left-1-Grey-5-Opaque.yml,Navigation,1,0,0,0,0,0,Grey,-1,,,0,1.0,0,0,0,0,20,0,153.0,153.0,153.0,1,0,0,0,1,1,1,1,1,0,0,0,1,1,1,1,1,1,1,1,1,0,1,0,1,1,1,1,1,1
Basic,BasicControls,OP-Controls-Basic-OpaqueWShort-Left-2-Grey-0-Opaque.yml,Navigation,1,0,0,0,0,0,Grey,-1,,,0,2.0,0,0,0,0,20,0,153.0,153.0,153.0,1,0,0,0,1,0,1,1,1,0,0,1,1,1,1,1,1,1,1,1,1,1,1,1,1,1,1,1,1,0
Basic,BasicControls,OP-Controls-Basic-OpaqueWShort-Left-2-Grey-355-Opaque.yml,Navigation,1,0,0,0,0,0,Grey,-1,,,0,2.0,0,0,0,0,20,0,153.0,153.0,153.0,1,1,0,0,1,1,1,1,0,1,0,1,1,1,1,1,0,1,1,1,1,1,1,0,1,1,1,1,1,0
Basic,BasicControls,OP-Controls-Basic-OpaqueWShort-Left-2-Grey-5-Opaque.yml,Navigation,1,0,0,0,0,0,Grey,-1,,,0,2.0,0,0,0,0,20,0,153.0,153.0,153.0,1,0,0,0,1,1,1,1,1,1,1,0,1,1,1,1,0,1,1,0,1,0,1,0,1,0,1,1,1,1
Basic,BasicControls,OP-Controls-Basic-OpaqueWShort-Left-4-Grey-0-Opaque.yml,Navigation,1,0,0,0,0,0,Grey,-1,,,0,4.0,0,0,0,0,20,0,153.0,153.0,153.0,1,0,0,0,1,1,1,1,1,1,1,1,1,1,1,1,1,1,1,1,1,1,1,0,1,1,1,1,1,1
Basic,BasicControls,OP-Controls-Basic-OpaqueWShort-Left-4-Grey-355-Opaque.yml,Navigation,1,0,0,0,0,0,Grey,-1,,,0,4.0,0,0,0,0,20,0,153.0,153.0,153.0,1,0,0,0,1,1,1,1,1,1,1,1,1,1,1,1,1,1,1,1,1,1,1,1,1,1,1,1,1,1
Basic,BasicControls,OP-Controls-Basic-OpaqueWShort-Left-4-Grey-5-Opaque.yml,Navigation,1,0,0,0,0,0,Grey,-1,,,0,4.0,0,0,0,0,20,0,153.0,153.0,153.0,1,0,0,0,0,1,1,1,1,0,1,1,1,1,1,1,1,1,1,1,1,1,1,1,1,1,1,1,1,1
Basic,BasicControls,OP-Controls-Basic-OpaqueWShort-Right-0.5-Grey-0-Opaque.yml,Navigation,1,0,0,0,0,0,Grey,1,,,0,0.5,0,0,0,0,20,0,153.0,153.0,153.0,1,1,0,0,1,1,1,1,1,1,1,1,0,1,1,1,1,1,1,1,1,1,1,0,1,0,1,1,1,1
Basic,BasicControls,OP-Controls-Basic-OpaqueWShort-Right-0.5-Grey-355-Opaque.yml,Navigation,1,0,0,0,0,0,Grey,1,,,0,0.5,0,0,0,0,20,0,153.0,153.0,153.0,1,0,0,0,1,1,1,1,1,1,0,1,0,1,1,1,1,1,1,0,1,1,1,1,1,0,1,1,1,1
Basic,BasicControls,OP-Controls-Basic-OpaqueWShort-Right-0.5-Grey-5-Opaque.yml,Navigation,1,0,0,0,0,0,Grey,1,,,0,0.5,0,0,0,0,20,0,153.0,153.0,153.0,1,1,0,0,1,1,1,1,1,0,0,1,1,1,1,1,1,1,1,0,1,1,1,0,1,0,1,1,1,0
Basic,BasicControls,OP-Controls-Basic-OpaqueWShort-Right-1-Grey-0-Opaque.yml,Navigation,1,0,0,0,0,0,Grey,1,,,0,1.0,0,0,0,0,20,0,153.0,153.0,153.0,1,1,1,0,0,1,1,1,1,0,1,1,0,1,1,1,1,0,1,1,1,1,1,1,1,0,1,1,1,0
Basic,BasicControls,OP-Controls-Basic-OpaqueWShort-Right-1-Grey-355-Opaque.yml,Navigation,1,0,0,0,0,0,Grey,1,,,0,1.0,0,0,0,0,20,0,153.0,153.0,153.0,1,0,0,0,1,1,1,1,1,1,0,1,0,1,1,1,1,1,1,0,1,1,1,1,1,1,1,1,1,0
Basic,BasicControls,OP-Controls-Basic-OpaqueWShort-Right-1-Grey-5-Opaque.yml,Navigation,1,0,0,0,0,0,Grey,1,,,0,1.0,0,0,0,0,20,0,153.0,153.0,153.0,1,1,0,0,1,1,1,1,1,1,0,1,0,1,1,1,1,1,1,1,1,1,1,1,1,1,1,1,1,1
Basic,BasicControls,OP-Controls-Basic-OpaqueWShort-Right-2-Grey-0-Opaque.yml,Navigation,1,0,0,0,0,0,Grey,1,,,0,2.0,0,0,0,0,20,0,153.0,153.0,153.0,1,0,0,0,1,1,1,1,0,0,0,1,0,1,1,1,1,1,1,0,1,1,1,1,1,1,1,0,1,1
Basic,BasicControls,OP-Controls-Basic-OpaqueWShort-Right-2-Grey-355-Opaque.yml,Navigation,1,0,0,0,0,0,Grey,1,,,0,2.0,0,0,0,0,20,0,153.0,153.0,153.0,1,0,0,0,1,1,1,1,1,1,1,1,1,1,1,1,1,1,1,1,1,1,1,1,1,1,1,1,1,1
Basic,BasicControls,OP-Controls-Basic-OpaqueWShort-Right-2-Grey-5-Opaque.yml,Navigation,1,0,0,0,0,0,Grey,1,,,0,2.0,0,0,0,0,20,0,153.0,153.0,153.0,1,1,0,0,1,1,0,1,1,1,1,1,0,1,1,1,1,1,1,1,1,1,1,1,1,1,1,1,1,0
Basic,BasicControls,OP-Controls-Basic-OpaqueWShort-Right-4-Grey-0-Opaque.yml,Navigation,1,0,0,0,0,0,Grey,1,,,0,4.0,0,0,0,0,20,0,153.0,153.0,153.0,1,0,0,0,1,1,1,1,1,1,1,1,1,1,1,1,1,1,1,1,1,1,1,0,1,1,1,0,1,1
Basic,BasicControls,OP-Controls-Basic-OpaqueWShort-Right-4-Grey-355-Opaque.yml,Navigation,1,0,0,0,0,0,Grey,1,,,0,4.0,0,0,0,0,20,0,153.0,153.0,153.0,1,1,0,0,1,1,1,0,1,1,1,1,0,1,1,1,1,1,1,1,1,1,1,0,1,0,1,0,1,0
Basic,BasicControls,OP-Controls-Basic-OpaqueWShort-Right-4-Grey-5-Opaque.yml,Navigation,1,0,0,0,0,0,Grey,1,,,0,4.0,0,0,0,0,20,0,153.0,153.0,153.0,1,1,0,0,1,1,1,1,1,1,1,1,0,1,1,1,1,1,1,0,1,1,1,1,1,0,1,1,1,0
Basic,BasicControls,OP-Controls-Basic-OpaqueWShort-Short-0.5-Grey-0-Opaque.yml,Navigation,1,0,0,0,0,0,Grey,0,,,0,0.5,0,0,0,0,20,0,153.0,153.0,153.0,1,0,0,0,1,1,1,1,1,1,0,1,0,1,1,1,1,1,1,1,1,1,1,1,1,1,1,1,1,1
Basic,BasicControls,OP-Controls-Basic-OpaqueWShort-Short-0.5-Grey-355-Opaque.yml,Navigation,1,0,0,0,0,0,Grey,0,,,0,0.5,0,0,0,0,20,0,153.0,153.0,153.0,1,0,0,0,1,1,1,1,1,0,0,0,0,1,1,1,1,1,1,1,1,1,1,1,1,1,1,0,1,1
Basic,BasicControls,OP-Controls-Basic-OpaqueWShort-Short-0.5-Grey-5-Opaque.yml,Navigation,1,0,0,0,0,0,Grey,0,,,0,0.5,0,0,0,0,20,0,153.0,153.0,153.0,1,1,1,0,1,1,1,1,1,1,0,1,0,1,1,1,1,1,1,1,1,0,1,1,1,1,1,1,1,1
Basic,BasicControls,OP-Controls-Basic-OpaqueWShort-Short-1-Grey-0-Opaque.yml,Navigation,1,0,0,0,0,0,Grey,0,,,0,1.0,0,0,0,0,20,0,153.0,153.0,153.0,1,0,0,0,1,1,1,1,1,1,0,1,0,1,1,1,0,1,1,1,1,0,1,1,1,1,1,1,1,0
Basic,BasicControls,OP-Controls-Basic-OpaqueWShort-Short-1-Grey-355-Opaque.yml,Navigation,1,0,0,0,0,0,Grey,0,,,0,1.0,0,0,0,0,20,0,153.0,153.0,153.0,1,0,0,0,1,1,1,1,1,0,0,1,1,1,1,1,1,1,1,0,1,1,1,0,1,0,1,1,1,1
Basic,BasicControls,OP-Controls-Basic-OpaqueWShort-Short-1-Grey-5-Opaque.yml,Navigation,1,0,0,0,0,0,Grey,0,,,0,1.0,0,0,0,0,20,0,153.0,153.0,153.0,1,0,1,0,1,1,1,0,1,1,0,1,1,1,1,1,1,1,1,0,1,1,1,1,1,0,1,0,1,0
Basic,BasicControls,OP-Controls-Basic-OpaqueWShort-Short-2-Grey-0-Opaque.yml,Navigation,1,0,0,0,0,0,Grey,0,,,0,2.0,0,0,0,0,20,0,153.0,153.0,153.0,1,1,0,0,1,1,1,1,1,1,1,1,1,1,1,1,1,1,1,0,1,1,1,0,1,0,1,0,1,1
Basic,BasicControls,OP-Controls-Basic-OpaqueWShort-Short-2-Grey-355-Opaque.yml,Navigation,1,0,0,0,0,0,Grey,0,,,0,2.0,0,0,0,0,20,0,153.0,153.0,153.0,1,0,0,1,1,1,1,1,1,1,1,1,1,1,1,0,1,1,1,1,1,1,1,1,1,0,1,1,1,0
Basic,BasicControls,OP-Controls-Basic-OpaqueWShort-Short-2-Grey-5-Opaque.yml,Navigation,1,0,0,0,0,0,Grey,0,,,0,2.0,0,0,0,0,20,0,153.0,153.0,153.0,1,0,0,0,1,1,1,1,1,1,1,0,1,1,1,1,1,1,1,0,1,1,1,0,1,1,1,0,1,1
Basic,BasicControls,OP-Controls-Basic-OpaqueWShort-Short-4-Grey-0-Opaque.yml,Navigation,1,0,0,0,0,0,Grey,0,,,0,4.0,0,0,0,0,20,0,153.0,153.0,153.0,1,0,0,0,0,1,1,1,1,1,1,0,0,1,1,1,1,1,1,1,1,1,1,0,1,1,1,1,1,1
Basic,BasicControls,OP-Controls-Basic-OpaqueWShort-Short-4-Grey-355-Opaque.yml,Navigation,1,0,0,0,0,0,Grey,0,,,0,4.0,0,0,0,0,20,0,153.0,153.0,153.0,1,1,0,0,1,1,1,1,1,1,1,0,1,1,1,1,1,1,1,1,1,0,1,0,1,0,1,1,1,1
Basic,BasicControls,OP-Controls-Basic-OpaqueWShort-Short-4-Grey-5-Opaque.yml,Navigation,1,0,0,0,0,0,Grey,0,,,0,4.0,0,0,0,0,20,0,153.0,153.0,153.0,1,1,0,0,1,1,1,1,1,1,1,1,1,1,1,1,1,1,1,0,1,0,1,0,1,0,1,1,1,1
Basic,BasicControls,OP-Controls-Basic-RampDown-G5-Centre-NA-0-NA.yml,Navigation,1,0,1,0,0,0,,0,,,0,5.0,0,0,0,0,20,0,,,,1,0,0,0,1,0,1,1,1,1,1,0,0,1,1,1,1,1,1,1,1,1,1,1,1,1,1,1,1,1
Basic,BasicControls,OP-Controls-Basic-RampDown-G5-Left-NA-0-NA.yml,Navigation,1,0,1,0,0,0,,-1,,,0,5.0,0,0,0,0,20,0,,,,1,1,0,0,1,0,1,1,1,1,1,0,1,1,1,1,1,1,1,1,1,1,1,1,1,1,1,1,1,0
Basic,BasicControls,OP-Controls-Basic-RampDown-G5-Right-NA-0-NA.yml,Navigation,1,0,1,0,0,0,,1,,,0,5.0,0,0,0,0,20,0,,,,1,1,0,0,1,0,1,1,0,0,1,1,0,1,1,1,1,1,1,1,1,1,1,1,1,1,1,1,1,0
Basic,BasicControls,OP-Controls-Basic-RampUp-G5-Centre-NA-0-NA.yml,Navigation,1,0,1,0,0,0,,0,,,0,5.0,0,0,0,0,20,0,,,,1,0,0,1,1,0,1,1,1,1,0,1,0,1,1,1,1,1,1,0,1,0,1,1,1,1,1,1,1,1
Basic,BasicControls,OP-Controls-Basic-RampUp-G5-Left-NA-0-NA.yml,Navigation,1,0,1,0,0,0,,-1,,,0,5.0,0,0,0,0,20,0,,,,1,0,0,0,1,0,1,1,0,1,1,0,1,1,1,1,1,1,1,1,1,1,1,1,1,1,1,0,1,1
Basic,BasicControls,OP-Controls-Basic-RampUp-G5-Right-NA-0-NA.yml,Navigation,1,0,1,0,0,0,,1,,,0,5.0,0,0,0,0,20,0,,,,1,0,0,0,1,0,1,1,1,1,1,1,0,1,1,1,1,1,1,1,1,1,1,1,1,1,1,0,1,1
Basic,BasicControls,OP-Controls-Basic-SanityGreen-Long-0.5-NA-0-NA.yml,Navigation,1,0,0,0,0,0,,0,,,0,0.5,0,0,0,0,20,0,,,,1,0,0,0,1,1,1,1,1,1,0,0,0,1,1,1,1,1,1,1,1,1,1,1,1,0,1,1,1,0
Basic,BasicControls,OP-Controls-Basic-SanityGreen-Long-1-NA-0-NA.yml,Navigation,1,0,0,0,0,0,,0,,,0,1.0,0,0,0,0,20,0,,,,1,1,0,0,0,1,1,1,1,0,0,1,0,1,1,1,1,1,1,1,1,1,1,1,1,0,1,1,1,0
Basic,BasicControls,OP-Controls-Basic-SanityGreen-Long-2-NA-0-NA.yml,Navigation,1,0,0,0,0,0,,0,,,0,2.0,0,0,0,0,20,0,,,,1,0,0,0,1,1,1,1,1,1,0,1,1,1,1,1,1,0,1,1,1,1,1,0,1,1,1,1,1,1
Basic,BasicControls,OP-Controls-Basic-SanityGreen-Long-4-NA-0-NA.yml,Navigation,1,0,0,0,0,0,,0,,,0,4.0,0,0,0,0,20,0,,,,1,1,0,0,0,1,1,1,1,1,1,1,0,1,1,1,1,1,1,0,1,1,1,0,1,1,1,0,1,1
Basic,BasicControls,OP-Controls-Basic-SanityGreen-Medium-0.5-NA-0-NA.yml,Navigation,1,0,0,0,0,0,,0,,,0,0.5,0,0,0,0,29,0,,,,1,0,0,0,1,1,1,1,1,1,0,0,1,1,1,1,1,0,1,1,1,1,1,1,1,1,1,0,1,1
Basic,BasicControls,OP-Controls-Basic-SanityGreen-Medium-1-NA-0-NA.yml,Navigation,1,0,0,0,0,0,,0,,,0,1.0,0,0,0,0,29,0,,,,1,0,0,0,1,1,1,1,1,1,0,1,0,1,1,1,1,1,1,1,1,0,1,1,1,1,1,1,1,1
Basic,BasicControls,OP-Controls-Basic-SanityGreen-Medium-2-NA-0-NA.yml,Navigation,1,0,0,0,0,0,,0,,,0,2.0,0,0,0,0,29,0,,,,1,1,0,1,1,1,1,1,1,1,1,0,1,1,1,1,1,1,1,0,1,1,1,0,1,1,1,1,1,1
Basic,BasicControls,OP-Controls-Basic-SanityGreen-Medium-4-NA-0-NA.yml,Navigation,1,0,0,0,0,0,,0,,,0,4.0,0,0,0,0,29,0,,,,1,0,0,0,1,1,1,1,1,1,1,1,0,1,1,1,1,1,1,1,1,1,1,1,1,1,1,1,1,1
Basic,BasicControls,OP-Controls-Basic-SanityGreen-Short-0.5-NA-0-NA.yml,Navigation,1,0,0,0,0,0,,0,,,0,0.5,0,0,0,0,20,0,,,,1,0,0,0,1,1,1,1,1,1,0,1,0,0,1,1,1,1,1,1,1,0,1,1,1,1,1,1,1,1
Basic,BasicControls,OP-Controls-Basic-SanityGreen-Short-1-NA-0-NA.yml,Navigation,1,0,0,0,0,0,,0,,,0,1.0,0,0,0,0,20,0,,,,1,1,0,0,1,1,1,1,1,1,1,0,0,1,1,1,1,1,1,0,1,1,1,1,1,1,1,0,1,1
Basic,BasicControls,OP-Controls-Basic-SanityGreen-Short-2-NA-0-NA.yml,Navigation,1,0,0,0,0,0,,0,,,0,2.0,0,0,0,0,20,0,,,,1,0,0,0,1,1,1,1,1,1,0,0,1,1,1,1,1,1,1,1,1,1,1,1,1,1,1,0,1,1
Basic,BasicControls,OP-Controls-Basic-SanityGreen-Short-4-NA-0-NA.yml,Navigation,1,0,0,0,0,0,,0,,,0,4.0,0,0,0,0,20,0,,,,1,1,0,0,1,1,1,1,1,1,1,1,0,1,1,1,1,1,1,1,1,0,1,0,1,0,1,1,1,1
Basic,BasicControls,OP-Controls-Basic-TransparentWLong-Double-0.5-NA-0-Transparent.yml,Navigation,1,0,0,0,0,0,,0,,,0,0.5,1,0,0,0,20,0,,,,1,1,0,0,1,1,1,1,1,1,0,1,0,1,1,1,1,1,1,1,1,1,1,1,1,1,1,1,1,1
Basic,BasicControls,OP-Controls-Basic-TransparentWLong-Double-0.5-NA-355-Transparent.yml,Navigation,1,0,0,0,0,0,,0,,,0,0.5,1,0,0,0,20,0,,,,1,1,0,0,1,1,1,1,1,1,0,0,1,1,1,1,1,1,1,1,1,1,1,1,1,0,1,1,1,1
Basic,BasicControls,OP-Controls-Basic-TransparentWLong-Double-0.5-NA-5-Transparent.yml,Navigation,1,0,0,0,0,0,,0,,,0,0.5,1,0,0,0,20,0,,,,1,1,1,0,1,1,0,1,1,1,0,0,1,1,1,1,1,1,1,1,1,1,1,1,1,1,1,0,1,0
Basic,BasicControls,OP-Controls-Basic-TransparentWLong-Double-1-NA-0-Transparent.yml,Navigation,1,0,0,0,0,0,,0,,,0,1.0,1,0,0,0,20,0,,,,1,0,0,0,1,1,1,1,1,1,0,0,0,1,1,1,1,1,1,1,1,1,1,1,1,0,1,1,1,1
Basic,BasicControls,OP-Controls-Basic-TransparentWLong-Double-1-NA-355-Transparent.yml,Navigation,1,0,0,0,0,0,,0,,,0,1.0,1,0,0,0,20,0,,,,1,1,0,1,1,1,1,1,1,0,0,0,0,1,1,1,1,1,1,0,1,1,1,1,1,1,1,0,1,0
Basic,BasicControls,OP-Controls-Basic-TransparentWLong-Double-1-NA-5-Transparent.yml,Navigation,1,0,0,0,0,0,,0,,,0,1.0,1,0,0,0,20,0,,,,1,0,0,0,1,1,1,1,1,1,0,1,1,1,1,1,1,1,1,1,1,0,1,1,1,1,1,1,1,1
Basic,BasicControls,OP-Controls-Basic-TransparentWLong-Double-2-NA-0-Transparent.yml,Navigation,1,0,0,0,0,0,,0,,,0,2.0,1,0,0,0,20,0,,,,1,1,0,0,1,1,1,1,1,1,0,0,0,1,1,1,1,1,1,1,1,1,1,1,1,1,1,1,1,1
Basic,BasicControls,OP-Controls-Basic-TransparentWLong-Double-2-NA-355-Transparent.yml,Navigation,1,0,0,0,0,0,,0,,,0,2.0,1,0,0,0,20,0,,,,1,0,0,0,0,1,1,1,1,1,1,1,1,1,1,1,1,1,1,1,1,1,1,1,1,1,1,0,1,1
Basic,BasicControls,OP-Controls-Basic-TransparentWLong-Double-2-NA-5-Transparent.yml,Navigation,1,0,0,0,0,0,,0,,,0,2.0,1,0,0,0,20,0,,,,1,1,0,0,1,0,1,1,1,0,1,1,1,1,1,0,1,1,1,1,1,1,1,0,1,1,1,1,1,0
Basic,BasicControls,OP-Controls-Basic-TransparentWLong-Double-4-NA-0-Transparent.yml,Navigation,1,0,0,0,0,0,,0,,,0,4.0,1,0,0,0,20,0,,,,1,1,1,0,0,1,1,1,1,0,1,1,0,1,1,1,1,1,1,1,1,1,1,1,1,1,1,0,1,1
Basic,BasicControls,OP-Controls-Basic-TransparentWLong-Double-4-NA-355-Transparent.yml,Navigation,1,0,0,0,0,0,,0,,,0,4.0,1,0,0,0,20,0,,,,1,1,0,0,1,1,1,1,1,1,1,1,1,1,1,1,1,1,1,1,1,0,1,1,1,0,1,1,1,0
Basic,BasicControls,OP-Controls-Basic-TransparentWLong-Double-4-NA-5-Transparent.yml,Navigation,1,0,0,0,0,0,,0,,,0,4.0,1,0,0,0,20,0,,,,1,1,0,0,1,1,0,0,1,1,1,1,0,0,1,1,1,1,1,0,1,1,1,1,1,1,1,1,1,1
Basic,BasicControls,OP-Controls-Basic-TransparentWLong-Left-0.5-NA-0-Transparent.yml,Navigation,1,0,0,0,0,0,,-1,,,0,0.5,1,0,0,0,20,0,,,,1,0,0,0,1,1,1,1,0,1,0,0,1,1,1,1,1,1,1,1,1,0,1,1,1,1,1,1,1,1
Basic,BasicControls,OP-Controls-Basic-TransparentWLong-Left-0.5-NA-355-Transparent.yml,Navigation,1,0,0,0,0,0,,-1,,,0,0.5,1,0,0,0,20,0,,,,1,1,0,0,1,1,1,1,1,1,0,0,1,1,1,1,1,1,1,1,1,1,1,1,1,1,1,1,1,1
Basic,BasicControls,OP-Controls-Basic-TransparentWLong-Left-0.5-NA-5-Transparent.yml,Navigation,1,0,0,0,0,0,,-1,,,0,0.5,1,0,0,0,20,0,,,,1,0,0,0,1,1,1,1,1,1,0,0,1,1,1,1,1,0,1,1,1,0,1,1,1,1,1,1,1,0
Basic,BasicControls,OP-Controls-Basic-TransparentWLong-Left-1-NA-0-Transparent.yml,Navigation,1,0,0,0,0,0,,-1,,,0,1.0,1,0,0,0,20,0,,,,1,1,0,0,1,1,0,1,1,1,0,1,1,1,1,1,0,1,1,1,1,1,1,1,1,1,1,1,1,1
Basic,BasicControls,OP-Controls-Basic-TransparentWLong-Left-1-NA-355-Transparent.yml,Navigation,1,0,0,0,0,0,,-1,,,0,1.0,1,0,0,0,20,0,,,,1,1,0,1,1,1,1,1,1,1,0,0,1,1,1,1,1,1,1,1,1,0,1,1,1,1,1,1,1,0
Basic,BasicControls,OP-Controls-Basic-TransparentWLong-Left-1-NA-5-Transparent.yml,Navigation,1,0,0,0,0,0,,-1,,,0,1.0,1,0,0,0,20,0,,,,1,1,0,0,0,1,0,1,1,1,0,1,1,1,1,1,0,1,1,1,1,1,1,1,1,1,1,1,1,0
Basic,BasicControls,OP-Controls-Basic-TransparentWLong-Left-2-NA-0-Transparent.yml,Navigation,1,0,0,0,0,0,,-1,,,0,2.0,1,0,0,0,20,0,,,,1,1,0,1,1,1,1,1,1,1,1,1,1,1,1,0,1,1,1,1,1,1,1,0,1,0,1,0,1,1
Basic,BasicControls,OP-Controls-Basic-TransparentWLong-Left-2-NA-355-Transparent.yml,Navigation,1,0,0,0,0,0,,-1,,,0,2.0,1,0,0,0,20,0,,,,1,0,0,0,0,1,1,1,1,0,1,1,1,1,1,1,1,1,1,1,1,0,1,1,1,0,1,1,1,1
Basic,BasicControls,OP-Controls-Basic-TransparentWLong-Left-2-NA-5-Transparent.yml,Navigation,1,0,0,0,0,0,,-1,,,0,2.0,1,0,0,0,20,0,,,,1,0,0,0,1,1,1,1,1,1,0,1,1,1,1,1,1,1,1,1,1,1,1,1,1,1,1,0,1,0
Basic,BasicControls,OP-Controls-Basic-TransparentWLong-Left-4-NA-0-Transparent.yml,Navigation,1,0,0,0,0,0,,-1,,,0,4.0,1,0,0,0,20,0,,,,1,0,0,0,1,1,1,1,1,1,1,1,1,1,1,1,1,1,1,1,1,1,1,1,1,1,1,0,1,1
Basic,BasicControls,OP-Controls-Basic-TransparentWLong-Left-4-NA-355-Transparent.yml,Navigation,1,0,0,0,0,0,,-1,,,0,4.0,1,0,0,0,20,0,,,,1,0,0,0,1,1,1,1,1,1,1,0,1,1,1,1,1,1,1,1,1,1,1,0,1,1,1,1,1,0
Basic,BasicControls,OP-Controls-Basic-TransparentWLong-Left-4-NA-5-Transparent.yml,Navigation,1,0,0,0,0,0,,-1,,,0,4.0,1,0,0,0,20,0,,,,1,0,0,0,1,1,1,1,1,1,1,1,1,1,1,1,1,0,1,1,1,1,1,1,1,1,1,1,1,1
Basic,BasicControls,OP-Controls-Basic-TransparentWLong-Right-0.5-NA-0-Transparent.yml,Navigation,1,0,0,0,0,0,,1,,,0,0.5,1,0,0,0,20,0,,,,1,0,0,0,1,1,1,1,1,1,0,1,1,1,1,1,1,1,1,1,1,0,1,1,1,1,1,0,1,1
Basic,BasicControls,OP-Controls-Basic-TransparentWLong-Right-0.5-NA-355-Transparent.yml,Navigation,1,0,0,0,0,0,,1,,,0,0.5,1,0,0,0,20,0,,,,1,0,0,0,1,1,1,1,1,1,0,1,1,1,1,1,1,1,1,1,1,1,1,1,1,1,1,1,1,1
Basic,BasicControls,OP-Controls-Basic-TransparentWLong-Right-0.5-NA-5-Transparent.yml,Navigation,1,0,0,0,0,0,,1,,,0,0.5,1,0,0,0,20,0,,,,1,0,0,0,1,1,1,1,1,1,0,1,0,1,1,1,1,0,1,1,1,1,1,1,1,0,1,1,1,1
Basic,BasicControls,OP-Controls-Basic-TransparentWLong-Right-1-NA-0-Transparent.yml,Navigation,1,0,0,0,0,0,,1,,,0,1.0,1,0,0,0,20,0,,,,1,1,0,0,1,1,1,1,1,1,1,0,1,1,1,1,1,1,1,0,1,1,1,1,1,1,1,1,1,1
Basic,BasicControls,OP-Controls-Basic-TransparentWLong-Right-1-NA-355-Transparent.yml,Navigation,1,0,0,0,0,0,,1,,,0,1.0,1,0,0,0,20,0,,,,1,0,0,0,0,1,1,1,1,1,0,1,0,1,1,1,1,1,1,1,1,1,1,1,1,1,1,0,1,1
Basic,BasicControls,OP-Controls-Basic-TransparentWLong-Right-1-NA-5-Transparent.yml,Navigation,1,0,0,0,0,0,,1,,,0,1.0,1,0,0,0,20,0,,,,1,1,1,0,1,0,1,1,1,1,1,1,0,1,1,1,1,1,1,1,1,0,1,1,1,1,1,0,1,1
Basic,BasicControls,OP-Controls-Basic-TransparentWLong-Right-2-NA-0-Transparent.yml,Navigation,1,0,0,0,0,0,,1,,,0,2.0,1,0,0,0,20,0,,,,1,1,0,0,1,1,1,1,1,1,0,1,0,1,1,1,1,1,1,0,1,1,1,1,1,0,1,1,1,1
Basic,BasicControls,OP-Controls-Basic-TransparentWLong-Right-2-NA-355-Transparent.yml,Navigation,1,0,0,0,0,0,,1,,,0,2.0,1,0,0,0,20,0,,,,1,0,0,0,1,1,1,1,1,1,0,1,0,1,1,0,1,1,1,1,1,1,1,1,1,0,1,1,1,0
Basic,BasicControls,OP-Controls-Basic-TransparentWLong-Right-2-NA-5-Transparent.yml,Navigation,1,0,0,0,0,0,,1,,,0,2.0,1,0,0,0,20,0,,,,1,1,0,0,1,1,1,0,1,0,1,1,1,1,1,1,1,1,1,0,1,1,1,1,1,1,1,1,1,0
Basic,BasicControls,OP-Controls-Basic-TransparentWLong-Right-4-NA-0-Transparent.yml,Navigation,1,0,0,0,0,0,,1,,,0,4.0,1,0,0,0,20,0,,,,1,1,0,0,1,1,1,0,1,1,1,1,1,1,1,1,1,1,1,1,1,1,1,1,1,1,1,1,1,1
Basic,BasicControls,OP-Controls-Basic-TransparentWLong-Right-4-NA-355-Transparent.yml,Navigation,1,0,0,0,0,0,,1,,,0,4.0,1,0,0,0,20,0,,,,1,0,0,0,1,1,1,1,0,1,1,1,1,1,1,1,0,1,1,0,1,1,1,1,1,1,1,1,1,1
Basic,BasicControls,OP-Controls-Basic-TransparentWLong-Right-4-NA-5-Transparent.yml,Navigation,1,0,0,0,0,0,,1,,,0,4.0,1,0,0,0,20,0,,,,1,1,0,0,1,1,1,1,1,0,1,1,0,1,1,0,1,1,1,1,1,1,1,1,1,1,1,1,1,1
Basic,BasicControls,OP-Controls-Basic-TransparentWLong-Short-0.5-NA-0-Transparent.yml,Navigation,1,0,0,0,0,0,,0,,,0,0.5,1,0,0,0,20,0,,,,1,1,0,0,1,1,1,1,1,1,0,1,0,1,1,1,1,1,1,1,1,0,1,0,1,0,1,1,1,0
Basic,BasicControls,OP-Controls-Basic-TransparentWLong-Short-0.5-NA-355-Transparent.yml,Navigation,1,0,0,0,0,0,,0,,,0,0.5,1,0,0,0,20,0,,,,1,1,0,0,0,1,0,1,1,0,0,1,0,1,1,1,1,1,1,1,1,1,1,1,1,1,1,1,1,1
Basic,BasicControls,OP-Controls-Basic-TransparentWLong-Short-0.5-NA-5-Transparent.yml,Navigation,1,0,0,0,0,0,,0,,,0,0.5,1,0,0,0,20,0,,,,1,0,0,0,1,1,1,1,0,1,0,1,1,0,1,1,1,0,1,0,1,0,1,1,1,1,1,1,1,1
Basic,BasicControls,OP-Controls-Basic-TransparentWLong-Short-1-NA-0-Transparent.yml,Navigation,1,0,0,0,0,0,,0,,,0,1.0,1,0,0,0,20,0,,,,1,0,0,0,1,1,1,1,1,1,1,1,1,1,1,1,1,1,1,0,1,1,1,1,1,0,1,1,1,1
Basic,BasicControls,OP-Controls-Basic-TransparentWLong-Short-1-NA-355-Transparent.yml,Navigation,1,0,0,0,0,0,,0,,,0,1.0,1,0,0,0,20,0,,,,1,0,0,0,1,1,1,1,1,1,0,1,1,0,1,1,1,1,1,0,1,0,1,0,1,1,1,1,1,0
Basic,BasicControls,OP-Controls-Basic-TransparentWLong-Short-1-NA-5-Transparent.yml,Navigation,1,0,0,0,0,0,,0,,,0,1.0,1,0,0,0,20,0,,,,1,1,0,1,1,1,1,1,1,1,1,0,1,1,1,1,1,1,1,1,1,0,1,0,1,1,1,1,1,1
Basic,BasicControls,OP-Controls-Basic-TransparentWLong-Short-2-NA-0-Transparent.yml,Navigation,1,0,0,0,0,0,,0,,,0,2.0,1,0,0,0,20,0,,,,1,0,0,0,1,1,1,1,1,1,1,0,0,1,1,1,1,1,1,1,1,1,1,1,1,1,1,1,1,1
Basic,BasicControls,OP-Controls-Basic-TransparentWLong-Short-2-NA-355-Transparent.yml,Navigation,1,0,0,0,0,0,,0,,,0,2.0,1,0,0,0,20,0,,,,1,1,0,0,1,1,1,1,1,0,0,1,1,1,1,1,1,1,1,1,1,0,1,1,1,1,1,1,1,1
Basic,BasicControls,OP-Controls-Basic-TransparentWLong-Short-2-NA-5-Transparent.yml,Navigation,1,0,0,0,0,0,,0,,,0,2.0,1,0,0,0,20,0,,,,1,1,0,0,1,1,1,1,1,1,0,1,1,1,1,1,1,1,1,1,1,1,1,0,1,1,1,1,1,1
Basic,BasicControls,OP-Controls-Basic-TransparentWLong-Short-4-NA-0-Transparent.yml,Navigation,1,0,0,0,0,0,,0,,,0,4.0,1,0,0,0,20,0,,,,1,0,0,0,1,1,1,1,1,0,1,1,1,1,1,1,1,1,1,1,1,1,1,1,1,0,1,0,1,1
Basic,BasicControls,OP-Controls-Basic-TransparentWLong-Short-4-NA-355-Transparent.yml,Navigation,1,0,0,0,0,0,,0,,,0,4.0,1,0,0,0,20,0,,,,1,0,0,0,0,1,1,0,1,1,1,0,1,1,1,0,1,1,1,0,1,1,1,0,1,1,1,1,1,1
Basic,BasicControls,OP-Controls-Basic-TransparentWLong-Short-4-NA-5-Transparent.yml,Navigation,1,0,0,0,0,0,,0,,,0,4.0,1,0,0,0,20,0,,,,1,0,0,0,1,1,1,1,1,1,1,1,0,1,1,1,1,1,1,1,1,0,1,1,1,1,1,0,1,1
Basic,BasicControls,OP-Controls-Basic-TransparentWMedium-Double-0.5-NA-0-Transparent.yml,Navigation,1,0,0,0,0,0,,0,,,0,0.5,1,0,0,0,29,0,,,,1,0,0,0,1,1,1,1,1,1,0,1,1,1,1,1,1,1,1,1,1,1,1,1,1,1,1,1,1,1
Basic,BasicControls,OP-Controls-Basic-TransparentWMedium-Double-0.5-NA-355-Transparent.yml,Navigation,1,0,0,0,0,0,,0,,,0,0.5,1,0,0,0,29,0,,,,1,0,0,0,1,1,1,1,1,1,0,0,1,1,1,1,1,1,1,0,1,1,1,1,1,1,1,1,1,1
Basic,BasicControls,OP-Controls-Basic-TransparentWMedium-Double-0.5-NA-5-Transparent.yml,Navigation,1,0,0,0,0,0,,0,,,0,0.5,1,0,0,0,29,0,,,,1,1,0,1,1,1,1,1,1,0,0,1,1,1,1,1,1,0,1,0,1,1,1,1,1,0,1,1,1,1
Basic,BasicControls,OP-Controls-Basic-TransparentWMedium-Double-1-NA-0-Transparent.yml,Navigation,1,0,0,0,0,0,,0,,,0,1.0,1,0,0,0,29,0,,,,1,1,0,0,1,0,1,1,1,1,0,0,0,1,1,1,0,0,1,1,1,1,1,1,1,1,1,1,1,1
Basic,BasicControls,OP-Controls-Basic-TransparentWMedium-Double-1-NA-355-Transparent.yml,Navigation,1,0,0,0,0,0,,0,,,0,1.0,1,0,0,0,29,0,,,,1,0,0,0,1,1,1,1,1,1,0,0,1,1,1,1,1,1,1,1,1,0,1,1,1,1,1,0,1,1
Basic,BasicControls,OP-Controls-Basic-TransparentWMedium-Double-1-NA-5-Transparent.yml,Navigation,1,0,0,0,0,0,,0,,,0,1.0,1,0,0,0,29,0,,,,1,0,0,0,1,1,1,1,1,0,1,1,0,1,1,1,0,1,1,1,1,1,1,1,1,0,1,1,1,1
Basic,BasicControls,OP-Controls-Basic-TransparentWMedium-Double-2-NA-0-Transparent.yml,Navigation,1,0,0,0,0,0,,0,,,0,2.0,1,0,0,0,29,0,,,,1,0,0,0,1,1,1,1,1,1,0,1,0,1,1,1,1,1,1,0,1,1,1,1,1,1,1,0,1,0
Basic,BasicControls,OP-Controls-Basic-TransparentWMedium-Double-2-NA-355-Transparent.yml,Navigation,1,0,0,0,0,0,,0,,,0,2.0,1,0,0,0,29,0,,,,1,1,0,0,1,1,1,1,1,1,0,1,0,1,1,1,1,0,1,1,1,1,1,0,1,0,1,1,1,0
Basic,BasicControls,OP-Controls-Basic-TransparentWMedium-Double-2-NA-5-Transparent.yml,Navigation,1,0,0,0,0,0,,0,,,0,2.0,1,0,0,0,29,0,,,,1,1,1,0,1,1,1,1,1,1,0,1,1,1,1,1,1,1,1,1,1,0,1,1,1,1,1,1,1,0
Basic,BasicControls,OP-Controls-Basic-TransparentWMedium-Double-4-NA-0-Transparent.yml,Navigation,1,0,0,0,0,0,,0,,,0,4.0,1,0,0,0,29,0,,,,1,1,1,0,1,1,1,1,1,1,1,1,1,1,1,1,1,1,1,1,1,1,1,1,1,1,1,1,1,1
Basic,BasicControls,OP-Controls-Basic-TransparentWMedium-Double-4-NA-355-Transparent.yml,Navigation,1,0,0,0,0,0,,0,,,0,4.0,1,0,0,0,29,0,,,,1,1,0,0,1,1,1,1,1,0,1,1,0,1,1,1,1,1,1,0,1,0,1,1,1,1,1,0,1,1
Basic,BasicControls,OP-Controls-Basic-TransparentWMedium-Double-4-NA-5-Transparent.yml,Navigation,1,0,0,0,0,0,,0,,,0,4.0,1,0,0,0,29,0,,,,1,0,0,0,1,1,1,0,1,1,1,1,0,1,1,1,1,1,1,1,1,0,1,1,1,1,1,1,1,0
Basic,BasicControls,OP-Controls-Basic-TransparentWMedium-Left-0.5-NA-0-Transparent.yml,Navigation,1,0,0,0,0,0,,-1,,,0,0.5,1,0,0,0,29,0,,,,1,0,0,0,1,1,1,1,1,1,0,1,1,1,1,1,1,1,1,0,1,1,1,1,1,1,1,1,1,1
Basic,BasicControls,OP-Controls-Basic-TransparentWMedium-Left-0.5-NA-355-Transparent.yml,Navigation,1,0,0,0,0,0,,-1,,,0,0.5,1,0,0,0,29,0,,,,1,0,0,1,1,1,1,1,1,1,0,0,1,1,1,1,1,1,1,1,1,1,1,1,1,1,1,1,1,1
Basic,BasicControls,OP-Controls-Basic-TransparentWMedium-Left-0.5-NA-5-Transparent.yml,Navigation,1,0,0,0,0,0,,-1,,,0,0.5,1,0,0,0,29,0,,,,1,0,0,0,1,0,1,1,1,1,0,1,1,0,1,1,1,1,1,1,1,1,1,1,1,1,1,1,1,1
Basic,BasicControls,OP-Controls-Basic-TransparentWMedium-Left-1-NA-0-Transparent.yml,Navigation,1,0,0,0,0,0,,-1,,,0,1.0,1,0,0,0,29,0,,,,1,1,0,0,1,1,1,1,1,1,1,1,1,1,1,1,1,1,1,0,1,0,1,1,1,1,1,1,1,1
Basic,BasicControls,OP-Controls-Basic-TransparentWMedium-Left-1-NA-355-Transparent.yml,Navigation,1,0,0,0,0,0,,-1,,,0,1.0,1,0,0,0,29,0,,,,1,1,1,0,1,1,1,1,1,1,0,1,1,1,1,1,1,1,1,0,1,1,1,0,1,0,1,1,1,1
Basic,BasicControls,OP-Controls-Basic-TransparentWMedium-Left-1-NA-5-Transparent.yml,Navigation,1,0,0,0,0,0,,-1,,,0,1.0,1,0,0,0,29,0,,,,1,1,0,0,1,1,1,1,1,0,0,0,1,1,1,1,1,1,1,1,1,1,1,0,1,0,1,0,1,1
Basic,BasicControls,OP-Controls-Basic-TransparentWMedium-Left-2-NA-0-Transparent.yml,Navigation,1,0,0,0,0,0,,-1,,,0,2.0,1,0,0,0,29,0,,,,1,0,1,0,0,1,0,1,1,1,0,0,1,1,1,0,1,1,1,0,1,1,1,1,1,1,1,1,1,0
Basic,BasicControls,OP-Controls-Basic-TransparentWMedium-Left-2-NA-355-Transparent.yml,Navigation,1,0,0,0,0,0,,-1,,,0,2.0,1,0,0,0,29,0,,,,1,0,0,0,0,1,1,1,1,1,1,1,1,1,1,1,1,1,1,1,1,1,1,1,1,0,1,0,1,1
Basic,BasicControls,OP-Controls-Basic-TransparentWMedium-Left-2-NA-5-Transparent.yml,Navigation,1,0,0,0,0,0,,-1,,,0,2.0,1,0,0,0,29,0,,,,1,1,0,0,1,1,1,1,1,1,1,1,1,1,1,1,1,1,1,1,1,1,1,1,1,1,1,1,1,1
Basic,BasicControls,OP-Controls-Basic-TransparentWMedium-Left-4-NA-0-Transparent.yml,Navigation,1,0,0,0,0,0,,-1,,,0,4.0,1,0,0,0,29,0,,,,1,0,0,0,1,1,1,1,1,0,1,0,1,1,1,1,0,1,1,1,1,0,1,1,1,1,1,1,1,1
Basic,BasicControls,OP-Controls-Basic-TransparentWMedium-Left-4-NA-355-Transparent.yml,Navigation,1,0,0,0,0,0,,-1,,,0,4.0,1,0,0,0,29,0,,,,1,0,0,0,1,1,1,1,1,1,0,0,1,1,1,1,1,1,1,1,1,1,1,1,1,1,1,0,1,1
Basic,BasicControls,OP-Controls-Basic-TransparentWMedium-Left-4-NA-5-Transparent.yml,Navigation,1,0,0,0,0,0,,-1,,,0,4.0,1,0,0,0,29,0,,,,1,0,0,0,1,1,1,1,1,1,1,1,1,1,1,1,1,1,1,1,1,0,1,0,1,1,1,1,1,0
Basic,BasicControls,OP-Controls-Basic-TransparentWMedium-Right-0.5-NA-0-Transparent.yml,Navigation,1,0,0,0,0,0,,1,,,0,0.5,1,0,0,0,29,0,,,,1,1,0,0,1,1,1,1,1,1,0,1,0,1,1,0,1,1,1,1,1,1,1,1,1,1,1,1,1,1
Basic,BasicControls,OP-Controls-Basic-TransparentWMedium-Right-0.5-NA-355-Transparent.yml,Navigation,1,0,0,0,0,0,,1,,,0,0.5,1,0,0,0,29,0,,,,1,1,0,0,1,1,1,1,1,1,0,1,1,1,1,1,1,1,1,1,1,1,1,1,1,1,1,1,1,1
Basic,BasicControls,OP-Controls-Basic-TransparentWMedium-Right-0.5-NA-5-Transparent.yml,Navigation,1,0,0,0,0,0,,1,,,0,0.5,1,0,0,0,29,0,,,,1,0,0,0,1,1,1,1,1,1,0,0,1,1,1,1,1,1,1,0,1,0,1,0,1,1,1,0,1,1
Basic,BasicControls,OP-Controls-Basic-TransparentWMedium-Right-1-NA-0-Transparent.yml,Navigation,1,0,0,0,0,0,,1,,,0,1.0,1,0,0,0,29,0,,,,1,1,0,0,1,1,1,1,1,1,0,1,0,1,1,1,1,1,1,0,1,0,1,1,1,1,1,0,1,1
Basic,BasicControls,OP-Controls-Basic-TransparentWMedium-Right-1-NA-355-Transparent.yml,Navigation,1,0,0,0,0,0,,1,,,0,1.0,1,0,0,0,29,0,,,,1,0,0,0,1,1,1,1,1,0,1,1,0,1,1,1,1,1,1,0,1,1,1,1,1,1,1,1,1,1
Basic,BasicControls,OP-Controls-Basic-TransparentWMedium-Right-1-NA-5-Transparent.yml,Navigation,1,0,0,0,0,0,,1,,,0,1.0,1,0,0,0,29,0,,,,1,0,0,0,1,1,1,1,1,1,1,1,0,1,1,1,1,1,1,1,1,0,1,0,1,1,1,1,1,1
Basic,BasicControls,OP-Controls-Basic-TransparentWMedium-Right-2-NA-0-Transparent.yml,Navigation,1,0,0,0,0,0,,1,,,0,2.0,1,0,0,0,29,0,,,,1,1,0,0,0,1,1,0,1,1,1,1,1,1,1,1,1,1,1,0,1,0,1,1,1,1,1,1,1,1
Basic,BasicControls,OP-Controls-Basic-TransparentWMedium-Right-2-NA-355-Transparent.yml,Navigation,1,0,0,0,0,0,,1,,,0,2.0,1,0,0,0,29,0,,,,1,0,1,1,1,1,1,1,1,0,0,1,0,1,1,1,1,1,1,0,1,1,1,1,1,1,1,0,1,1
Basic,BasicControls,OP-Controls-Basic-TransparentWMedium-Right-2-NA-5-Transparent.yml,Navigation,1,0,0,0,0,0,,1,,,0,2.0,1,0,0,0,29,0,,,,1,0,0,0,1,1,1,0,1,0,1,1,0,1,1,1,1,1,1,1,1,1,1,0,1,1,1,1,1,1
Basic,BasicControls,OP-Controls-Basic-TransparentWMedium-Right-4-NA-0-Transparent.yml,Navigation,1,0,0,0,0,0,,1,,,0,4.0,1,0,0,0,29,0,,,,1,0,0,0,1,1,1,1,1,1,1,1,1,1,1,1,1,1,1,1,1,1,1,0,1,1,1,0,1,0
Basic,BasicControls,OP-Controls-Basic-TransparentWMedium-Right-4-NA-355-Transparent.yml,Navigation,1,0,0,0,0,0,,1,,,0,4.0,1,0,0,0,29,0,,,,1,0,0,1,1,1,0,1,1,1,1,1,0,1,1,1,1,0,1,1,1,0,1,1,1,1,1,0,1,0
Basic,BasicControls,OP-Controls-Basic-TransparentWMedium-Right-4-NA-5-Transparent.yml,Navigation,1,0,0,0,0,0,,1,,,0,4.0,1,0,0,0,29,0,,,,1,0,0,0,1,1,1,1,1,1,1,1,0,1,1,1,1,1,1,1,1,1,1,0,1,1,1,1,1,1
Basic,BasicControls,OP-Controls-Basic-TransparentWMedium-Short-0.5-NA-0-Transparent.yml,Navigation,1,0,0,0,0,0,,0,,,0,0.5,1,0,0,0,29,0,,,,1,0,0,0,1,1,1,1,1,1,0,1,0,0,1,1,1,1,1,1,1,0,1,1,1,1,1,1,1,1
Basic,BasicControls,OP-Controls-Basic-TransparentWMedium-Short-0.5-NA-355-Transparent.yml,Navigation,1,0,0,0,0,0,,0,,,0,0.5,1,0,0,0,29,0,,,,1,1,0,0,1,1,1,1,1,1,0,1,1,1,1,1,1,1,1,0,1,1,1,1,1,0,1,1,1,1
Basic,BasicControls,OP-Controls-Basic-TransparentWMedium-Short-0.5-NA-5-Transparent.yml,Navigation,1,0,0,0,0,0,,0,,,0,0.5,1,0,0,0,29,0,,,,1,1,0,0,1,1,1,1,1,1,0,1,1,1,1,0,1,0,1,1,1,1,1,1,1,1,1,1,1,1
Basic,BasicControls,OP-Controls-Basic-TransparentWMedium-Short-1-NA-0-Transparent.yml,Navigation,1,0,0,0,0,0,,0,,,0,1.0,1,0,0,0,29,0,,,,1,1,0,0,1,1,1,1,1,1,0,0,0,1,1,1,1,1,1,1,1,1,1,0,1,1,1,1,1,0
Basic,BasicControls,OP-Controls-Basic-TransparentWMedium-Short-1-NA-355-Transparent.yml,Navigation,1,0,0,0,0,0,,0,,,0,1.0,1,0,0,0,29,0,,,,1,1,0,1,1,1,1,1,1,1,0,1,0,1,1,1,1,1,1,0,1,0,1,1,1,1,1,1,1,1
Basic,BasicControls,OP-Controls-Basic-TransparentWMedium-Short-1-NA-5-Transparent.yml,Navigation,1,0,0,0,0,0,,0,,,0,1.0,1,0,0,0,29,0,,,,1,1,0,0,1,1,1,1,1,1,1,1,0,1,1,1,1,1,1,1,1,1,1,1,1,0,1,1,1,0
Basic,BasicControls,OP-Controls-Basic-TransparentWMedium-Short-2-NA-0-Transparent.yml,Navigation,1,0,0,0,0,0,,0,,,0,2.0,1,0,0,0,29,0,,,,1,0,0,0,1,1,1,1,1,0,1,0,1,1,1,1,1,1,1,0,1,1,1,1,1,1,1,1,1,1
Basic,BasicControls,OP-Controls-Basic-TransparentWMedium-Short-2-NA-355-Transparent.yml,Navigation,1,0,0,0,0,0,,0,,,0,2.0,1,0,0,0,29,0,,,,1,0,0,1,1,0,1,1,1,1,1,1,0,1,1,1,0,1,1,1,1,1,1,1,1,1,1,0,1,1
Basic,BasicControls,OP-Controls-Basic-TransparentWMedium-Short-2-NA-5-Transparent.yml,Navigation,1,0,0,0,0,0,,0,,,0,2.0,1,0,0,0,29,0,,,,1,0,0,0,1,1,1,1,1,1,1,1,1,1,1,1,1,1,1,1,1,1,1,0,1,0,1,0,1,1
Basic,BasicControls,OP-Controls-Basic-TransparentWMedium-Short-4-NA-0-Transparent.yml,Navigation,1,0,0,0,0,0,,0,,,0,4.0,1,0,0,0,29,0,,,,1,1,1,0,1,1,1,1,1,1,1,0,1,1,1,1,1,1,1,1,1,0,1,1,1,1,1,0,1,1
Basic,BasicControls,OP-Controls-Basic-TransparentWMedium-Short-4-NA-355-Transparent.yml,Navigation,1,0,0,0,0,0,,0,,,0,4.0,1,0,0,0,29,0,,,,1,1,1,1,1,1,1,1,0,1,0,1,0,1,1,1,1,1,1,1,1,1,1,1,1,0,1,1,1,1
Basic,BasicControls,OP-Controls-Basic-TransparentWMedium-Short-4-NA-5-Transparent.yml,Navigation,1,0,0,0,0,0,,0,,,0,4.0,1,0,0,0,29,0,,,,1,1,0,0,1,1,1,1,1,1,1,1,0,1,1,1,1,0,1,1,1,1,1,0,1,1,1,1,1,1
Basic,BasicControls,OP-Controls-Basic-TransparentWShort-Double-0.5-NA-0-Transparent.yml,Navigation,1,0,0,0,0,0,,0,,,0,0.5,1,0,0,0,20,0,,,,1,0,1,0,1,1,1,1,1,1,0,1,0,1,1,1,1,1,1,1,1,1,1,1,1,1,1,0,1,1
Basic,BasicControls,OP-Controls-Basic-TransparentWShort-Double-0.5-NA-355-Transparent.yml,Navigation,1,0,0,0,0,0,,0,,,0,0.5,1,0,0,0,20,0,,,,1,1,0,1,1,1,1,1,1,0,0,0,1,1,1,1,1,1,1,1,1,0,1,1,1,1,1,1,1,1
Basic,BasicControls,OP-Controls-Basic-TransparentWShort-Double-0.5-NA-5-Transparent.yml,Navigation,1,0,0,0,0,0,,0,,,0,0.5,1,0,0,0,20,0,,,,1,1,0,0,1,1,1,1,1,0,0,1,0,1,1,1,1,1,1,0,1,1,1,1,1,1,1,1,1,0
Basic,BasicControls,OP-Controls-Basic-TransparentWShort-Double-1-NA-0-Transparent.yml,Navigation,1,0,0,0,0,0,,0,,,0,1.0,1,0,0,0,20,0,,,,1,0,0,0,1,1,1,1,1,1,0,1,1,1,1,1,1,1,1,1,1,1,1,1,1,0,1,0,1,1
Basic,BasicControls,OP-Controls-Basic-TransparentWShort-Double-1-NA-355-Transparent.yml,Navigation,1,0,0,0,0,0,,0,,,0,1.0,1,0,0,0,20,0,,,,1,0,0,0,1,1,1,1,1,1,0,1,0,1,1,1,1,1,1,1,1,1,1,1,1,1,1,1,1,1
Basic,BasicControls,OP-Controls-Basic-TransparentWShort-Double-1-NA-5-Transparent.yml,Navigation,1,0,0,0,0,0,,0,,,0,1.0,1,0,0,0,20,0,,,,1,0,0,0,1,1,1,0,1,1,1,0,1,1,1,1,1,1,1,1,1,1,1,1,1,1,1,1,1,0
Basic,BasicControls,OP-Controls-Basic-TransparentWShort-Double-2-NA-0-Transparent.yml,Navigation,1,0,0,0,0,0,,0,,,0,2.0,1,0,0,0,20,0,,,,1,1,0,0,1,1,1,1,1,1,1,1,1,1,1,1,1,1,1,1,1,1,1,1,1,1,1,1,1,1
Basic,BasicControls,OP-Controls-Basic-TransparentWShort-Double-2-NA-355-Transparent.yml,Navigation,1,0,0,0,0,0,,0,,,0,2.0,1,0,0,0,20,0,,,,1,0,1,0,1,1,1,1,1,1,1,0,1,1,1,1,1,1,1,1,1,1,1,1,1,1,1,1,1,0
Basic,BasicControls,OP-Controls-Basic-TransparentWShort-Double-2-NA-5-Transparent.yml,Navigation,1,0,0,0,0,0,,0,,,0,2.0,1,0,0,0,20,0,,,,1,0,0,0,1,1,1,1,1,1,1,1,0,1,1,1,1,1,1,1,1,1,1,1,1,1,1,1,1,1
Basic,BasicControls,OP-Controls-Basic-TransparentWShort-Double-4-NA-0-Transparent.yml,Navigation,1,0,0,0,0,0,,0,,,0,4.0,1,0,0,0,20,0,,,,1,0,0,0,1,1,1,1,1,1,1,1,1,1,1,1,1,1,1,1,1,1,1,0,1,1,1,1,1,1
Basic,BasicControls,OP-Controls-Basic-TransparentWShort-Double-4-NA-355-Transparent.yml,Navigation,1,0,0,0,0,0,,0,,,0,4.0,1,0,0,0,20,0,,,,1,0,1,0,1,1,1,1,1,1,1,0,1,1,1,1,1,1,1,1,1,1,1,0,1,1,1,1,1,1
Basic,BasicControls,OP-Controls-Basic-TransparentWShort-Double-4-NA-5-Transparent.yml,Navigation,1,0,0,0,0,0,,0,,,0,4.0,1,0,0,0,20,0,,,,1,0,0,0,1,1,1,1,1,0,1,1,1,1,1,1,1,1,1,0,1,1,1,0,1,1,1,1,1,0
Basic,BasicControls,OP-Controls-Basic-TransparentWShort-Left-0.5-NA-0-Transparent.yml,Navigation,1,0,0,0,0,0,,-1,,,0,0.5,1,0,0,0,20,0,,,,1,0,0,0,1,1,1,1,1,1,0,0,1,0,1,1,1,1,1,0,1,1,1,1,1,1,1,1,1,1
Basic,BasicControls,OP-Controls-Basic-TransparentWShort-Left-0.5-NA-355-Transparent.yml,Navigation,1,0,0,0,0,0,,-1,,,0,0.5,1,0,0,0,20,0,,,,1,1,0,0,0,1,1,1,1,0,0,1,1,1,1,1,1,1,1,1,1,1,1,0,1,1,1,1,1,1
Basic,BasicControls,OP-Controls-Basic-TransparentWShort-Left-0.5-NA-5-Transparent.yml,Navigation,1,0,0,0,0,0,,-1,,,0,0.5,1,0,0,0,20,0,,,,1,0,0,0,1,1,1,1,1,1,0,0,1,1,1,1,1,1,1,1,1,0,1,1,1,1,1,0,1,0
Basic,BasicControls,OP-Controls-Basic-TransparentWShort-Left-1-NA-0-Transparent.yml,Navigation,1,0,0,0,0,0,,-1,,,0,1.0,1,0,0,0,20,0,,,,1,1,0,0,1,1,1,1,1,0,0,0,1,1,1,1,1,1,1,0,1,0,1,1,1,1,1,1,1,1
Basic,BasicControls,OP-Controls-Basic-TransparentWShort-Left-1-NA-355-Transparent.yml,Navigation,1,0,0,0,0,0,,-1,,,0,1.0,1,0,0,0,20,0,,,,1,1,0,1,1,1,1,1,1,1,0,1,1,1,1,1,1,1,1,0,1,0,1,0,1,0,1,1,1,1
Basic,BasicControls,OP-Controls-Basic-TransparentWShort-Left-1-NA-5-Transparent.yml,Navigation,1,0,0,0,0,0,,-1,,,0,1.0,1,0,0,0,20,0,,,,1,1,0,0,1,1,1,1,1,0,0,0,1,1,1,1,1,1,1,1,1,1,1,1,1,1,1,0,1,1
Basic,BasicControls,OP-Controls-Basic-TransparentWShort-Left-2-NA-0-Transparent.yml,Navigation,1,0,0,0,0,0,,-1,,,0,2.0,1,0,0,0,20,0,,,,1,0,0,0,0,1,1,1,1,1,1,0,1,1,1,1,1,1,1,1,1,0,1,1,1,1,1,1,1,1
Basic,BasicControls,OP-Controls-Basic-TransparentWShort-Left-2-NA-355-Transparent.yml,Navigation,1,0,0,0,0,0,,-1,,,0,2.0,1,0,0,0,20,0,,,,1,1,0,0,0,1,1,1,1,1,1,0,1,1,1,1,1,1,1,1,1,1,1,1,1,1,1,1,1,1
Basic,BasicControls,OP-Controls-Basic-TransparentWShort-Left-2-NA-5-Transparent.yml,Navigation,1,0,0,0,0,0,,-1,,,0,2.0,1,0,0,0,20,0,,,,1,1,0,0,1,0,1,1,1,1,1,0,1,1,1,1,1,1,1,1,1,1,1,1,1,1,1,1,1,0
Basic,BasicControls,OP-Controls-Basic-TransparentWShort-Left-4-NA-0-Transparent.yml,Navigation,1,0,0,0,0,0,,-1,,,0,4.0,1,0,0,0,20,0,,,,1,0,0,0,1,1,0,1,1,1,1,1,1,1,1,1,1,1,1,1,1,1,1,1,1,1,1,0,1,1
Basic,BasicControls,OP-Controls-Basic-TransparentWShort-Left-4-NA-355-Transparent.yml,Navigation,1,0,0,0,0,0,,-1,,,0,4.0,1,0,0,0,20,0,,,,1,0,1,0,1,1,1,1,1,0,1,1,1,1,1,1,1,1,1,1,1,1,1,1,1,1,1,0,1,1
Basic,BasicControls,OP-Controls-Basic-TransparentWShort-Left-4-NA-5-Transparent.yml,Navigation,1,0,0,0,0,0,,-1,,,0,4.0,1,0,0,0,20,0,,,,1,0,0,0,1,1,1,1,1,1,1,1,1,1,1,1,1,1,1,1,1,1,1,1,1,1,1,1,1,1
Basic,BasicControls,OP-Controls-Basic-TransparentWShort-Right-0.5-NA-0-Transparent.yml,Navigation,1,0,0,0,0,0,,1,,,0,0.5,1,0,0,0,20,0,,,,1,0,0,0,1,1,1,1,1,1,0,1,0,1,1,1,1,1,1,1,1,0,1,1,1,1,1,1,1,1
Basic,BasicControls,OP-Controls-Basic-TransparentWShort-Right-0.5-NA-355-Transparent.yml,Navigation,1,0,0,0,0,0,,1,,,0,0.5,1,0,0,0,20,0,,,,1,0,0,0,1,1,1,1,1,1,0,1,0,1,1,1,1,1,1,0,1,1,1,1,1,1,1,0,1,1
Basic,BasicControls,OP-Controls-Basic-TransparentWShort-Right-0.5-NA-5-Transparent.yml,Navigation,1,0,0,0,0,0,,1,,,0,0.5,1,0,0,0,20,0,,,,1,1,0,1,1,1,1,1,1,1,0,1,0,1,1,1,1,1,1,1,1,1,1,0,1,1,1,1,1,0
Basic,BasicControls,OP-Controls-Basic-TransparentWShort-Right-1-NA-0-Transparent.yml,Navigation,1,0,0,0,0,0,,1,,,0,1.0,1,0,0,0,20,0,,,,1,1,0,0,1,1,1,1,1,1,0,1,0,1,1,1,1,1,1,1,1,0,1,1,1,0,1,1,1,0
Basic,BasicControls,OP-Controls-Basic-TransparentWShort-Right-1-NA-355-Transparent.yml,Navigation,1,0,0,0,0,0,,1,,,0,1.0,1,0,0,0,20,0,,,,1,0,0,0,1,1,1,1,1,1,0,1,0,1,1,1,1,1,1,1,1,0,1,1,1,0,1,1,1,0
Basic,BasicControls,OP-Controls-Basic-TransparentWShort-Right-1-NA-5-Transparent.yml,Navigation,1,0,0,0,0,0,,1,,,0,1.0,1,0,0,0,20,0,,,,1,0,0,0,0,1,1,1,1,0,0,0,0,1,1,1,1,1,1,1,1,1,1,1,1,1,1,0,1,0
Basic,BasicControls,OP-Controls-Basic-TransparentWShort-Right-2-NA-0-Transparent.yml,Navigation,1,0,0,0,0,0,,1,,,0,2.0,1,0,0,0,20,0,,,,1,0,0,0,1,1,1,1,1,1,1,1,0,1,1,1,1,0,1,0,1,1,1,1,1,1,1,1,1,0
Basic,BasicControls,OP-Controls-Basic-TransparentWShort-Right-2-NA-355-Transparent.yml,Navigation,1,0,0,0,0,0,,1,,,0,2.0,1,0,0,0,20,0,,,,1,0,0,0,1,1,1,1,1,0,1,1,0,1,1,1,1,1,1,1,1,1,1,1,1,0,1,1,1,1
Basic,BasicControls,OP-Controls-Basic-TransparentWShort-Right-2-NA-5-Transparent.yml,Navigation,1,0,0,0,0,0,,1,,,0,2.0,1,0,0,0,20,0,,,,1,0,0,0,1,1,1,1,1,0,1,1,1,1,1,1,1,1,1,1,1,1,1,1,1,1,1,1,1,0
Basic,BasicControls,OP-Controls-Basic-TransparentWShort-Right-4-NA-0-Transparent.yml,Navigation,1,0,0,0,0,0,,1,,,0,4.0,1,0,0,0,20,0,,,,1,0,0,0,1,1,1,1,1,0,1,0,1,1,1,1,1,1,1,1,1,1,1,1,1,0,1,1,1,1
Basic,BasicControls,OP-Controls-Basic-TransparentWShort-Right-4-NA-355-Transparent.yml,Navigation,1,0,0,0,0,0,,1,,,0,4.0,1,0,0,0,20,0,,,,1,1,0,0,0,1,1,1,1,1,1,1,0,1,1,1,1,1,1,1,1,0,1,1,1,1,1,1,1,1
Basic,BasicControls,OP-Controls-Basic-TransparentWShort-Right-4-NA-5-Transparent.yml,Navigation,1,0,0,0,0,0,,1,,,0,4.0,1,0,0,0,20,0,,,,1,0,0,0,1,1,1,1,1,1,1,1,1,1,1,1,1,1,1,1,1,1,1,1,1,1,1,0,1,1
Basic,BasicControls,OP-Controls-Basic-TransparentWShort-Short-0.5-NA-0-Transparent.yml,Navigation,1,0,0,0,0,0,,0,,,0,0.5,1,0,0,0,20,0,,,,1,0,0,0,1,1,1,1,1,1,0,0,1,1,1,1,1,1,1,1,1,0,1,0,1,1,1,1,1,0
Basic,BasicControls,OP-Controls-Basic-TransparentWShort-Short-0.5-NA-355-Transparent.yml,Navigation,1,0,0,0,0,0,,0,,,0,0.5,1,0,0,0,20,0,,,,1,1,0,0,1,1,1,1,1,1,0,0,1,1,1,1,0,0,1,1,1,1,1,1,1,1,1,0,1,1
Basic,BasicControls,OP-Controls-Basic-TransparentWShort-Short-0.5-NA-5-Transparent.yml,Navigation,1,0,0,0,0,0,,0,,,0,0.5,1,0,0,0,20,0,,,,1,1,0,0,1,1,1,1,1,0,0,1,1,1,1,0,1,1,1,1,1,0,1,0,1,0,1,1,1,1
Basic,BasicControls,OP-Controls-Basic-TransparentWShort-Short-1-NA-0-Transparent.yml,Navigation,1,0,0,0,0,0,,0,,,0,1.0,1,0,0,0,20,0,,,,1,0,0,0,1,1,0,1,1,1,0,1,1,1,1,1,1,1,1,1,1,1,1,0,1,1,1,0,1,0
Basic,BasicControls,OP-Controls-Basic-TransparentWShort-Short-1-NA-355-Transparent.yml,Navigation,1,0,0,0,0,0,,0,,,0,1.0,1,0,0,0,20,0,,,,1,0,0,0,1,0,1,1,1,0,1,1,0,1,1,1,1,1,1,1,1,1,1,1,1,0,1,1,1,1
Basic,BasicControls,OP-Controls-Basic-TransparentWShort-Short-1-NA-5-Transparent.yml,Navigation,1,0,0,0,0,0,,0,,,0,1.0,1,0,0,0,20,0,,,,1,1,0,1,1,1,1,1,1,0,0,0,0,1,1,1,1,1,1,1,1,0,1,0,1,1,1,0,1,0
Basic,BasicControls,OP-Controls-Basic-TransparentWShort-Short-2-NA-0-Transparent.yml,Navigation,1,0,0,0,0,0,,0,,,0,2.0,1,0,0,0,20,0,,,,1,0,0,0,0,0,1,1,1,1,1,0,0,1,1,1,1,1,1,1,1,1,1,1,1,1,1,1,1,1
Basic,BasicControls,OP-Controls-Basic-TransparentWShort-Short-2-NA-355-Transparent.yml,Navigation,1,0,0,0,0,0,,0,,,0,2.0,1,0,0,0,20,0,,,,1,1,0,0,1,1,1,0,1,1,1,1,0,0,1,1,1,1,1,1,1,0,1,1,1,1,1,1,1,0
Basic,BasicControls,OP-Controls-Basic-TransparentWShort-Short-2-NA-5-Transparent.yml,Navigation,1,0,0,0,0,0,,0,,,0,2.0,1,0,0,0,20,0,,,,1,1,0,0,1,0,1,1,1,1,0,0,0,1,1,1,1,1,1,1,1,1,1,0,1,1,1,1,1,1
Basic,BasicControls,OP-Controls-Basic-TransparentWShort-Short-4-NA-0-Transparent.yml,Navigation,1,0,0,0,0,0,,0,,,0,4.0,1,0,0,0,20,0,,,,1,0,0,0,1,1,1,1,1,1,1,0,0,1,1,1,1,1,1,1,1,0,1,1,1,1,1,1,1,1
Basic,BasicControls,OP-Controls-Basic-TransparentWShort-Short-4-NA-355-Transparent.yml,Navigation,1,0,0,0,0,0,,0,,,0,4.0,1,0,0,0,20,0,,,,1,0,1,0,1,1,1,1,1,0,1,1,1,1,1,0,1,1,1,1,1,1,1,1,1,0,1,1,1,1
Basic,BasicControls,OP-Controls-Basic-TransparentWShort-Short-4-NA-5-Transparent.yml,Navigation,1,0,0,0,0,0,,0,,,0,4.0,1,0,0,0,20,0,,,,1,0,1,0,1,1,1,1,1,1,1,0,1,1,1,1,1,0,1,0,1,1,1,0,1,1,1,1,1,1
Basic,BasicControls,OP-Controls-Basic-TurnAround-Green-0.5-NA-175-NA.yml,Navigation,1,0,0,0,0,0,,0,,,0,0.5,0,0,0,0,20,0,,,,1,0,0,0,1,1,1,1,1,0,0,1,1,1,1,0,1,1,1,1,1,1,1,1,1,1,1,1,1,1
Basic,BasicControls,OP-Controls-Basic-TurnAround-Green-0.5-NA-180-NA.yml,Navigation,1,0,0,0,0,0,,0,,,0,0.5,0,0,0,0,20,0,,,,1,0,0,0,1,1,1,1,1,1,0,1,1,1,1,1,1,1,1,0,1,1,1,0,1,1,1,1,1,1
Basic,BasicControls,OP-Controls-Basic-TurnAround-Green-0.5-NA-185-NA.yml,Navigation,1,0,0,0,0,0,,0,,,0,0.5,0,0,0,0,20,0,,,,1,1,0,0,1,1,0,1,1,1,0,1,0,1,1,1,1,1,1,0,1,1,1,0,1,1,1,0,1,0
Basic,BasicControls,OP-Controls-Basic-TurnAround-Green-1-NA-175-NA.yml,Navigation,1,0,0,0,0,0,,0,,,0,1.0,0,0,0,0,20,0,,,,1,1,0,0,0,1,1,1,1,1,0,1,1,1,1,1,1,1,1,1,1,1,1,1,1,1,1,1,1,1
Basic,BasicControls,OP-Controls-Basic-TurnAround-Green-1-NA-180-NA.yml,Navigation,1,0,0,0,0,0,,0,,,0,1.0,0,0,0,0,20,0,,,,1,0,1,0,1,1,1,1,1,0,0,0,1,1,1,1,1,1,1,1,1,0,1,1,1,0,1,1,1,1
Basic,BasicControls,OP-Controls-Basic-TurnAround-Green-1-NA-185-NA.yml,Navigation,1,0,0,0,0,0,,0,,,0,1.0,0,0,0,0,20,0,,,,1,0,0,0,1,1,1,1,1,1,0,1,0,1,1,0,1,1,1,1,1,1,1,1,1,1,1,0,1,1
Basic,BasicControls,OP-Controls-Basic-TurnAround-Green-2-NA-175-NA.yml,Navigation,1,0,0,0,0,0,,0,,,0,2.0,0,0,0,0,20,0,,,,1,1,0,0,0,1,1,1,1,1,1,1,1,1,1,1,1,1,1,1,1,1,1,1,1,1,1,1,1,0
Basic,BasicControls,OP-Controls-Basic-TurnAround-Green-2-NA-180-NA.yml,Navigation,1,0,0,0,0,0,,0,,,0,2.0,0,0,0,0,20,0,,,,1,0,0,0,1,1,1,1,1,1,1,0,1,1,1,1,1,1,1,1,1,1,1,1,1,1,1,1,1,1
Basic,BasicControls,OP-Controls-Basic-TurnAround-Green-2-NA-185-NA.yml,Navigation,1,0,0,0,0,0,,0,,,0,2.0,0,0,0,0,20,0,,,,1,1,0,0,1,1,1,1,1,0,1,1,0,1,1,1,1,1,1,0,1,1,1,0,1,0,1,1,1,1
Basic,BasicControls,OP-Controls-Basic-TurnAround-Green-4-NA-175-NA.yml,Navigation,1,0,0,0,0,0,,0,,,0,4.0,0,0,0,0,20,0,,,,1,1,0,0,1,1,1,1,1,1,0,0,0,1,1,1,1,1,1,1,1,1,1,1,1,1,1,1,1,1
Basic,BasicControls,OP-Controls-Basic-TurnAround-Green-4-NA-180-NA.yml,Navigation,1,0,0,0,0,0,,0,,,0,4.0,0,0,0,0,20,0,,,,1,0,0,0,0,1,1,1,1,1,1,1,1,1,1,1,1,1,1,1,1,1,1,1,1,1,1,1,1,1
Basic,BasicControls,OP-Controls-Basic-TurnAround-Green-4-NA-185-NA.yml,Navigation,1,0,0,0,0,0,,0,,,0,4.0,0,0,0,0,20,0,,,,1,1,0,0,1,1,1,1,1,0,1,1,0,1,1,1,1,1,1,0,1,1,1,0,1,1,1,1,1,1
Basic,BasicControls,OP-Controls-Basic-TurningGreen-Left-0.5-NA-0-NA.yml,Navigation,1,0,0,0,0,0,,-1,,,0,0.5,0,0,0,0,20,0,,,,1,0,0,0,1,1,1,1,1,1,1,0,1,1,1,1,1,1,1,1,1,0,1,0,1,0,1,1,1,1
Basic,BasicControls,OP-Controls-Basic-TurningGreen-Left-0.5-NA-355-NA.yml,Navigation,1,0,0,0,0,0,,-1,,,0,0.5,0,0,0,0,20,0,,,,1,0,0,0,0,1,1,1,1,1,0,0,1,1,1,1,1,1,1,1,1,1,1,1,1,0,1,1,1,1
Basic,BasicControls,OP-Controls-Basic-TurningGreen-Left-0.5-NA-5-NA.yml,Navigation,1,0,0,0,0,0,,-1,,,0,0.5,0,0,0,0,20,0,,,,1,1,0,0,1,1,1,1,1,1,0,1,1,1,1,1,1,1,1,1,1,0,1,1,1,1,1,1,1,1
Basic,BasicControls,OP-Controls-Basic-TurningGreen-Left-1-NA-0-NA.yml,Navigation,1,0,0,0,0,0,,-1,,,0,1.0,0,0,0,0,20,0,,,,1,1,0,0,0,1,1,1,1,1,0,0,1,1,1,0,1,1,1,1,1,0,1,1,1,1,1,1,1,1
Basic,BasicControls,OP-Controls-Basic-TurningGreen-Left-1-NA-355-NA.yml,Navigation,1,0,0,0,0,0,,-1,,,0,1.0,0,0,0,0,20,0,,,,1,0,0,0,1,1,1,1,1,0,0,0,1,1,1,1,1,1,1,1,1,0,1,0,1,1,1,0,1,1
Basic,BasicControls,OP-Controls-Basic-TurningGreen-Left-1-NA-5-NA.yml,Navigation,1,0,0,0,0,0,,-1,,,0,1.0,0,0,0,0,20,0,,,,1,0,0,0,1,1,1,1,1,1,0,1,1,1,1,1,1,0,1,1,1,0,1,1,1,0,1,1,1,0
Basic,BasicControls,OP-Controls-Basic-TurningGreen-Left-2-NA-0-NA.yml,Navigation,1,0,0,0,0,0,,-1,,,0,2.0,0,0,0,0,20,0,,,,1,1,0,0,1,1,1,1,1,1,1,0,0,1,1,1,1,1,1,1,1,0,1,1,1,0,1,0,1,0
Basic,BasicControls,OP-Controls-Basic-TurningGreen-Left-2-NA-355-NA.yml,Navigation,1,0,0,0,0,0,,-1,,,0,2.0,0,0,0,0,20,0,,,,1,1,0,0,1,1,1,1,1,1,1,0,1,1,1,1,1,0,1,1,1,0,1,0,1,0,1,1,1,1
Basic,BasicControls,OP-Controls-Basic-TurningGreen-Left-2-NA-5-NA.yml,Navigation,1,0,0,0,0,0,,-1,,,0,2.0,0,0,0,0,20,0,,,,1,1,0,0,1,1,1,1,1,1,1,0,1,1,1,1,1,1,1,0,1,1,1,1,1,0,1,1,1,1
Basic,BasicControls,OP-Controls-Basic-TurningGreen-Left-4-NA-0-NA.yml,Navigation,1,0,0,0,0,0,,-1,,,0,4.0,0,0,0,0,20,0,,,,1,0,0,0,1,1,1,1,1,1,1,0,1,1,1,1,1,1,1,1,1,1,1,1,1,1,1,1,1,1
Basic,BasicControls,OP-Controls-Basic-TurningGreen-Left-4-NA-355-NA.yml,Navigation,1,0,0,0,0,0,,-1,,,0,4.0,0,0,0,0,20,0,,,,1,1,0,1,1,0,1,0,1,1,1,0,1,1,1,1,1,1,1,0,1,1,1,1,1,1,1,1,1,1
Basic,BasicControls,OP-Controls-Basic-TurningGreen-Left-4-NA-5-NA.yml,Navigation,1,0,0,0,0,0,,-1,,,0,4.0,0,0,0,0,20,0,,,,1,1,0,0,1,1,1,1,1,1,1,1,0,1,1,1,1,1,1,0,1,1,1,1,1,1,1,0,1,1
Basic,BasicControls,OP-Controls-Basic-TurningGreen-Right-0.5-NA-0-NA.yml,Navigation,1,0,0,0,0,0,,1,,,0,0.5,0,0,0,0,20,0,,,,1,0,0,0,1,1,1,1,1,1,0,1,1,1,1,1,1,1,1,1,1,1,1,1,1,1,1,1,1,1
Basic,BasicControls,OP-Controls-Basic-TurningGreen-Right-0.5-NA-355-NA.yml,Navigation,1,0,0,0,0,0,,1,,,0,0.5,0,0,0,0,20,0,,,,1,1,0,0,1,0,1,1,1,1,0,1,1,1,1,1,1,1,1,1,1,0,1,1,1,1,1,0,1,1
Basic,BasicControls,OP-Controls-Basic-TurningGreen-Right-0.5-NA-5-NA.yml,Navigation,1,0,0,0,0,0,,1,,,0,0.5,0,0,0,0,20,0,,,,1,1,0,0,1,1,1,1,1,1,0,1,0,1,1,1,1,1,1,1,1,1,1,1,1,0,1,1,1,1
Basic,BasicControls,OP-Controls-Basic-TurningGreen-Right-1-NA-0-NA.yml,Navigation,1,0,0,0,0,0,,1,,,0,1.0,0,0,0,0,20,0,,,,1,0,0,0,1,1,1,1,1,0,0,1,0,1,1,1,1,1,1,0,1,0,1,1,1,0,1,0,1,0
Basic,BasicControls,OP-Controls-Basic-TurningGreen-Right-1-NA-355-NA.yml,Navigation,1,0,0,0,0,0,,1,,,0,1.0,0,0,0,0,20,0,,,,1,0,0,0,1,1,1,1,1,0,1,1,1,1,1,1,1,0,1,1,1,1,1,1,1,1,1,1,1,1
Basic,BasicControls,OP-Controls-Basic-TurningGreen-Right-1-NA-5-NA.yml,Navigation,1,0,0,0,0,0,,1,,,0,1.0,0,0,0,0,20,0,,,,1,1,0,0,1,1,1,1,0,1,0,1,0,1,1,1,1,1,1,1,1,0,1,0,1,1,1,1,1,0
Basic,BasicControls,OP-Controls-Basic-TurningGreen-Right-2-NA-0-NA.yml,Navigation,1,0,0,0,0,0,,1,,,0,2.0,0,0,0,0,20,0,,,,1,1,0,0,1,1,1,1,1,1,1,1,1,1,1,1,1,0,1,0,1,1,1,1,1,1,1,1,1,1
Basic,BasicControls,OP-Controls-Basic-TurningGreen-Right-2-NA-355-NA.yml,Navigation,1,0,0,0,0,0,,1,,,0,2.0,0,0,0,0,20,0,,,,1,0,0,0,1,1,1,1,1,1,1,1,0,1,1,1,1,1,1,1,1,1,1,1,1,1,1,1,1,0
Basic,BasicControls,OP-Controls-Basic-TurningGreen-Right-2-NA-5-NA.yml,Navigation,1,0,0,0,0,0,,1,,,0,2.0,0,0,0,0,20,0,,,,1,1,0,0,1,1,1,1,1,1,0,0,0,1,1,1,1,1,1,1,1,1,1,0,1,1,1,1,1,0
Basic,BasicControls,OP-Controls-Basic-TurningGreen-Right-4-NA-0-NA.yml,Navigation,1,0,0,0,0,0,,1,,,0,4.0,0,0,0,0,20,0,,,,1,0,1,1,1,1,1,1,1,1,1,1,0,1,1,1,1,1,1,1,1,1,1,1,1,1,1,1,1,0
Basic,BasicControls,OP-Controls-Basic-TurningGreen-Right-4-NA-355-NA.yml,Navigation,1,0,0,0,0,0,,1,,,0,4.0,0,0,0,0,20,0,,,,1,1,0,0,1,1,1,1,1,1,1,1,0,1,1,1,1,0,1,1,1,1,1,1,1,0,1,0,1,1
Basic,BasicControls,OP-Controls-Basic-TurningGreen-Right-4-NA-5-NA.yml,Navigation,1,0,0,0,0,0,,1,,,0,4.0,0,0,0,0,20,0,,,,1,1,0,0,1,1,1,1,1,1,1,1,1,1,1,1,1,1,1,1,1,1,1,0,1,1,1,1,1,1
RoomPractice,4Cup,OP-RP-Allo-PCTB-4CupGridClose-G2.5CloseLeft-NA-0-NA.yml,GridLikeTasks,1,0,0,1,1,0,Blue,-1,Close,Inner,0,2.5,0,0,0,1,16,0,0.0,0.0,255.0,1,1,0,0,1,1,1,1,0,0,1,1,1,1,1,1,1,1,0,0,1,1,0,1,1,1,1,0,0,1
RoomPractice,4Cup,OP-RP-Allo-PCTB-4CupGridClose-G2.5CloseRight-NA-0-NA.yml,GridLikeTasks,1,0,0,1,1,0,Blue,1,Close,Inner,0,2.5,0,0,0,1,16,0,0.0,0.0,255.0,1,0,0,0,1,1,1,0,0,0,1,1,0,1,1,1,1,0,0,0,1,1,0,0,1,1,1,1,0,0
RoomPractice,4Cup,OP-RP-Allo-PCTB-4CupGridClose-G2.5FarLeft-NA-0-NA.yml,GridLikeTasks,1,0,0,1,1,0,Blue,-1,Close,Outer,0,2.5,0,0,0,1,24,0,0.0,0.0,255.0,1,0,0,0,1,1,1,1,0,1,1,0,1,0,1,1,1,1,0,0,1,0,0,0,1,1,1,0,0,0
RoomPractice,4Cup,OP-RP-Allo-PCTB-4CupGridClose-G2.5FarRight-NA-0-NA.yml,GridLikeTasks,1,0,0,1,1,0,Blue,1,Close,Outer,0,2.5,0,0,0,1,24,0,0.0,0.0,255.0,1,0,0,0,1,1,1,1,0,1,0,1,0,1,1,1,1,1,0,0,1,1,0,0,1,1,1,1,0,0
RoomPractice,4Cup,OP-RP-Allo-PCTB-4CupGridClose-G2CloseLeft-NA-0-NA.yml,GridLikeTasks,1,0,0,1,1,0,Blue,-1,Close,Inner,0,2.0,0,0,0,1,16,0,0.0,0.0,255.0,1,1,0,0,1,1,1,1,0,1,1,0,1,1,1,1,1,1,0,0,1,0,0,0,1,1,1,1,0,0
RoomPractice,4Cup,OP-RP-Allo-PCTB-4CupGridClose-G2CloseRight-NA-0-NA.yml,GridLikeTasks,1,0,0,1,1,0,Blue,1,Close,Inner,0,2.0,0,0,0,1,16,0,0.0,0.0,255.0,1,0,0,0,1,1,1,1,0,1,1,1,1,0,1,1,1,1,0,0,1,1,0,0,1,1,1,1,0,0
RoomPractice,4Cup,OP-RP-Allo-PCTB-4CupGridClose-G2FarLeft-NA-0-NA.yml,GridLikeTasks,1,0,0,1,1,0,Blue,-1,Close,Outer,0,2.0,0,0,0,1,24,0,0.0,0.0,255.0,1,0,0,0,1,0,1,1,1,0,1,0,1,0,1,1,1,1,0,0,1,1,0,0,1,0,1,1,0,0
RoomPractice,4Cup,OP-RP-Allo-PCTB-4CupGridClose-G2FarRight-NA-0-NA.yml,GridLikeTasks,1,0,0,1,1,0,Blue,1,Close,Outer,0,2.0,0,0,0,1,24,0,0.0,0.0,255.0,1,1,0,0,1,1,1,1,0,1,1,1,0,0,1,1,1,1,0,0,1,1,0,0,1,0,1,0,0,0
RoomPractice,4Cup,OP-RP-Allo-PCTB-4CupGridClose-G3.5CloseLeft-NA-0-NA.yml,GridLikeTasks,1,0,0,1,1,0,Blue,-1,Close,Inner,0,2.0,0,0,0,1,16,0,0.0,0.0,255.0,1,0,0,0,0,1,1,1,0,1,0,0,1,1,1,1,1,1,0,0,1,0,0,0,1,1,1,1,0,0
RoomPractice,4Cup,OP-RP-Allo-PCTB-4CupGridClose-G3.5CloseRight-NA-0-NA.yml,GridLikeTasks,1,0,0,1,1,0,Blue,1,Close,Inner,0,3.5,0,0,0,1,16,0,0.0,0.0,255.0,1,1,0,0,1,1,1,1,0,1,1,1,0,1,1,1,1,1,0,0,1,1,0,0,1,1,1,0,0,0
RoomPractice,4Cup,OP-RP-Allo-PCTB-4CupGridClose-G3.5FarLeft-NA-0-NA.yml,GridLikeTasks,1,0,0,1,1,0,Blue,-1,Close,Outer,0,3.5,0,0,0,1,24,0,0.0,0.0,255.0,1,0,0,0,1,1,1,1,0,0,1,0,1,0,1,1,1,1,0,0,1,1,0,0,1,1,1,1,0,0
RoomPractice,4Cup,OP-RP-Allo-PCTB-4CupGridClose-G3.5FarRight-NA-0-NA.yml,GridLikeTasks,1,0,0,1,1,0,Blue,1,Close,Outer,0,3.5,0,0,0,1,24,0,0.0,0.0,255.0,1,1,0,0,1,1,1,1,0,1,1,1,1,1,1,1,1,1,0,1,1,1,0,1,1,0,1,1,0,0
RoomPractice,4Cup,OP-RP-Allo-PCTB-4CupGridClose-G3CloseLeft-NA-0-NA.yml,GridLikeTasks,1,0,0,1,1,0,Blue,-1,Close,Inner,0,3.0,0,0,0,1,16,0,0.0,0.0,255.0,1,0,0,0,1,1,1,1,0,0,1,1,1,1,1,1,1,1,0,0,1,1,0,0,1,0,1,1,0,0
RoomPractice,4Cup,OP-RP-Allo-PCTB-4CupGridClose-G3CloseRight-NA-0-NA.yml,GridLikeTasks,1,0,0,1,1,0,Blue,1,Close,Inner,0,3.0,0,0,0,1,16,0,0.0,0.0,255.0,1,0,0,0,1,1,1,1,0,1,1,1,1,1,1,0,1,1,0,0,1,1,0,0,1,0,1,0,0,0
RoomPractice,4Cup,OP-RP-Allo-PCTB-4CupGridClose-G3FarLeft-NA-0-NA.yml,GridLikeTasks,1,0,0,1,1,0,Blue,-1,Close,Outer,0,3.0,0,0,0,1,24,0,0.0,0.0,255.0,1,0,0,0,1,1,1,1,0,1,1,1,1,1,1,1,1,1,0,0,1,1,0,0,1,0,1,1,0,0
RoomPractice,4Cup,OP-RP-Allo-PCTB-4CupGridClose-G3FarRight-NA-0-NA.yml,GridLikeTasks,1,0,0,1,1,0,Blue,1,Close,Outer,0,3.0,0,0,0,1,24,0,0.0,0.0,255.0,1,1,0,0,1,1,1,1,0,1,1,1,1,0,1,1,1,1,0,0,1,1,0,1,1,1,1,1,0,0
RoomPractice,4Cup,OP-RP-Allo-PCTB-4CupGridClose-G4CloseLeft-NA-0-NA.yml,GridLikeTasks,1,0,0,1,1,0,Blue,-1,Close,Inner,0,4.0,0,0,0,1,16,0,0.0,0.0,255.0,1,0,0,0,1,1,1,1,0,1,1,1,1,0,1,1,1,1,0,0,1,1,0,0,1,1,1,1,0,0
RoomPractice,4Cup,OP-RP-Allo-PCTB-4CupGridClose-G4CloseRight-NA-0-NA.yml,GridLikeTasks,1,0,0,1,1,0,Blue,1,Close,Inner,0,4.0,0,0,0,1,16,0,0.0,0.0,255.0,1,0,0,0,1,1,1,1,0,1,1,1,1,1,1,1,1,1,0,0,1,1,0,0,1,1,1,1,0,0
RoomPractice,4Cup,OP-RP-Allo-PCTB-4CupGridClose-G4FarLeft-NA-0-NA.yml,GridLikeTasks,1,0,0,1,1,0,Blue,-1,Close,Outer,0,4.0,0,0,0,1,24,0,0.0,0.0,255.0,1,0,0,0,1,1,1,1,0,1,1,0,1,1,1,1,1,1,0,0,1,1,0,0,1,1,1,1,0,0
RoomPractice,4Cup,OP-RP-Allo-PCTB-4CupGridClose-G4FarRight-NA-0-NA.yml,GridLikeTasks,1,0,0,1,1,0,Blue,1,Close,Outer,0,4.0,0,0,0,1,24,0,0.0,0.0,255.0,1,1,0,0,1,1,1,1,0,0,1,1,1,1,1,1,1,1,0,0,1,1,0,0,1,1,1,1,0,0
RoomPractice,4Cup,OP-RP-Allo-PCTB-4CupGridFar-G2.5CloseLeft-NA-0-NA.yml,GridLikeTasks,1,0,0,1,1,0,Blue,-1,Far,Inner,0,2.5,0,0,0,1,48,0,0.0,0.0,255.0,1,1,0,0,1,1,1,1,0,1,1,0,1,1,1,1,1,1,0,0,1,0,0,0,1,1,1,1,0,0
RoomPractice,4Cup,OP-RP-Allo-PCTB-4CupGridFar-G2.5CloseRight-NA-0-NA.yml,GridLikeTasks,1,0,0,1,1,0,Blue,1,Far,Inner,0,2.5,0,0,0,1,48,0,0.0,0.0,255.0,1,0,0,0,1,1,1,1,0,0,0,1,1,1,1,1,1,1,0,0,1,1,0,0,1,0,1,1,0,1
RoomPractice,4Cup,OP-RP-Allo-PCTB-4CupGridFar-G2.5FarLeft-NA-0-NA.yml,GridLikeTasks,1,0,0,1,1,0,Blue,-1,Far,Outer,0,2.5,0,0,0,1,56,0,0.0,0.0,255.0,1,1,1,0,1,1,1,1,0,1,1,0,1,0,1,1,1,1,0,0,1,1,0,0,1,1,1,0,0,0
RoomPractice,4Cup,OP-RP-Allo-PCTB-4CupGridFar-G2.5FarRight-NA-0-NA.yml,GridLikeTasks,1,0,0,1,1,0,Blue,1,Far,Outer,0,2.5,0,0,0,1,56,0,0.0,0.0,255.0,1,0,0,0,1,1,1,1,0,1,1,1,0,0,1,1,1,1,0,0,1,1,0,1,1,1,1,0,0,0
RoomPractice,4Cup,OP-RP-Allo-PCTB-4CupGridFar-G2CloseLeft-NA-0-NA.yml,GridLikeTasks,1,0,0,1,1,0,Blue,-1,Far,Inner,0,2.0,0,0,0,1,48,0,0.0,0.0,255.0,1,0,0,0,1,1,1,1,0,1,1,0,1,1,1,1,1,1,0,0,1,0,0,0,1,1,1,0,0,0
RoomPractice,4Cup,OP-RP-Allo-PCTB-4CupGridFar-G2CloseRight-NA-0-NA.yml,GridLikeTasks,1,0,0,1,1,0,Blue,1,Far,Inner,0,2.0,0,0,0,1,48,0,0.0,0.0,255.0,1,0,0,0,1,1,1,0,0,1,1,0,0,1,1,1,1,1,0,0,1,1,0,0,1,1,1,1,0,0
RoomPractice,4Cup,OP-RP-Allo-PCTB-4CupGridFar-G2FarLeft-NA-0-NA.yml,GridLikeTasks,1,0,0,1,1,0,Blue,-1,Far,Outer,0,2.0,0,0,0,1,56,0,0.0,0.0,255.0,1,0,0,0,1,1,1,1,0,0,1,1,1,0,1,1,1,1,0,0,1,0,0,0,1,0,1,1,0,0
RoomPractice,4Cup,OP-RP-Allo-PCTB-4CupGridFar-G2FarRight-NA-0-NA.yml,GridLikeTasks,1,0,0,1,1,0,Blue,1,Far,Outer,0,2.0,0,0,0,1,56,0,0.0,0.0,255.0,1,0,1,0,1,1,1,1,0,1,1,1,0,1,1,1,1,1,0,0,1,1,0,0,1,1,1,0,0,0
RoomPractice,4Cup,OP-RP-Allo-PCTB-4CupGridFar-G3.5CloseLeft-NA-0-NA.yml,GridLikeTasks,1,0,0,1,1,0,Blue,-1,Far,Inner,0,2.0,0,0,0,1,48,0,0.0,0.0,255.0,1,0,0,0,1,1,1,1,0,1,0,0,1,1,1,1,1,1,0,0,1,1,0,1,1,1,1,1,0,0
RoomPractice,4Cup,OP-RP-Allo-PCTB-4CupGridFar-G3.5CloseRight-NA-0-NA.yml,GridLikeTasks,1,0,0,1,1,0,Blue,1,Far,Inner,0,3.5,0,0,0,1,48,0,0.0,0.0,255.0,1,0,0,0,1,0,1,1,0,1,1,1,0,1,1,1,1,1,0,0,1,1,0,1,1,0,1,0,0,0
RoomPractice,4Cup,OP-RP-Allo-PCTB-4CupGridFar-G3.5FarLeft-NA-0-NA.yml,GridLikeTasks,1,0,0,1,1,0,Blue,-1,Far,Outer,0,3.5,0,0,0,1,56,0,0.0,0.0,255.0,1,1,0,0,1,1,1,1,0,1,1,0,1,1,1,1,1,1,0,0,1,1,0,0,1,1,1,1,0,0
RoomPractice,4Cup,OP-RP-Allo-PCTB-4CupGridFar-G3.5FarRight-NA-0-NA.yml,GridLikeTasks,1,0,0,1,1,0,Blue,1,Far,Outer,0,3.5,0,0,0,1,56,0,0.0,0.0,255.0,1,1,0,0,1,1,1,1,0,1,1,1,1,1,1,1,1,1,0,0,1,1,0,0,1,1,1,1,0,0
RoomPractice,4Cup,OP-RP-Allo-PCTB-4CupGridFar-G3CloseLeft-NA-0-NA.yml,GridLikeTasks,1,0,0,1,1,0,Blue,-1,Far,Inner,0,3.0,0,0,0,1,48,0,0.0,0.0,255.0,1,0,1,0,1,1,1,1,0,0,1,1,1,0,1,1,1,1,0,0,1,1,0,0,1,1,1,1,0,0
RoomPractice,4Cup,OP-RP-Allo-PCTB-4CupGridFar-G3CloseRight-NA-0-NA.yml,GridLikeTasks,1,0,0,1,1,0,Blue,1,Far,Inner,0,3.0,0,0,0,1,48,0,0.0,0.0,255.0,1,0,1,0,0,1,1,1,0,1,1,1,0,1,1,1,1,1,0,0,1,0,0,0,1,1,1,1,0,0
RoomPractice,4Cup,OP-RP-Allo-PCTB-4CupGridFar-G3FarLeft-NA-0-NA.yml,GridLikeTasks,1,0,0,1,1,0,Blue,-1,Far,Outer,0,3.0,0,0,0,1,56,0,0.0,0.0,255.0,1,0,1,0,1,1,1,1,1,0,1,0,1,1,1,1,1,1,0,0,1,1,0,0,1,1,1,0,0,0
RoomPractice,4Cup,OP-RP-Allo-PCTB-4CupGridFar-G3FarRight-NA-0-NA.yml,GridLikeTasks,1,0,0,1,1,0,Blue,1,Far,Outer,0,3.0,0,0,0,1,56,0,0.0,0.0,255.0,1,0,0,0,0,1,1,1,0,1,1,1,1,1,1,1,1,1,0,0,1,1,0,0,1,1,1,1,0,0
RoomPractice,4Cup,OP-RP-Allo-PCTB-4CupGridFar-G4CloseLeft-NA-0-NA.yml,GridLikeTasks,1,0,0,1,1,0,Blue,-1,Far,Inner,0,4.0,0,0,0,1,48,0,0.0,0.0,255.0,1,1,0,0,1,1,1,1,0,1,1,0,1,1,1,1,1,1,0,0,1,1,0,0,1,1,1,1,0,0
RoomPractice,4Cup,OP-RP-Allo-PCTB-4CupGridFar-G4CloseRight-NA-0-NA.yml,GridLikeTasks,1,0,0,1,1,0,Blue,1,Far,Inner,0,4.0,0,0,0,1,48,0,0.0,0.0,255.0,1,1,0,0,1,1,1,1,0,1,1,1,0,1,1,1,1,1,0,1,1,0,0,0,1,1,1,1,0,1
RoomPractice,4Cup,OP-RP-Allo-PCTB-4CupGridFar-G4FarLeft-NA-0-NA.yml,GridLikeTasks,1,0,0,1,1,0,Blue,-1,Far,Outer,0,4.0,0,0,0,1,56,0,0.0,0.0,255.0,1,1,0,0,1,1,1,1,0,1,1,1,1,1,1,1,1,1,0,0,1,0,0,0,1,1,1,1,0,0
RoomPractice,4Cup,OP-RP-Allo-PCTB-4CupGridFar-G4FarRight-NA-0-NA.yml,GridLikeTasks,1,0,0,1,1,0,Blue,1,Far,Outer,0,4.0,0,0,0,1,56,0,0.0,0.0,255.0,1,1,0,0,0,1,1,1,0,1,1,1,0,1,1,1,1,1,0,0,1,1,0,0,1,0,1,1,0,1
RoomPractice,4Cup,OP-RP-Allo-PCTB-4CupGridMid-G2.5CloseLeft-NA-0-NA.yml,GridLikeTasks,1,0,0,1,1,0,Blue,-1,Mid,Inner,0,2.5,0,0,0,1,32,0,0.0,0.0,255.0,1,0,0,0,1,1,1,1,0,0,1,0,1,1,1,1,1,1,0,0,1,0,0,0,1,0,1,1,0,0
RoomPractice,4Cup,OP-RP-Allo-PCTB-4CupGridMid-G2.5CloseRight-NA-0-NA.yml,GridLikeTasks,1,0,0,1,1,0,Blue,1,Mid,Inner,0,2.5,0,0,0,1,32,0,0.0,0.0,255.0,1,0,0,0,1,1,1,1,0,1,1,1,0,1,1,0,1,1,0,0,1,1,0,0,1,1,1,1,0,0
RoomPractice,4Cup,OP-RP-Allo-PCTB-4CupGridMid-G2.5FarLeft-NA-0-NA.yml,GridLikeTasks,1,0,0,1,1,0,Blue,-1,Mid,Outer,0,2.5,0,0,0,1,40,0,0.0,0.0,255.0,1,1,0,0,1,1,1,1,0,0,1,0,1,1,1,1,1,1,0,0,1,1,0,0,1,1,1,1,0,0
RoomPractice,4Cup,OP-RP-Allo-PCTB-4CupGridMid-G2.5FarRight-NA-0-NA.yml,GridLikeTasks,1,0,0,1,1,0,Blue,1,Mid,Outer,0,2.5,0,0,0,1,40,0,0.0,0.0,255.0,1,0,0,0,1,1,1,1,1,1,1,1,0,0,1,1,1,1,0,0,1,1,0,0,1,1,1,1,0,0
RoomPractice,4Cup,OP-RP-Allo-PCTB-4CupGridMid-G2CloseLeft-NA-0-NA.yml,GridLikeTasks,1,0,0,1,1,0,Blue,-1,Mid,Inner,0,2.0,0,0,0,1,32,0,0.0,0.0,255.0,1,0,0,1,1,1,1,1,0,1,0,0,1,1,1,1,1,1,0,1,1,1,0,0,1,0,1,1,0,0
RoomPractice,4Cup,OP-RP-Allo-PCTB-4CupGridMid-G2CloseRight-NA-0-NA.yml,GridLikeTasks,1,0,0,1,1,0,Blue,1,Mid,Inner,0,2.0,0,0,0,1,32,0,0.0,0.0,255.0,1,0,0,0,1,1,1,1,0,1,1,1,0,1,1,1,1,1,0,0,1,0,0,0,1,1,1,1,0,0
RoomPractice,4Cup,OP-RP-Allo-PCTB-4CupGridMid-G2FarLeft-NA-0-NA.yml,GridLikeTasks,1,0,0,1,1,0,Blue,-1,Mid,Outer,0,2.0,0,0,0,1,40,0,0.0,0.0,255.0,1,0,0,0,1,1,1,1,0,1,1,1,1,1,1,1,1,1,0,0,1,0,0,0,1,0,1,1,0,0
RoomPractice,4Cup,OP-RP-Allo-PCTB-4CupGridMid-G2FarRight-NA-0-NA.yml,GridLikeTasks,1,0,0,1,1,0,Blue,1,Mid,Outer,0,2.0,0,0,0,1,40,0,0.0,0.0,255.0,1,1,0,0,1,1,1,1,0,1,1,1,0,1,1,1,1,1,0,1,1,1,0,0,1,1,1,1,0,0
RoomPractice,4Cup,OP-RP-Allo-PCTB-4CupGridMid-G3.5CloseLeft-NA-0-NA.yml,GridLikeTasks,1,0,0,1,1,0,Blue,-1,Mid,Inner,0,2.0,0,0,0,1,32,0,0.0,0.0,255.0,1,1,0,0,0,1,1,1,0,1,1,1,1,0,1,1,1,1,0,0,1,1,0,0,1,1,1,1,0,0
RoomPractice,4Cup,OP-RP-Allo-PCTB-4CupGridMid-G3.5CloseRight-NA-0-NA.yml,GridLikeTasks,1,0,0,1,1,0,Blue,1,Mid,Inner,0,3.5,0,0,0,1,32,0,0.0,0.0,255.0,1,1,0,0,1,1,1,0,0,0,1,1,0,0,1,1,1,1,0,0,1,1,0,0,1,1,1,0,0,0
RoomPractice,4Cup,OP-RP-Allo-PCTB-4CupGridMid-G3.5FarLeft-NA-0-NA.yml,GridLikeTasks,1,0,0,1,1,0,Blue,-1,Mid,Outer,0,3.5,0,0,0,1,40,0,0.0,0.0,255.0,1,0,0,0,1,1,1,1,0,1,1,0,1,1,1,0,0,1,0,0,1,1,0,0,1,1,1,1,0,0
RoomPractice,4Cup,OP-RP-Allo-PCTB-4CupGridMid-G3.5FarRight-NA-0-NA.yml,GridLikeTasks,1,0,0,1,1,0,Blue,1,Mid,Outer,0,3.5,0,0,0,1,40,0,0.0,0.0,255.0,1,0,0,0,1,1,1,1,0,1,1,1,1,1,1,1,1,1,0,0,1,0,0,0,1,1,1,1,0,0
RoomPractice,4Cup,OP-RP-Allo-PCTB-4CupGridMid-G3CloseLeft-NA-0-NA.yml,GridLikeTasks,1,0,0,1,1,0,Blue,-1,Mid,Inner,0,3.0,0,0,0,1,32,0,0.0,0.0,255.0,1,1,0,0,1,1,1,1,0,1,1,0,1,0,1,1,1,1,0,0,1,1,0,0,1,0,1,1,0,0
RoomPractice,4Cup,OP-RP-Allo-PCTB-4CupGridMid-G3CloseRight-NA-0-NA.yml,GridLikeTasks,1,0,0,1,1,0,Blue,1,Mid,Inner,0,3.0,0,0,0,1,32,0,0.0,0.0,255.0,1,1,0,0,1,1,1,1,0,1,1,1,0,0,1,1,1,1,0,0,1,1,0,0,1,0,1,1,0,0
RoomPractice,4Cup,OP-RP-Allo-PCTB-4CupGridMid-G3FarLeft-NA-0-NA.yml,GridLikeTasks,1,0,0,1,1,0,Blue,-1,Mid,Outer,0,3.0,0,0,0,1,40,0,0.0,0.0,255.0,1,0,0,0,1,1,1,1,0,1,1,0,1,1,1,1,1,1,0,0,1,1,0,0,1,1,1,0,0,0
RoomPractice,4Cup,OP-RP-Allo-PCTB-4CupGridMid-G3FarRight-NA-0-NA.yml,GridLikeTasks,1,0,0,1,1,0,Blue,1,Mid,Outer,0,3.0,0,0,0,1,40,0,0.0,0.0,255.0,1,0,0,0,1,1,1,1,1,0,1,1,0,1,1,1,1,1,0,0,1,1,0,1,1,1,1,1,0,0
RoomPractice,4Cup,OP-RP-Allo-PCTB-4CupGridMid-G4CloseLeft-NA-0-NA.yml,GridLikeTasks,1,0,0,1,1,0,Blue,-1,Mid,Inner,0,4.0,0,0,0,1,32,0,0.0,0.0,255.0,1,0,0,0,1,1,0,1,0,1,1,0,1,1,1,1,1,1,0,0,1,0,0,1,1,1,1,1,0,0
RoomPractice,4Cup,OP-RP-Allo-PCTB-4CupGridMid-G4CloseRight-NA-0-NA.yml,GridLikeTasks,1,0,0,1,1,0,Blue,1,Mid,Inner,0,4.0,0,0,0,1,32,0,0.0,0.0,255.0,1,0,0,0,1,1,1,1,1,1,1,1,0,0,1,1,1,1,0,0,1,1,0,0,1,1,1,0,0,0
RoomPractice,4Cup,OP-RP-Allo-PCTB-4CupGridMid-G4FarLeft-NA-0-NA.yml,GridLikeTasks,1,0,0,1,1,0,Blue,-1,Mid,Outer,0,4.0,0,0,0,1,40,0,0.0,0.0,255.0,1,0,0,0,1,1,1,1,0,1,1,0,1,1,1,1,1,1,0,0,1,1,0,0,1,1,1,1,0,0
RoomPractice,4Cup,OP-RP-Allo-PCTB-4CupGridMid-G4FarRight-NA-0-NA.yml,GridLikeTasks,1,0,0,1,1,0,Blue,1,Mid,Outer,0,4.0,0,0,0,1,40,0,0.0,0.0,255.0,1,1,0,0,1,1,1,1,0,0,1,1,1,1,1,1,1,1,0,0,1,1,0,0,1,1,1,0,0,0
RoomPractice,8Cup,OP-RP-Allo-PCTB-8CupGridCloseFar-G2.5CloseLeftClose-NA-0-NA.yml,GridLikeTasks,1,0,0,1,1,0,Blue,-1,Close,Inner,0,2.5,0,0,0,1,16,0,0.0,0.0,255.0,1,1,0,0,1,1,0,1,0,1,0,0,1,1,1,1,1,1,0,0,1,1,0,0,1,0,1,1,0,0
RoomPractice,8Cup,OP-RP-Allo-PCTB-8CupGridCloseFar-G2.5CloseLeftFar-NA-0-NA.yml,GridLikeTasks,1,0,0,1,1,0,Blue,-1,Far,Inner,0,2.5,0,0,0,1,48,0,0.0,0.0,255.0,1,1,1,0,1,1,1,1,0,1,1,1,1,1,1,1,1,1,0,1,1,1,0,0,1,1,1,1,0,0
RoomPractice,8Cup,OP-RP-Allo-PCTB-8CupGridCloseFar-G2.5CloseRightClose-NA-0-NA.yml,GridLikeTasks,1,0,0,1,1,0,Blue,1,Close,Inner,0,2.5,0,0,0,1,16,0,0.0,0.0,255.0,1,1,0,0,1,1,1,1,0,1,1,1,1,1,1,1,1,1,0,0,1,0,0,0,1,0,1,1,0,0
RoomPractice,8Cup,OP-RP-Allo-PCTB-8CupGridCloseFar-G2.5CloseRightFar-NA-0-NA.yml,GridLikeTasks,1,0,0,1,1,0,Blue,1,Far,Inner,0,2.5,0,0,0,1,48,0,0.0,0.0,255.0,1,1,0,0,1,1,1,1,0,0,1,1,1,1,1,1,1,1,0,0,1,1,0,0,1,1,1,1,0,0
RoomPractice,8Cup,OP-RP-Allo-PCTB-8CupGridCloseFar-G2.5FarLeftClose-NA-0-NA.yml,GridLikeTasks,1,0,0,1,1,0,Blue,-1,Close,Outer,0,2.5,0,0,0,1,24,0,0.0,0.0,255.0,1,0,0,0,1,1,1,1,0,1,1,1,1,0,1,1,1,1,0,0,1,0,0,0,1,1,1,1,0,0
RoomPractice,8Cup,OP-RP-Allo-PCTB-8CupGridCloseFar-G2.5FarLeftFar-NA-0-NA.yml,GridLikeTasks,1,0,0,1,1,0,Blue,-1,Far,Outer,0,2.5,0,0,0,1,56,0,0.0,0.0,255.0,1,0,1,0,1,1,1,1,0,1,0,1,1,0,1,1,1,1,0,0,1,1,0,0,1,1,1,1,0,0
RoomPractice,8Cup,OP-RP-Allo-PCTB-8CupGridCloseFar-G2.5FarRightClose-NA-0-NA.yml,GridLikeTasks,1,0,0,1,1,0,Blue,1,Close,Outer,0,2.5,0,0,0,1,24,0,0.0,0.0,255.0,1,1,0,0,1,1,1,1,0,1,1,1,1,0,1,1,1,1,0,0,1,1,0,0,1,1,1,1,0,0
RoomPractice,8Cup,OP-RP-Allo-PCTB-8CupGridCloseFar-G2.5FarRightFar-NA-0-NA.yml,GridLikeTasks,1,0,0,1,1,0,Blue,1,Far,Outer,0,2.5,0,0,0,1,56,0,0.0,0.0,255.0,1,0,0,0,0,1,1,1,0,1,1,1,0,1,1,1,1,1,0,1,1,1,0,0,1,1,1,0,0,1
RoomPractice,8Cup,OP-RP-Allo-PCTB-8CupGridCloseFar-G2CloseLeftClose-NA-0-NA.yml,GridLikeTasks,1,0,0,1,1,0,Blue,-1,Close,Inner,0,2.0,0,0,0,1,16,0,0.0,0.0,255.0,1,1,0,0,0,1,1,0,0,1,1,0,1,1,1,1,1,1,0,0,1,1,0,0,1,1,1,1,0,0
RoomPractice,8Cup,OP-RP-Allo-PCTB-8CupGridCloseFar-G2CloseLeftFar-NA-0-NA.yml,GridLikeTasks,1,0,0,1,1,0,Blue,-1,Far,Inner,0,2.0,0,0,0,1,48,0,0.0,0.0,255.0,1,1,0,0,0,1,1,1,1,1,0,0,1,1,1,1,1,1,0,0,1,1,0,0,1,1,1,0,0,0
RoomPractice,8Cup,OP-RP-Allo-PCTB-8CupGridCloseFar-G2CloseRightClose-NA-0-NA.yml,GridLikeTasks,1,0,0,1,1,0,Blue,1,Close,Inner,0,2.0,0,0,0,1,16,0,0.0,0.0,255.0,1,1,0,0,0,1,1,1,0,0,1,1,0,1,1,1,1,1,0,0,1,0,0,0,1,0,1,1,0,0
RoomPractice,8Cup,OP-RP-Allo-PCTB-8CupGridCloseFar-G2CloseRightFar-NA-0-NA.yml,GridLikeTasks,1,0,0,1,1,0,Blue,1,Far,Inner,0,2.0,0,0,0,1,48,0,0.0,0.0,255.0,1,0,0,0,1,1,1,1,0,1,1,1,1,1,1,1,1,1,0,1,1,1,0,0,1,1,1,0,0,0
RoomPractice,8Cup,OP-RP-Allo-PCTB-8CupGridCloseFar-G2FarLeftClose-NA-0-NA.yml,GridLikeTasks,1,0,0,1,1,0,Blue,-1,Close,Outer,0,2.0,0,0,0,1,24,0,0.0,0.0,255.0,1,1,0,0,1,1,1,1,0,1,0,0,1,1,1,1,1,1,0,1,1,1,0,0,1,1,1,1,0,1
RoomPractice,8Cup,OP-RP-Allo-PCTB-8CupGridCloseFar-G2FarLeftFar-NA-0-NA.yml,GridLikeTasks,1,0,0,1,1,0,Blue,-1,Far,Outer,0,2.0,0,0,0,1,56,0,0.0,0.0,255.0,1,1,1,0,1,1,1,0,0,1,0,0,1,0,1,1,1,1,0,1,1,1,0,0,1,0,1,1,0,1
RoomPractice,8Cup,OP-RP-Allo-PCTB-8CupGridCloseFar-G2FarRightClose-NA-0-NA.yml,GridLikeTasks,1,0,0,1,1,0,Blue,1,Close,Outer,0,2.0,0,0,0,1,24,0,0.0,0.0,255.0,1,1,0,0,0,1,1,1,0,1,1,1,1,0,1,1,1,1,0,0,1,1,0,0,1,0,1,1,0,0
RoomPractice,8Cup,OP-RP-Allo-PCTB-8CupGridCloseFar-G2FarRightFar-NA-0-NA.yml,GridLikeTasks,1,0,0,1,1,0,Blue,1,Far,Outer,0,2.0,0,0,0,1,56,0,0.0,0.0,255.0,1,1,0,0,1,1,1,0,0,0,1,1,0,1,1,0,1,1,0,0,1,1,0,0,1,0,1,1,0,0
RoomPractice,8Cup,OP-RP-Allo-PCTB-8CupGridCloseFar-G3.5CloseLeftClose-NA-0-NA.yml,GridLikeTasks,1,0,0,1,1,0,Blue,-1,Close,Inner,0,3.5,0,0,0,1,16,0,0.0,0.0,255.0,1,1,0,0,1,1,1,0,0,1,1,1,1,1,1,1,1,1,0,0,1,0,0,1,1,1,1,0,0,0
RoomPractice,8Cup,OP-RP-Allo-PCTB-8CupGridCloseFar-G3.5CloseLeftFar-NA-0-NA.yml,GridLikeTasks,1,0,0,1,1,0,Blue,-1,Far,Inner,0,3.5,0,0,0,1,48,0,0.0,0.0,255.0,1,1,0,0,1,1,1,1,0,0,1,0,1,1,1,1,1,1,0,0,1,0,0,0,1,0,1,0,0,0
RoomPractice,8Cup,OP-RP-Allo-PCTB-8CupGridCloseFar-G3.5CloseRightClose-NA-0-NA.yml,GridLikeTasks,1,0,0,1,1,0,Blue,1,Close,Inner,0,3.5,0,0,0,1,16,0,0.0,0.0,255.0,1,0,0,0,1,1,1,1,0,1,1,1,0,1,1,1,1,1,0,0,1,1,0,1,1,1,1,1,0,1
RoomPractice,8Cup,OP-RP-Allo-PCTB-8CupGridCloseFar-G3.5CloseRightFar-NA-0-NA.yml,GridLikeTasks,1,0,0,1,1,0,Blue,1,Far,Inner,0,3.5,0,0,0,1,48,0,0.0,0.0,255.0,1,1,0,0,0,1,1,1,0,0,1,1,1,1,1,1,0,1,0,0,1,1,0,0,1,1,1,1,0,0
RoomPractice,8Cup,OP-RP-Allo-PCTB-8CupGridCloseFar-G3.5FarLeftClose-NA-0-NA.yml,GridLikeTasks,1,0,0,1,1,0,Blue,-1,Close,Outer,0,3.5,0,0,0,1,24,0,0.0,0.0,255.0,1,0,0,0,1,1,1,1,0,1,1,0,1,0,1,1,1,1,0,0,1,0,0,0,1,0,1,1,0,0
RoomPractice,8Cup,OP-RP-Allo-PCTB-8CupGridCloseFar-G3.5FarLeftFar-NA-0-NA.yml,GridLikeTasks,1,0,0,1,1,0,Blue,-1,Far,Outer,0,3.5,0,0,0,1,56,0,0.0,0.0,255.0,1,1,0,0,1,1,0,1,1,1,1,0,1,1,1,1,1,1,0,0,1,1,0,0,1,1,1,1,0,0
RoomPractice,8Cup,OP-RP-Allo-PCTB-8CupGridCloseFar-G3.5FarRightClose-NA-0-NA.yml,GridLikeTasks,1,0,0,1,1,0,Blue,1,Close,Outer,0,3.5,0,0,0,1,24,0,0.0,0.0,255.0,1,0,0,0,1,1,1,1,0,1,0,1,0,1,1,1,1,1,0,0,1,0,0,0,1,0,1,1,0,1
RoomPractice,8Cup,OP-RP-Allo-PCTB-8CupGridCloseFar-G3.5FarRightFar-NA-0-NA.yml,GridLikeTasks,1,0,0,1,1,0,Blue,1,Far,Outer,0,3.5,0,0,0,1,56,0,0.0,0.0,255.0,1,1,0,0,1,1,1,1,0,1,1,1,1,1,1,1,1,1,0,0,1,0,0,0,1,1,1,1,0,0
RoomPractice,8Cup,OP-RP-Allo-PCTB-8CupGridCloseFar-G3CloseLeftClose-NA-0-NA.yml,GridLikeTasks,1,0,0,1,1,0,Blue,-1,Close,Inner,0,3.0,0,0,0,1,16,0,0.0,0.0,255.0,1,0,1,0,1,1,1,1,0,0,1,0,1,1,1,1,1,1,0,0,1,1,0,0,1,0,1,1,0,0
RoomPractice,8Cup,OP-RP-Allo-PCTB-8CupGridCloseFar-G3CloseLeftFar-NA-0-NA.yml,GridLikeTasks,1,0,0,1,1,0,Blue,-1,Far,Inner,0,3.0,0,0,0,1,48,0,0.0,0.0,255.0,1,0,1,0,1,1,1,1,0,1,1,1,1,0,1,1,1,1,0,0,1,0,0,0,1,1,1,0,0,0
RoomPractice,8Cup,OP-RP-Allo-PCTB-8CupGridCloseFar-G3CloseRightClose-NA-0-NA.yml,GridLikeTasks,1,0,0,1,1,0,Blue,1,Close,Inner,0,3.0,0,0,0,1,16,0,0.0,0.0,255.0,1,0,0,0,1,1,1,1,0,1,1,1,0,1,1,0,1,1,0,0,1,1,0,0,1,1,1,0,0,0
RoomPractice,8Cup,OP-RP-Allo-PCTB-8CupGridCloseFar-G3CloseRightFar-NA-0-NA.yml,GridLikeTasks,1,0,0,1,1,0,Blue,1,Far,Inner,0,3.0,0,0,0,1,48,0,0.0,0.0,255.0,1,1,0,0,1,1,1,1,0,1,1,1,0,1,1,1,1,1,0,0,1,1,0,0,1,1,1,1,0,0
RoomPractice,8Cup,OP-RP-Allo-PCTB-8CupGridCloseFar-G3FarLeftClose-NA-0-NA.yml,GridLikeTasks,1,0,0,1,1,0,Blue,-1,Close,Outer,0,3.0,0,0,0,1,24,0,0.0,0.0,255.0,1,1,0,0,1,1,1,1,0,0,1,0,1,0,1,1,1,1,0,0,1,1,0,0,1,1,1,1,0,1
RoomPractice,8Cup,OP-RP-Allo-PCTB-8CupGridCloseFar-G3FarLeftFar-NA-0-NA.yml,GridLikeTasks,1,0,0,1,1,0,Blue,-1,Far,Outer,0,3.0,0,0,0,1,56,0,0.0,0.0,255.0,1,1,1,0,1,1,1,1,0,1,1,0,1,1,1,1,1,1,0,0,1,1,0,0,1,1,1,0,0,0
RoomPractice,8Cup,OP-RP-Allo-PCTB-8CupGridCloseFar-G3FarRightClose-NA-0-NA.yml,GridLikeTasks,1,0,0,1,1,0,Blue,1,Close,Outer,0,3.0,0,0,0,1,24,0,0.0,0.0,255.0,1,1,1,0,1,1,1,1,0,1,1,1,0,0,1,1,1,1,0,0,1,0,0,0,1,1,1,1,0,1
RoomPractice,8Cup,OP-RP-Allo-PCTB-8CupGridCloseFar-G3FarRightFar-NA-0-NA.yml,GridLikeTasks,1,0,0,1,1,0,Blue,1,Far,Outer,0,3.0,0,0,0,1,56,0,0.0,0.0,255.0,1,1,0,0,1,1,1,1,0,1,1,1,1,0,1,1,1,1,0,1,1,1,0,0,1,1,1,0,0,1
RoomPractice,8Cup,OP-RP-Allo-PCTB-8CupGridCloseFar-G4CloseLeftClose-NA-0-NA.yml,GridLikeTasks,1,0,0,1,1,0,Blue,-1,Close,Inner,0,4.0,0,0,0,1,16,0,0.0,0.0,255.0,1,0,0,0,1,1,1,1,0,1,1,0,1,1,1,1,1,1,0,0,1,1,0,0,1,1,1,1,0,0
RoomPractice,8Cup,OP-RP-Allo-PCTB-8CupGridCloseFar-G4CloseLeftFar-NA-0-NA.yml,GridLikeTasks,1,0,0,1,1,0,Blue,-1,Far,Inner,0,4.0,0,0,0,1,48,0,0.0,0.0,255.0,1,1,0,0,1,1,1,1,0,1,1,0,1,1,1,1,1,1,0,0,1,1,0,0,1,1,1,1,0,1
RoomPractice,8Cup,OP-RP-Allo-PCTB-8CupGridCloseFar-G4CloseRightClose-NA-0-NA.yml,GridLikeTasks,1,0,0,1,1,0,Blue,1,Close,Inner,0,4.0,0,0,0,1,16,0,0.0,0.0,255.0,1,0,0,0,1,1,1,1,1,1,1,1,0,1,1,1,1,1,0,0,1,1,0,0,1,1,1,1,0,0
RoomPractice,8Cup,OP-RP-Allo-PCTB-8CupGridCloseFar-G4CloseRightFar-NA-0-NA.yml,GridLikeTasks,1,0,0,1,1,0,Blue,1,Far,Inner,0,4.0,0,0,0,1,48,0,0.0,0.0,255.0,1,1,0,0,1,1,1,1,0,1,1,1,0,1,1,1,1,1,0,0,1,1,0,0,1,0,1,1,0,0
RoomPractice,8Cup,OP-RP-Allo-PCTB-8CupGridCloseFar-G4FarLeftClose-NA-0-NA.yml,GridLikeTasks,1,0,0,1,1,0,Blue,-1,Close,Outer,0,4.0,0,0,0,1,24,0,0.0,0.0,255.0,1,0,0,0,1,1,1,1,0,1,1,0,1,1,1,0,1,1,0,0,1,1,0,0,1,1,1,1,0,0
RoomPractice,8Cup,OP-RP-Allo-PCTB-8CupGridCloseFar-G4FarLeftFar-NA-0-NA.yml,GridLikeTasks,1,0,0,1,1,0,Blue,-1,Far,Outer,0,4.0,0,0,0,1,56,0,0.0,0.0,255.0,1,1,1,0,1,1,1,0,0,1,1,0,1,1,1,1,1,1,0,0,1,1,0,0,1,1,1,0,0,0
RoomPractice,8Cup,OP-RP-Allo-PCTB-8CupGridCloseFar-G4FarRightClose-NA-0-NA.yml,GridLikeTasks,1,0,0,1,1,0,Blue,1,Close,Outer,0,4.0,0,0,0,1,24,0,0.0,0.0,255.0,1,0,0,0,1,1,1,1,0,1,1,1,0,1,1,1,1,1,0,0,1,1,0,0,1,1,1,1,0,0
RoomPractice,8Cup,OP-RP-Allo-PCTB-8CupGridCloseFar-G4FarRightFar-NA-0-NA.yml,GridLikeTasks,1,0,0,1,1,0,Blue,1,Far,Outer,0,4.0,0,0,0,1,56,0,0.0,0.0,255.0,1,0,0,0,1,1,1,1,0,1,1,1,0,1,1,1,1,1,0,0,1,0,0,0,1,1,1,0,0,0
RoomPractice,8Cup,OP-RP-Allo-PCTB-8CupGridCloseMid-G2.5CloseLeftClose-NA-0-NA.yml,GridLikeTasks,1,0,0,1,1,0,Blue,-1,Close,Inner,0,2.5,0,0,0,1,16,0,0.0,0.0,255.0,1,0,0,0,1,1,1,1,0,1,1,0,1,1,1,1,1,1,0,0,1,1,0,0,1,1,1,1,0,0
RoomPractice,8Cup,OP-RP-Allo-PCTB-8CupGridCloseMid-G2.5CloseLeftFar-NA-0-NA.yml,GridLikeTasks,1,0,0,1,1,0,Blue,-1,Mid,Inner,0,2.5,0,0,0,1,32,0,0.0,0.0,255.0,1,1,0,0,0,1,1,1,0,1,1,1,1,0,1,1,1,1,0,0,1,1,0,0,1,1,1,1,0,1
RoomPractice,8Cup,OP-RP-Allo-PCTB-8CupGridCloseMid-G2.5CloseRightClose-NA-0-NA.yml,GridLikeTasks,1,0,0,1,1,0,Blue,1,Close,Inner,0,2.5,0,0,0,1,16,0,0.0,0.0,255.0,1,0,1,0,1,1,1,0,0,0,1,1,0,1,1,0,1,1,0,0,1,0,0,0,1,1,1,1,0,0
RoomPractice,8Cup,OP-RP-Allo-PCTB-8CupGridCloseMid-G2.5CloseRightFar-NA-0-NA.yml,GridLikeTasks,1,0,0,1,1,0,Blue,1,Mid,Inner,0,2.5,0,0,0,1,32,0,0.0,0.0,255.0,1,1,0,0,1,0,1,0,0,0,1,1,0,0,1,1,1,1,0,0,1,1,0,0,1,1,1,1,0,0
RoomPractice,8Cup,OP-RP-Allo-PCTB-8CupGridCloseMid-G2.5FarLeftClose-NA-0-NA.yml,GridLikeTasks,1,0,0,1,1,0,Blue,-1,Close,Outer,0,2.5,0,0,0,1,24,0,0.0,0.0,255.0,1,0,0,0,1,1,0,1,0,1,0,0,1,1,1,1,1,1,0,0,1,1,0,0,1,1,1,1,0,0
RoomPractice,8Cup,OP-RP-Allo-PCTB-8CupGridCloseMid-G2.5FarLeftFar-NA-0-NA.yml,GridLikeTasks,1,0,0,1,1,0,Blue,-1,Mid,Outer,0,2.5,0,0,0,1,40,0,0.0,0.0,255.0,1,0,0,0,1,1,1,1,0,1,1,1,1,1,1,1,1,1,0,1,1,0,0,0,1,1,1,0,0,0
RoomPractice,8Cup,OP-RP-Allo-PCTB-8CupGridCloseMid-G2.5FarRightClose-NA-0-NA.yml,GridLikeTasks,1,0,0,1,1,0,Blue,1,Close,Outer,0,2.5,0,0,0,1,24,0,0.0,0.0,255.0,1,0,0,0,1,1,1,1,0,1,1,1,0,1,1,1,1,1,0,0,1,1,0,0,1,1,1,0,0,0
RoomPractice,8Cup,OP-RP-Allo-PCTB-8CupGridCloseMid-G2.5FarRightFar-NA-0-NA.yml,GridLikeTasks,1,0,0,1,1,0,Blue,1,Mid,Outer,0,2.5,0,0,0,1,40,0,0.0,0.0,255.0,1,1,0,0,1,1,0,1,0,1,1,1,1,1,1,1,1,1,0,0,1,1,0,0,1,1,1,1,0,1
RoomPractice,8Cup,OP-RP-Allo-PCTB-8CupGridCloseMid-G2CloseLeftClose-NA-0-NA.yml,GridLikeTasks,1,0,0,1,1,0,Blue,-1,Close,Inner,0,2.0,0,0,0,1,16,0,0.0,0.0,255.0,1,0,0,0,1,1,1,1,1,1,1,1,1,1,1,1,1,0,0,0,1,0,0,0,1,1,1,1,0,0
RoomPractice,8Cup,OP-RP-Allo-PCTB-8CupGridCloseMid-G2CloseLeftFar-NA-0-NA.yml,GridLikeTasks,1,0,0,1,1,0,Blue,-1,Mid,Inner,0,2.0,0,0,0,1,32,0,0.0,0.0,255.0,1,1,0,0,1,1,1,1,0,1,1,0,1,1,1,1,1,1,0,0,1,1,0,1,1,1,1,1,0,1
RoomPractice,8Cup,OP-RP-Allo-PCTB-8CupGridCloseMid-G2CloseRightClose-NA-0-NA.yml,GridLikeTasks,1,0,0,1,1,0,Blue,1,Close,Inner,0,2.0,0,0,0,1,16,0,0.0,0.0,255.0,1,1,0,0,1,1,1,1,0,1,1,1,0,1,1,1,1,1,0,0,1,1,0,0,1,1,1,1,0,0
RoomPractice,8Cup,OP-RP-Allo-PCTB-8CupGridCloseMid-G2CloseRightFar-NA-0-NA.yml,GridLikeTasks,1,0,0,1,1,0,Blue,1,Mid,Inner,0,2.0,0,0,0,1,32,0,0.0,0.0,255.0,1,1,0,0,1,1,1,1,0,1,1,1,1,0,1,1,1,1,0,0,1,1,0,0,1,1,1,1,0,0
RoomPractice,8Cup,OP-RP-Allo-PCTB-8CupGridCloseMid-G2FarLeftClose-NA-0-NA.yml,GridLikeTasks,1,0,0,1,1,0,Blue,-1,Close,Outer,0,2.0,0,0,0,1,24,0,0.0,0.0,255.0,1,0,0,0,1,1,1,1,1,1,1,0,1,0,1,1,1,1,0,0,1,1,0,1,1,0,1,1,0,0
RoomPractice,8Cup,OP-RP-Allo-PCTB-8CupGridCloseMid-G2FarLeftFar-NA-0-NA.yml,GridLikeTasks,1,0,0,1,1,0,Blue,-1,Mid,Outer,0,2.0,0,0,0,1,40,0,0.0,0.0,255.0,1,1,0,0,1,1,1,0,0,0,1,0,1,1,1,1,1,1,0,0,1,1,0,0,1,1,1,1,0,0
RoomPractice,8Cup,OP-RP-Allo-PCTB-8CupGridCloseMid-G2FarRightClose-NA-0-NA.yml,GridLikeTasks,1,0,0,1,1,0,Blue,1,Close,Outer,0,2.0,0,0,0,1,24,0,0.0,0.0,255.0,1,1,0,0,1,1,1,1,0,1,1,1,0,1,1,1,1,1,0,0,1,1,0,1,1,1,1,1,0,0
RoomPractice,8Cup,OP-RP-Allo-PCTB-8CupGridCloseMid-G2FarRightFar-NA-0-NA.yml,GridLikeTasks,1,0,0,1,1,0,Blue,1,Mid,Outer,0,2.0,0,0,0,1,40,0,0.0,0.0,255.0,1,0,0,0,1,1,1,1,0,1,1,1,1,1,1,0,0,1,0,0,1,1,0,0,1,1,1,1,0,0
RoomPractice,8Cup,OP-RP-Allo-PCTB-8CupGridCloseMid-G3.5CloseLeftClose-NA-0-NA.yml,GridLikeTasks,1,0,0,1,1,0,Blue,-1,Close,Inner,0,3.5,0,0,0,1,16,0,0.0,0.0,255.0,1,0,0,0,1,1,1,1,0,1,1,1,1,1,1,1,1,1,0,0,1,1,0,1,1,0,1,1,0,0
RoomPractice,8Cup,OP-RP-Allo-PCTB-8CupGridCloseMid-G3.5CloseLeftFar-NA-0-NA.yml,GridLikeTasks,1,0,0,1,1,0,Blue,-1,Mid,Inner,0,3.5,0,0,0,1,32,0,0.0,0.0,255.0,1,0,0,0,1,0,1,1,0,1,1,0,1,1,1,1,1,1,0,0,1,1,0,0,1,1,1,1,0,0
RoomPractice,8Cup,OP-RP-Allo-PCTB-8CupGridCloseMid-G3.5CloseRightClose-NA-0-NA.yml,GridLikeTasks,1,0,0,1,1,0,Blue,1,Close,Inner,0,3.5,0,0,0,1,16,0,0.0,0.0,255.0,1,1,0,0,1,1,1,1,0,1,1,1,0,1,1,1,0,1,0,0,1,1,0,0,1,1,1,0,0,0
RoomPractice,8Cup,OP-RP-Allo-PCTB-8CupGridCloseMid-G3.5CloseRightFar-NA-0-NA.yml,GridLikeTasks,1,0,0,1,1,0,Blue,1,Mid,Inner,0,3.5,0,0,0,1,32,0,0.0,0.0,255.0,1,1,0,0,1,1,1,1,0,1,1,1,0,0,1,1,0,1,0,0,1,0,0,1,1,1,1,1,0,0
RoomPractice,8Cup,OP-RP-Allo-PCTB-8CupGridCloseMid-G3.5FarLeftClose-NA-0-NA.yml,GridLikeTasks,1,0,0,1,1,0,Blue,-1,Close,Outer,0,3.5,0,0,0,1,24,0,0.0,0.0,255.0,1,1,0,0,1,1,1,1,0,1,1,1,1,0,1,1,1,1,0,0,1,1,0,0,1,0,1,1,0,0
RoomPractice,8Cup,OP-RP-Allo-PCTB-8CupGridCloseMid-G3.5FarLeftFar-NA-0-NA.yml,GridLikeTasks,1,0,0,1,1,0,Blue,-1,Mid,Outer,0,3.5,0,0,0,1,40,0,0.0,0.0,255.0,1,0,1,0,1,1,1,1,0,1,1,0,1,1,1,1,1,0,0,0,1,0,0,0,1,1,1,1,0,0
RoomPractice,8Cup,OP-RP-Allo-PCTB-8CupGridCloseMid-G3.5FarRightClose-NA-0-NA.yml,GridLikeTasks,1,0,0,1,1,0,Blue,1,Close,Outer,0,3.5,0,0,0,1,24,0,0.0,0.0,255.0,1,1,0,0,1,1,1,1,0,1,1,1,0,1,1,1,1,1,0,0,1,1,0,0,1,1,1,1,0,0
RoomPractice,8Cup,OP-RP-Allo-PCTB-8CupGridCloseMid-G3.5FarRightFar-NA-0-NA.yml,GridLikeTasks,1,0,0,1,1,0,Blue,1,Mid,Outer,0,3.5,0,0,0,1,40,0,0.0,0.0,255.0,1,1,1,0,1,1,1,1,0,1,1,1,1,1,1,0,1,1,0,0,1,1,0,1,1,1,1,1,0,0
RoomPractice,8Cup,OP-RP-Allo-PCTB-8CupGridCloseMid-G3CloseLeftClose-NA-0-NA.yml,GridLikeTasks,1,0,0,1,1,0,Blue,-1,Close,Inner,0,3.0,0,0,0,1,16,0,0.0,0.0,255.0,1,0,0,0,1,1,1,1,0,1,1,0,1,1,1,1,1,1,0,1,1,0,0,0,1,1,1,1,0,0
RoomPractice,8Cup,OP-RP-Allo-PCTB-8CupGridCloseMid-G3CloseLeftFar-NA-0-NA.yml,GridLikeTasks,1,0,0,1,1,0,Blue,-1,Mid,Inner,0,3.0,0,0,0,1,32,0,0.0,0.0,255.0,1,1,0,0,1,1,1,1,0,0,1,0,1,0,1,1,0,1,0,0,1,1,0,0,1,1,1,1,0,0
RoomPractice,8Cup,OP-RP-Allo-PCTB-8CupGridCloseMid-G3CloseRightClose-NA-0-NA.yml,GridLikeTasks,1,0,0,1,1,0,Blue,1,Close,Inner,0,3.0,0,0,0,1,16,0,0.0,0.0,255.0,1,1,0,0,1,1,1,1,0,1,1,1,0,1,1,1,1,1,0,1,1,1,0,0,1,1,1,1,0,0
RoomPractice,8Cup,OP-RP-Allo-PCTB-8CupGridCloseMid-G3CloseRightFar-NA-0-NA.yml,GridLikeTasks,1,0,0,1,1,0,Blue,1,Mid,Inner,0,3.0,0,0,0,1,32,0,0.0,0.0,255.0,1,1,0,1,1,1,1,1,0,1,1,1,1,1,1,1,1,1,0,0,1,1,0,1,1,0,1,1,0,0
RoomPractice,8Cup,OP-RP-Allo-PCTB-8CupGridCloseMid-G3FarLeftClose-NA-0-NA.yml,GridLikeTasks,1,0,0,1,1,0,Blue,-1,Close,Outer,0,3.0,0,0,0,1,24,0,0.0,0.0,255.0,1,1,1,0,1,1,1,1,0,1,1,0,1,1,1,1,1,1,0,0,1,1,0,0,1,1,1,1,0,0
RoomPractice,8Cup,OP-RP-Allo-PCTB-8CupGridCloseMid-G3FarLeftFar-NA-0-NA.yml,GridLikeTasks,1,0,0,1,1,0,Blue,-1,Mid,Outer,0,3.0,0,0,0,1,40,0,0.0,0.0,255.0,1,1,0,0,0,1,1,1,0,0,1,0,1,1,1,1,1,1,0,0,1,1,0,0,1,1,1,1,0,0
RoomPractice,8Cup,OP-RP-Allo-PCTB-8CupGridCloseMid-G3FarRightClose-NA-0-NA.yml,GridLikeTasks,1,0,0,1,1,0,Blue,1,Close,Outer,0,3.0,0,0,0,1,24,0,0.0,0.0,255.0,1,1,0,0,1,1,1,1,0,1,1,1,0,1,1,1,1,1,0,0,1,0,0,0,1,1,1,1,0,0
RoomPractice,8Cup,OP-RP-Allo-PCTB-8CupGridCloseMid-G3FarRightFar-NA-0-NA.yml,GridLikeTasks,1,0,0,1,1,0,Blue,1,Mid,Outer,0,3.0,0,0,0,1,40,0,0.0,0.0,255.0,1,0,0,1,1,1,1,1,0,1,1,1,1,1,1,1,1,1,0,0,1,1,0,0,1,1,1,1,0,0
RoomPractice,8Cup,OP-RP-Allo-PCTB-8CupGridCloseMid-G4CloseLeftClose-NA-0-NA.yml,GridLikeTasks,1,0,0,1,1,0,Blue,-1,Close,Inner,0,4.0,0,0,0,1,16,0,0.0,0.0,255.0,1,0,0,0,1,1,0,1,1,1,1,1,1,1,1,1,1,1,0,0,1,1,0,0,1,1,1,1,0,0
RoomPractice,8Cup,OP-RP-Allo-PCTB-8CupGridCloseMid-G4CloseLeftFar-NA-0-NA.yml,GridLikeTasks,1,0,0,1,1,0,Blue,-1,Mid,Inner,0,4.0,0,0,0,1,32,0,0.0,0.0,255.0,1,0,0,0,1,0,1,0,0,1,1,0,0,0,1,1,1,1,0,0,1,1,0,0,1,0,1,0,0,0
RoomPractice,8Cup,OP-RP-Allo-PCTB-8CupGridCloseMid-G4CloseRightClose-NA-0-NA.yml,GridLikeTasks,1,0,0,1,1,0,Blue,1,Close,Inner,0,4.0,0,0,0,1,16,0,0.0,0.0,255.0,1,1,0,0,1,1,1,1,0,1,1,1,0,1,1,1,1,1,0,0,1,1,0,0,1,1,1,1,0,0
RoomPractice,8Cup,OP-RP-Allo-PCTB-8CupGridCloseMid-G4CloseRightFar-NA-0-NA.yml,GridLikeTasks,1,0,0,1,1,0,Blue,1,Mid,Inner,0,4.0,0,0,0,1,32,0,0.0,0.0,255.0,1,0,0,0,1,1,1,1,0,1,1,1,0,0,1,1,1,1,0,0,1,1,0,0,1,1,1,1,0,0
RoomPractice,8Cup,OP-RP-Allo-PCTB-8CupGridCloseMid-G4FarLeftClose-NA-0-NA.yml,GridLikeTasks,1,0,0,1,1,0,Blue,-1,Close,Outer,0,4.0,0,0,0,1,24,0,0.0,0.0,255.0,1,0,0,0,1,1,1,1,0,1,1,1,1,1,1,1,1,1,0,0,1,1,0,0,1,1,1,1,0,0
RoomPractice,8Cup,OP-RP-Allo-PCTB-8CupGridCloseMid-G4FarLeftFar-NA-0-NA.yml,GridLikeTasks,1,0,0,1,1,0,Blue,-1,Mid,Outer,0,4.0,0,0,0,1,40,0,0.0,0.0,255.0,1,0,0,0,1,1,1,1,0,1,1,1,1,1,1,1,1,1,0,1,1,1,0,0,1,1,1,0,0,0
RoomPractice,8Cup,OP-RP-Allo-PCTB-8CupGridCloseMid-G4FarRightClose-NA-0-NA.yml,GridLikeTasks,1,0,0,1,1,0,Blue,1,Close,Outer,0,4.0,0,0,0,1,24,0,0.0,0.0,255.0,1,1,0,0,1,1,1,1,1,1,1,1,0,0,1,1,1,1,0,0,1,1,0,0,1,1,1,0,0,1
RoomPractice,8Cup,OP-RP-Allo-PCTB-8CupGridCloseMid-G4FarRightFar-NA-0-NA.yml,GridLikeTasks,1,0,0,1,1,0,Blue,1,Mid,Outer,0,4.0,0,0,0,1,40,0,0.0,0.0,255.0,1,0,0,0,1,1,1,1,0,1,1,1,0,1,1,1,1,1,0,0,1,1,0,0,1,1,1,1,0,0
RoomPractice,8Cup,OP-RP-Allo-PCTB-8CupGridMidFar-G2.5CloseLeftClose-NA-0-NA.yml,GridLikeTasks,1,0,0,1,1,0,Blue,-1,Mid,Inner,0,2.5,0,0,0,1,32,0,0.0,0.0,255.0,1,0,0,0,1,1,1,1,0,1,1,0,1,0,1,1,1,1,0,0,1,0,0,0,1,1,1,0,0,0
RoomPractice,8Cup,OP-RP-Allo-PCTB-8CupGridMidFar-G2.5CloseLeftFar-NA-0-NA.yml,GridLikeTasks,1,0,0,1,1,0,Blue,-1,Far,Inner,0,2.5,0,0,0,1,48,0,0.0,0.0,255.0,1,1,0,0,0,1,1,1,0,1,1,0,1,1,1,1,0,1,0,0,1,0,0,1,1,1,1,1,0,0
RoomPractice,8Cup,OP-RP-Allo-PCTB-8CupGridMidFar-G2.5CloseRightClose-NA-0-NA.yml,GridLikeTasks,1,0,0,1,1,0,Blue,1,Mid,Inner,0,2.5,0,0,0,1,32,0,0.0,0.0,255.0,1,0,0,0,1,1,1,1,1,1,1,1,1,0,1,1,1,1,0,0,1,1,0,0,1,1,1,1,0,1
RoomPractice,8Cup,OP-RP-Allo-PCTB-8CupGridMidFar-G2.5CloseRightFar-NA-0-NA.yml,GridLikeTasks,1,0,0,1,1,0,Blue,1,Far,Inner,0,2.5,0,0,0,1,48,0,0.0,0.0,255.0,1,1,0,0,1,0,1,1,0,1,1,1,0,1,1,1,1,1,0,0,1,1,0,0,1,1,1,1,0,0
RoomPractice,8Cup,OP-RP-Allo-PCTB-8CupGridMidFar-G2.5FarLeftClose-NA-0-NA.yml,GridLikeTasks,1,0,0,1,1,0,Blue,-1,Mid,Outer,0,2.5,0,0,0,1,40,0,0.0,0.0,255.0,1,1,0,0,1,1,1,1,0,1,1,0,1,1,1,1,1,1,0,0,1,1,0,0,1,0,1,0,0,0
RoomPractice,8Cup,OP-RP-Allo-PCTB-8CupGridMidFar-G2.5FarLeftFar-NA-0-NA.yml,GridLikeTasks,1,0,0,1,1,0,Blue,-1,Far,Outer,0,2.5,0,0,0,1,56,0,0.0,0.0,255.0,1,1,0,0,1,1,1,1,0,1,1,0,1,1,1,1,0,1,0,0,1,1,0,0,1,1,1,1,0,1
RoomPractice,8Cup,OP-RP-Allo-PCTB-8CupGridMidFar-G2.5FarRightClose-NA-0-NA.yml,GridLikeTasks,1,0,0,1,1,0,Blue,1,Mid,Outer,0,2.5,0,0,0,1,40,0,0.0,0.0,255.0,1,0,0,0,1,1,1,1,0,1,1,1,0,1,1,1,1,1,0,1,1,1,0,0,1,0,1,1,0,0
RoomPractice,8Cup,OP-RP-Allo-PCTB-8CupGridMidFar-G2.5FarRightFar-NA-0-NA.yml,GridLikeTasks,1,0,0,1,1,0,Blue,1,Far,Outer,0,2.5,0,0,0,1,56,0,0.0,0.0,255.0,1,1,0,0,1,1,1,1,1,1,1,1,0,1,1,1,1,1,0,0,1,1,0,0,1,1,1,1,0,0
RoomPractice,8Cup,OP-RP-Allo-PCTB-8CupGridMidFar-G2CloseLeftClose-NA-0-NA.yml,GridLikeTasks,1,0,0,1,1,0,Blue,-1,Mid,Inner,0,2.0,0,0,0,1,32,0,0.0,0.0,255.0,1,1,0,0,1,1,1,1,0,1,1,0,1,0,1,1,1,0,0,0,1,1,0,0,1,1,1,0,0,0
RoomPractice,8Cup,OP-RP-Allo-PCTB-8CupGridMidFar-G2CloseLeftFar-NA-0-NA.yml,GridLikeTasks,1,0,0,1,1,0,Blue,-1,Far,Inner,0,2.0,0,0,0,1,48,0,0.0,0.0,255.0,1,0,0,0,1,1,1,1,0,1,1,0,1,1,1,1,1,1,0,0,1,1,0,0,1,1,1,1,0,0
RoomPractice,8Cup,OP-RP-Allo-PCTB-8CupGridMidFar-G2CloseRightClose-NA-0-NA.yml,GridLikeTasks,1,0,0,1,1,0,Blue,1,Mid,Inner,0,2.0,0,0,0,1,32,0,0.0,0.0,255.0,1,0,0,0,1,1,1,1,0,1,1,1,0,1,1,1,1,1,0,0,1,1,0,0,1,1,1,0,0,0
RoomPractice,8Cup,OP-RP-Allo-PCTB-8CupGridMidFar-G2CloseRightFar-NA-0-NA.yml,GridLikeTasks,1,0,0,1,1,0,Blue,1,Far,Inner,0,2.0,0,0,0,1,48,0,0.0,0.0,255.0,1,0,0,0,1,1,1,1,0,1,1,1,0,1,1,1,1,1,0,0,1,1,0,0,1,0,1,0,0,0
RoomPractice,8Cup,OP-RP-Allo-PCTB-8CupGridMidFar-G2FarLeftClose-NA-0-NA.yml,GridLikeTasks,1,0,0,1,1,0,Blue,-1,Mid,Outer,0,2.0,0,0,0,1,40,0,0.0,0.0,255.0,1,1,0,0,1,1,1,1,0,1,1,0,1,1,1,1,1,1,0,1,1,1,0,0,1,1,1,0,0,1
RoomPractice,8Cup,OP-RP-Allo-PCTB-8CupGridMidFar-G2FarLeftFar-NA-0-NA.yml,GridLikeTasks,1,0,0,1,1,0,Blue,-1,Far,Outer,0,2.0,0,0,0,1,56,0,0.0,0.0,255.0,1,1,0,0,1,1,1,1,0,1,1,0,1,1,1,1,1,1,0,0,1,1,0,0,1,0,1,1,0,0
RoomPractice,8Cup,OP-RP-Allo-PCTB-8CupGridMidFar-G2FarRightClose-NA-0-NA.yml,GridLikeTasks,1,0,0,1,1,0,Blue,1,Mid,Outer,0,2.0,0,0,0,1,40,0,0.0,0.0,255.0,1,0,0,0,0,1,1,1,0,1,0,1,0,1,1,1,1,1,0,0,1,1,0,1,1,1,1,1,0,0
RoomPractice,8Cup,OP-RP-Allo-PCTB-8CupGridMidFar-G2FarRightFar-NA-0-NA.yml,GridLikeTasks,1,0,0,1,1,0,Blue,1,Far,Outer,0,2.0,0,0,0,1,56,0,0.0,0.0,255.0,1,0,0,0,1,1,1,1,0,1,1,1,0,1,1,0,1,1,0,0,1,1,0,0,1,0,1,1,0,0
RoomPractice,8Cup,OP-RP-Allo-PCTB-8CupGridMidFar-G3.5CloseLeftClose-NA-0-NA.yml,GridLikeTasks,1,0,0,1,1,0,Blue,-1,Mid,Inner,0,3.5,0,0,0,1,32,0,0.0,0.0,255.0,1,1,0,0,0,1,1,1,1,0,1,0,1,0,1,1,1,1,0,0,1,1,0,0,1,0,1,1,0,0
RoomPractice,8Cup,OP-RP-Allo-PCTB-8CupGridMidFar-G3.5CloseLeftFar-NA-0-NA.yml,GridLikeTasks,1,0,0,1,1,0,Blue,-1,Far,Inner,0,3.5,0,0,0,1,48,0,0.0,0.0,255.0,1,1,0,0,1,1,1,1,0,1,1,0,1,1,1,1,1,1,0,0,1,1,0,0,1,1,1,1,0,0
RoomPractice,8Cup,OP-RP-Allo-PCTB-8CupGridMidFar-G3.5CloseRightClose-NA-0-NA.yml,GridLikeTasks,1,0,0,1,1,0,Blue,1,Mid,Inner,0,3.5,0,0,0,1,32,0,0.0,0.0,255.0,1,1,0,0,1,1,1,1,0,1,1,1,1,1,1,1,1,1,0,0,1,1,0,0,1,1,1,1,0,0
RoomPractice,8Cup,OP-RP-Allo-PCTB-8CupGridMidFar-G3.5CloseRightFar-NA-0-NA.yml,GridLikeTasks,1,0,0,1,1,0,Blue,1,Far,Inner,0,3.5,0,0,0,1,48,0,0.0,0.0,255.0,1,1,0,0,1,1,1,1,0,1,1,0,0,1,1,1,1,1,0,0,1,1,0,0,1,0,1,1,0,0
RoomPractice,8Cup,OP-RP-Allo-PCTB-8CupGridMidFar-G3.5FarLeftClose-NA-0-NA.yml,GridLikeTasks,1,0,0,1,1,0,Blue,-1,Mid,Outer,0,3.5,0,0,0,1,40,0,0.0,0.0,255.0,1,0,0,0,1,1,1,1,0,1,1,0,1,1,1,1,1,1,0,0,1,1,0,0,1,1,1,1,0,0
RoomPractice,8Cup,OP-RP-Allo-PCTB-8CupGridMidFar-G3.5FarLeftFar-NA-0-NA.yml,GridLikeTasks,1,0,0,1,1,0,Blue,-1,Far,Outer,0,3.5,0,0,0,1,56,0,0.0,0.0,255.0,1,1,0,0,1,1,1,1,1,0,1,0,0,1,1,1,1,1,0,0,1,1,0,0,1,1,1,1,0,0
RoomPractice,8Cup,OP-RP-Allo-PCTB-8CupGridMidFar-G3.5FarRightClose-NA-0-NA.yml,GridLikeTasks,1,0,0,1,1,0,Blue,1,Mid,Outer,0,3.5,0,0,0,1,40,0,0.0,0.0,255.0,1,0,0,0,1,1,1,1,0,1,1,1,0,1,1,1,1,1,0,0,1,1,0,0,1,0,1,0,0,1
RoomPractice,8Cup,OP-RP-Allo-PCTB-8CupGridMidFar-G3.5FarRightFar-NA-0-NA.yml,GridLikeTasks,1,0,0,1,1,0,Blue,1,Far,Outer,0,3.5,0,0,0,1,56,0,0.0,0.0,255.0,1,1,0,0,1,1,0,0,0,0,1,1,0,1,1,1,1,1,0,0,1,0,0,0,1,1,1,0,0,0
RoomPractice,8Cup,OP-RP-Allo-PCTB-8CupGridMidFar-G3CloseLeftClose-NA-0-NA.yml,GridLikeTasks,1,0,0,1,1,0,Blue,-1,Mid,Inner,0,3.0,0,0,0,1,32,0,0.0,0.0,255.0,1,0,0,0,1,1,1,1,0,1,1,0,1,0,1,1,1,1,0,0,1,0,0,0,1,1,1,1,0,0
RoomPractice,8Cup,OP-RP-Allo-PCTB-8CupGridMidFar-G3CloseLeftFar-NA-0-NA.yml,GridLikeTasks,1,0,0,1,1,0,Blue,-1,Far,Inner,0,3.0,0,0,0,1,48,0,0.0,0.0,255.0,1,0,0,0,1,1,1,1,1,1,1,1,1,1,1,1,1,1,0,0,1,1,0,0,1,1,1,1,0,1
RoomPractice,8Cup,OP-RP-Allo-PCTB-8CupGridMidFar-G3CloseRightClose-NA-0-NA.yml,GridLikeTasks,1,0,0,1,1,0,Blue,1,Mid,Inner,0,3.0,0,0,0,1,32,0,0.0,0.0,255.0,1,1,0,0,1,1,1,0,0,1,1,1,0,0,1,0,1,1,0,0,1,1,0,0,1,0,1,0,0,0
RoomPractice,8Cup,OP-RP-Allo-PCTB-8CupGridMidFar-G3CloseRightFar-NA-0-NA.yml,GridLikeTasks,1,0,0,1,1,0,Blue,1,Far,Inner,0,3.0,0,0,0,1,48,0,0.0,0.0,255.0,1,1,0,0,1,1,1,1,1,1,1,1,0,1,1,1,1,1,0,0,1,1,0,0,1,0,1,1,0,0
RoomPractice,8Cup,OP-RP-Allo-PCTB-8CupGridMidFar-G3FarLeftClose-NA-0-NA.yml,GridLikeTasks,1,0,0,1,1,0,Blue,-1,Mid,Outer,0,3.0,0,0,0,1,40,0,0.0,0.0,255.0,1,0,0,0,0,1,1,1,0,1,1,1,1,1,1,1,1,1,0,0,1,1,0,0,1,1,1,1,0,0
RoomPractice,8Cup,OP-RP-Allo-PCTB-8CupGridMidFar-G3FarLeftFar-NA-0-NA.yml,GridLikeTasks,1,0,0,1,1,0,Blue,-1,Far,Outer,0,3.0,0,0,0,1,56,0,0.0,0.0,255.0,1,1,0,0,1,1,1,1,0,1,1,0,1,0,1,1,1,1,0,1,1,1,0,0,1,0,1,1,0,0
RoomPractice,8Cup,OP-RP-Allo-PCTB-8CupGridMidFar-G3FarRightClose-NA-0-NA.yml,GridLikeTasks,1,0,0,1,1,0,Blue,1,Mid,Outer,0,3.0,0,0,0,1,40,0,0.0,0.0,255.0,1,1,0,0,1,1,1,1,0,0,1,1,1,1,1,1,1,1,0,0,1,0,0,0,1,1,1,1,0,0
RoomPractice,8Cup,OP-RP-Allo-PCTB-8CupGridMidFar-G3FarRightFar-NA-0-NA.yml,GridLikeTasks,1,0,0,1,1,0,Blue,1,Far,Outer,0,3.0,0,0,0,1,56,0,0.0,0.0,255.0,1,0,1,0,1,0,1,1,0,1,1,1,0,1,1,1,1,1,0,1,1,0,0,0,1,1,1,1,0,0
RoomPractice,8Cup,OP-RP-Allo-PCTB-8CupGridMidFar-G4CloseLeftClose-NA-0-NA.yml,GridLikeTasks,1,0,0,1,1,0,Blue,-1,Mid,Inner,0,4.0,0,0,0,1,32,0,0.0,0.0,255.0,1,0,0,0,1,1,1,1,0,1,1,0,0,1,1,1,1,1,0,0,1,1,0,0,1,0,1,1,0,0
RoomPractice,8Cup,OP-RP-Allo-PCTB-8CupGridMidFar-G4CloseLeftFar-NA-0-NA.yml,GridLikeTasks,1,0,0,1,1,0,Blue,-1,Far,Inner,0,4.0,0,0,0,1,48,0,0.0,0.0,255.0,1,0,0,0,1,1,1,1,1,0,1,1,1,1,1,1,1,1,0,0,1,0,0,0,1,1,1,1,0,0
RoomPractice,8Cup,OP-RP-Allo-PCTB-8CupGridMidFar-G4CloseRightClose-NA-0-NA.yml,GridLikeTasks,1,0,0,1,1,0,Blue,1,Mid,Inner,0,4.0,0,0,0,1,32,0,0.0,0.0,255.0,1,0,0,0,1,1,0,0,0,1,1,1,0,0,1,1,1,1,0,1,1,1,0,1,1,1,1,1,0,0
RoomPractice,8Cup,OP-RP-Allo-PCTB-8CupGridMidFar-G4CloseRightFar-NA-0-NA.yml,GridLikeTasks,1,0,0,1,1,0,Blue,1,Far,Inner,0,4.0,0,0,0,1,48,0,0.0,0.0,255.0,1,1,0,0,1,1,1,1,1,1,1,1,0,1,1,1,1,1,0,0,1,1,0,0,1,1,1,1,0,0
RoomPractice,8Cup,OP-RP-Allo-PCTB-8CupGridMidFar-G4FarLeftClose-NA-0-NA.yml,GridLikeTasks,1,0,0,1,1,0,Blue,-1,Mid,Outer,0,4.0,0,0,0,1,40,0,0.0,0.0,255.0,1,1,0,0,0,1,1,1,0,0,1,0,1,1,1,1,1,1,0,0,1,0,0,0,1,0,1,1,0,0
RoomPractice,8Cup,OP-RP-Allo-PCTB-8CupGridMidFar-G4FarLeftFar-NA-0-NA.yml,GridLikeTasks,1,0,0,1,1,0,Blue,-1,Far,Outer,0,4.0,0,0,0,1,56,0,0.0,0.0,255.0,1,1,0,0,1,1,1,1,0,1,1,0,1,1,1,1,1,1,0,0,1,1,0,0,1,0,1,1,0,0
RoomPractice,8Cup,OP-RP-Allo-PCTB-8CupGridMidFar-G4FarRightClose-NA-0-NA.yml,GridLikeTasks,1,0,0,1,1,0,Blue,1,Mid,Outer,0,4.0,0,0,0,1,40,0,0.0,0.0,255.0,1,1,0,1,1,1,1,1,0,1,1,1,0,1,1,1,1,1,0,0,1,1,0,0,1,0,1,1,0,0
RoomPractice,8Cup,OP-RP-Allo-PCTB-8CupGridMidFar-G4FarRightFar-NA-0-NA.yml,GridLikeTasks,1,0,0,1,1,0,Blue,1,Far,Outer,0,4.0,0,0,0,1,56,0,0.0,0.0,255.0,1,1,0,0,1,1,1,1,0,1,1,1,0,1,1,1,1,1,0,0,1,1,0,0,1,1,1,1,0,0
RoomPractice,12Cup,OP-RP-Allo-PCTB-12CupGrid-G2.5CloseLeftClose-NA-0-NA.yml,GridLikeTasks,1,0,0,1,1,0,Blue,-1,Close,Inner,0,2.5,0,0,0,1,16,0,0.0,0.0,255.0,1,1,0,0,1,1,1,1,0,1,1,0,1,1,1,1,1,1,0,0,1,0,0,1,1,1,1,1,0,0
RoomPractice,12Cup,OP-RP-Allo-PCTB-12CupGrid-G2.5CloseLeftFar-NA-0-NA.yml,GridLikeTasks,1,0,0,1,1,0,Blue,-1,Far,Inner,0,2.5,0,0,0,1,48,0,0.0,0.0,255.0,1,0,0,0,1,1,1,1,0,1,1,0,1,1,1,1,1,1,0,0,1,1,0,0,1,1,1,1,0,0
RoomPractice,12Cup,OP-RP-Allo-PCTB-12CupGrid-G2.5CloseLeftMid-NA-0-NA.yml,GridLikeTasks,1,0,0,1,1,0,Blue,-1,Mid,Inner,0,2.5,0,0,0,1,32,0,0.0,0.0,255.0,1,0,0,0,1,1,1,1,0,1,1,1,1,1,1,1,1,1,0,0,1,1,0,0,1,0,1,1,0,0
RoomPractice,12Cup,OP-RP-Allo-PCTB-12CupGrid-G2.5CloseRightClose-NA-0-NA.yml,GridLikeTasks,1,0,0,1,1,0,Blue,1,Close,Inner,0,2.5,0,0,0,1,16,0,0.0,0.0,255.0,1,0,0,0,1,1,1,1,0,1,1,1,1,1,1,1,1,1,0,0,1,1,0,0,1,0,1,0,0,0
RoomPractice,12Cup,OP-RP-Allo-PCTB-12CupGrid-G2.5CloseRightFar-NA-0-NA.yml,GridLikeTasks,1,0,0,1,1,0,Blue,1,Far,Inner,0,2.5,0,0,0,1,48,0,0.0,0.0,255.0,1,0,1,0,1,1,1,1,0,1,1,1,0,0,1,1,1,1,0,0,1,1,0,0,1,1,1,1,0,0
RoomPractice,12Cup,OP-RP-Allo-PCTB-12CupGrid-G2.5CloseRightMid-NA-0-NA.yml,GridLikeTasks,1,0,0,1,1,0,Blue,1,Mid,Inner,0,2.5,0,0,0,1,32,0,0.0,0.0,255.0,1,1,0,0,1,1,1,1,1,0,1,1,0,0,1,1,1,1,0,0,1,1,0,0,1,1,1,1,0,0
RoomPractice,12Cup,OP-RP-Allo-PCTB-12CupGrid-G2.5FarLeftClose-NA-0-NA.yml,GridLikeTasks,1,0,0,1,1,0,Blue,-1,Close,Outer,0,2.5,0,0,0,1,24,0,0.0,0.0,255.0,1,1,0,0,1,0,1,1,0,1,1,0,1,0,1,1,1,1,0,0,1,1,0,0,1,1,1,1,0,0
RoomPractice,12Cup,OP-RP-Allo-PCTB-12CupGrid-G2.5FarLeft-G2.5Far-NA-0-NA.yml,GridLikeTasks,1,0,0,1,1,0,Blue,-1,Far,Outer,0,2.5,0,0,0,1,56,0,0.0,0.0,255.0,1,0,0,0,1,1,1,1,0,1,1,0,1,0,1,1,1,1,0,0,1,1,0,1,1,1,1,1,0,0
RoomPractice,12Cup,OP-RP-Allo-PCTB-12CupGrid-G2.5FarLeftMid-NA-0-NA.yml,GridLikeTasks,1,0,0,1,1,0,Blue,-1,Mid,Outer,0,2.5,0,0,0,1,40,0,0.0,0.0,255.0,1,1,0,0,1,1,1,1,0,0,1,0,1,1,1,1,1,1,0,0,1,1,0,0,1,1,1,1,0,1
RoomPractice,12Cup,OP-RP-Allo-PCTB-12CupGrid-G2.5FarRightClose-NA-0-NA.yml,GridLikeTasks,1,0,0,1,1,0,Blue,1,Close,Outer,0,2.5,0,0,0,1,24,0,0.0,0.0,255.0,1,0,0,0,1,1,1,0,0,1,1,1,0,0,1,1,1,1,0,0,1,1,0,0,1,0,1,1,0,0
RoomPractice,12Cup,OP-RP-Allo-PCTB-12CupGrid-G2.5FarRight-G2.5Far-NA-0-NA.yml,GridLikeTasks,1,0,0,1,1,0,Blue,1,Far,Outer,0,2.5,0,0,0,1,56,0,0.0,0.0,255.0,1,0,0,0,1,1,1,1,0,1,1,1,0,1,1,1,1,1,0,0,1,1,0,0,1,1,1,1,0,1
RoomPractice,12Cup,OP-RP-Allo-PCTB-12CupGrid-G2.5FarRightMid-NA-0-NA.yml,GridLikeTasks,1,0,0,1,1,0,Blue,1,Mid,Outer,0,2.5,0,0,0,1,40,0,0.0,0.0,255.0,1,0,0,0,1,1,1,1,0,0,0,1,0,1,1,1,1,1,0,0,1,1,0,0,1,0,1,1,0,1
RoomPractice,12Cup,OP-RP-Allo-PCTB-12CupGrid-G2CloseLeftClose-NA-0-NA.yml,GridLikeTasks,1,0,0,1,1,0,Blue,-1,Close,Inner,0,2.0,0,0,0,1,16,0,0.0,0.0,255.0,1,0,0,0,1,1,1,1,1,1,1,0,1,1,1,1,1,1,0,0,1,0,0,0,1,0,1,0,0,0
RoomPractice,12Cup,OP-RP-Allo-PCTB-12CupGrid-G2CloseLeftFar-NA-0-NA.yml,GridLikeTasks,1,0,0,1,1,0,Blue,-1,Far,Inner,0,2.0,0,0,0,1,48,0,0.0,0.0,255.0,1,0,1,0,1,1,1,1,0,1,1,0,1,1,1,1,1,1,0,0,1,0,0,0,1,1,1,0,0,0
RoomPractice,12Cup,OP-RP-Allo-PCTB-12CupGrid-G2CloseLeftMid-NA-0-NA.yml,GridLikeTasks,1,0,0,1,1,0,Blue,-1,Mid,Inner,0,2.0,0,0,0,1,32,0,0.0,0.0,255.0,1,0,0,0,1,1,1,1,0,1,1,1,1,1,1,0,1,1,0,0,1,1,0,0,1,1,1,1,0,0
RoomPractice,12Cup,OP-RP-Allo-PCTB-12CupGrid-G2CloseRightClose-NA-0-NA.yml,GridLikeTasks,1,0,0,1,1,0,Blue,1,Close,Inner,0,2.0,0,0,0,1,16,0,0.0,0.0,255.0,1,1,0,0,1,1,1,1,0,1,1,1,0,0,1,1,0,1,0,0,1,1,0,0,1,1,1,0,0,0
RoomPractice,12Cup,OP-RP-Allo-PCTB-12CupGrid-G2CloseRightFar-NA-0-NA.yml,GridLikeTasks,1,0,0,1,1,0,Blue,1,Far,Inner,0,2.0,0,0,0,1,48,0,0.0,0.0,255.0,1,1,0,0,0,1,0,1,0,1,0,1,1,1,1,1,1,1,0,0,1,1,0,0,1,1,1,1,0,0
RoomPractice,12Cup,OP-RP-Allo-PCTB-12CupGrid-G2CloseRightMid-NA-0-NA.yml,GridLikeTasks,1,0,0,1,1,0,Blue,1,Mid,Inner,0,2.0,0,0,0,1,32,0,0.0,0.0,255.0,1,1,1,0,1,1,1,1,0,1,1,1,0,0,1,1,1,0,0,0,1,1,0,0,1,1,1,1,0,0
RoomPractice,12Cup,OP-RP-Allo-PCTB-12CupGrid-G2FarLeftClose-NA-0-NA.yml,GridLikeTasks,1,0,0,1,1,0,Blue,-1,Close,Outer,0,2.0,0,0,0,1,24,0,0.0,0.0,255.0,1,1,0,0,1,0,1,1,0,1,0,0,1,1,1,0,1,0,0,0,1,1,0,0,1,1,1,1,0,1
RoomPractice,12Cup,OP-RP-Allo-PCTB-12CupGrid-G2FarLeft-G2Far-NA-0-NA.yml,GridLikeTasks,1,0,0,1,1,0,Blue,-1,Far,Outer,0,2.0,0,0,0,1,56,0,0.0,0.0,255.0,1,0,0,0,0,1,1,1,0,1,0,0,1,1,1,1,1,1,0,0,1,1,0,0,1,1,1,1,0,0
RoomPractice,12Cup,OP-RP-Allo-PCTB-12CupGrid-G2FarLeftMid-NA-0-NA.yml,GridLikeTasks,1,0,0,1,1,0,Blue,-1,Mid,Outer,0,2.0,0,0,0,1,40,0,0.0,0.0,255.0,1,1,0,0,1,1,1,1,0,1,0,0,1,1,1,0,1,1,0,0,1,1,0,0,1,1,1,1,0,1
RoomPractice,12Cup,OP-RP-Allo-PCTB-12CupGrid-G2FarRightClose-NA-0-NA.yml,GridLikeTasks,1,0,0,1,1,0,Blue,1,Close,Outer,0,2.0,0,0,0,1,24,0,0.0,0.0,255.0,1,1,1,0,1,0,1,1,0,1,1,1,0,1,1,1,1,1,0,0,1,1,0,0,1,1,1,1,0,0
RoomPractice,12Cup,OP-RP-Allo-PCTB-12CupGrid-G2FarRight-G2Far-NA-0-NA.yml,GridLikeTasks,1,0,0,1,1,0,Blue,1,Far,Outer,0,2.0,0,0,0,1,56,0,0.0,0.0,255.0,1,1,0,0,1,0,1,1,0,0,1,1,1,1,1,0,1,1,0,0,1,1,0,0,1,1,1,1,0,0
RoomPractice,12Cup,OP-RP-Allo-PCTB-12CupGrid-G2FarRightMid-NA-0-NA.yml,GridLikeTasks,1,0,0,1,1,0,Blue,1,Mid,Outer,0,2.0,0,0,0,1,40,0,0.0,0.0,255.0,1,0,0,0,1,1,1,1,0,1,1,1,1,0,1,1,1,1,0,0,1,1,0,0,1,0,1,1,0,0
RoomPractice,12Cup,OP-RP-Allo-PCTB-12CupGrid-G3.5CloseLeftClose-NA-0-NA.yml,GridLikeTasks,1,0,0,1,1,0,Blue,-1,Close,Inner,0,3.5,0,0,0,1,16,0,0.0,0.0,255.0,1,1,0,0,1,1,1,1,0,1,1,0,1,1,1,1,1,1,0,0,1,1,0,0,1,0,1,1,0,0
RoomPractice,12Cup,OP-RP-Allo-PCTB-12CupGrid-G3.5CloseLeftFar-NA-0-NA.yml,GridLikeTasks,1,0,0,1,1,0,Blue,-1,Far,Inner,0,3.5,0,0,0,1,48,0,0.0,0.0,255.0,1,0,0,0,0,1,1,1,0,1,1,0,1,1,1,1,1,1,0,0,1,0,0,0,1,0,1,1,0,1
RoomPractice,12Cup,OP-RP-Allo-PCTB-12CupGrid-G3.5CloseLeftMid-NA-0-NA.yml,GridLikeTasks,1,0,0,1,1,0,Blue,-1,Mid,Inner,0,3.5,0,0,0,1,32,0,0.0,0.0,255.0,1,1,0,0,1,1,1,0,0,1,1,0,1,0,1,1,1,1,0,0,1,1,0,0,1,0,1,1,0,0
RoomPractice,12Cup,OP-RP-Allo-PCTB-12CupGrid-G3.5CloseRightClose-NA-0-NA.yml,GridLikeTasks,1,0,0,1,1,0,Blue,1,Close,Inner,0,3.5,0,0,0,1,16,0,0.0,0.0,255.0,1,0,0,0,1,1,1,1,0,1,1,1,1,1,1,1,1,1,0,0,1,1,0,0,1,1,1,1,0,0
RoomPractice,12Cup,OP-RP-Allo-PCTB-12CupGrid-G3.5CloseRightFar-NA-0-NA.yml,GridLikeTasks,1,0,0,1,1,0,Blue,1,Far,Inner,0,3.5,0,0,0,1,48,0,0.0,0.0,255.0,1,1,0,0,1,1,1,1,1,1,1,1,0,1,1,1,1,1,0,0,1,1,0,0,1,1,1,0,0,0
RoomPractice,12Cup,OP-RP-Allo-PCTB-12CupGrid-G3.5CloseRightMid-NA-0-NA.yml,GridLikeTasks,1,0,0,1,1,0,Blue,1,Mid,Inner,0,3.5,0,0,0,1,32,0,0.0,0.0,255.0,1,1,0,0,0,1,1,1,0,0,1,1,1,0,1,1,1,1,0,0,1,0,0,0,1,0,1,0,0,0
RoomPractice,12Cup,OP-RP-Allo-PCTB-12CupGrid-G3.5FarLeftClose-NA-0-NA.yml,GridLikeTasks,1,0,0,1,1,0,Blue,-1,Close,Outer,0,3.5,0,0,0,1,24,0,0.0,0.0,255.0,1,1,0,0,1,1,0,0,0,1,1,0,1,0,1,1,1,1,0,0,1,1,0,0,1,0,1,1,0,0
RoomPractice,12Cup,OP-RP-Allo-PCTB-12CupGrid-G3.5FarLeft-G3.5Far-NA-0-NA.yml,GridLikeTasks,1,0,0,1,1,0,Blue,-1,Far,Outer,0,3.5,0,0,0,1,56,0,0.0,0.0,255.0,1,1,0,0,1,1,1,1,0,1,1,0,1,1,1,1,1,1,0,1,1,0,0,0,1,1,1,0,0,0
RoomPractice,12Cup,OP-RP-Allo-PCTB-12CupGrid-G3.5FarLeftMid-NA-0-NA.yml,GridLikeTasks,1,0,0,1,1,0,Blue,-1,Mid,Outer,0,3.5,0,0,0,1,40,0,0.0,0.0,255.0,1,0,1,0,1,1,1,1,0,1,1,0,1,1,1,1,1,1,0,0,1,1,0,0,1,1,1,1,0,0
RoomPractice,12Cup,OP-RP-Allo-PCTB-12CupGrid-G3.5FarRightClose-NA-0-NA.yml,GridLikeTasks,1,0,0,1,1,0,Blue,1,Close,Outer,0,3.5,0,0,0,1,24,0,0.0,0.0,255.0,1,0,0,0,1,1,1,1,0,1,1,1,0,1,1,1,0,1,0,0,1,1,0,0,1,0,1,1,0,1
RoomPractice,12Cup,OP-RP-Allo-PCTB-12CupGrid-G3.5FarRight-G3.5Far-NA-0-NA.yml,GridLikeTasks,1,0,0,1,1,0,Blue,1,Far,Outer,0,3.5,0,0,0,1,56,0,0.0,0.0,255.0,1,0,0,0,1,1,1,1,1,1,1,1,1,1,1,1,0,1,0,0,1,1,0,0,1,1,1,1,0,0
RoomPractice,12Cup,OP-RP-Allo-PCTB-12CupGrid-G3.5FarRightMid-NA-0-NA.yml,GridLikeTasks,1,0,0,1,1,0,Blue,1,Mid,Outer,0,3.5,0,0,0,1,40,0,0.0,0.0,255.0,1,0,0,0,0,1,1,0,0,0,1,1,0,1,1,1,1,1,0,0,1,1,0,0,1,1,1,1,0,0
RoomPractice,12Cup,OP-RP-Allo-PCTB-12CupGrid-G3CloseLeftClose-NA-0-NA.yml,GridLikeTasks,1,0,0,1,1,0,Blue,-1,Close,Inner,0,3.0,0,0,0,1,16,0,0.0,0.0,255.0,1,1,0,0,1,1,1,1,0,1,1,1,1,1,1,1,1,1,0,0,1,1,0,0,1,1,1,1,0,0
RoomPractice,12Cup,OP-RP-Allo-PCTB-12CupGrid-G3CloseLeftFar-NA-0-NA.yml,GridLikeTasks,1,0,0,1,1,0,Blue,-1,Far,Inner,0,3.0,0,0,0,1,48,0,0.0,0.0,255.0,1,1,0,0,1,1,1,1,1,0,1,0,0,0,1,1,1,1,0,1,1,1,0,0,1,1,1,1,0,0
RoomPractice,12Cup,OP-RP-Allo-PCTB-12CupGrid-G3CloseLeftMid-NA-0-NA.yml,GridLikeTasks,1,0,0,1,1,0,Blue,-1,Mid,Inner,0,3.0,0,0,0,1,32,0,0.0,0.0,255.0,1,1,0,0,1,1,0,1,0,1,1,1,1,0,1,1,1,1,0,0,1,1,0,0,1,0,1,1,0,0
RoomPractice,12Cup,OP-RP-Allo-PCTB-12CupGrid-G3CloseRightClose-NA-0-NA.yml,GridLikeTasks,1,0,0,1,1,0,Blue,1,Close,Inner,0,3.0,0,0,0,1,16,0,0.0,0.0,255.0,1,1,0,0,1,1,1,1,0,0,1,1,0,1,1,1,1,1,0,0,1,1,0,0,1,1,1,1,0,1
RoomPractice,12Cup,OP-RP-Allo-PCTB-12CupGrid-G3CloseRightFar-NA-0-NA.yml,GridLikeTasks,1,0,0,1,1,0,Blue,1,Far,Inner,0,3.0,0,0,0,1,48,0,0.0,0.0,255.0,1,0,0,0,1,1,1,1,0,1,1,1,0,1,1,1,1,1,0,0,1,1,0,0,1,0,1,1,0,1
RoomPractice,12Cup,OP-RP-Allo-PCTB-12CupGrid-G3CloseRightMid-NA-0-NA.yml,GridLikeTasks,1,0,0,1,1,0,Blue,1,Mid,Inner,0,3.0,0,0,0,1,32,0,0.0,0.0,255.0,1,1,0,0,0,1,1,1,0,1,1,1,0,1,1,1,1,1,0,0,1,1,0,0,1,1,1,1,0,0
RoomPractice,12Cup,OP-RP-Allo-PCTB-12CupGrid-G3FarLeftClose-NA-0-NA.yml,GridLikeTasks,1,0,0,1,1,0,Blue,-1,Close,Outer,0,3.0,0,0,0,1,24,0,0.0,0.0,255.0,1,1,0,0,0,1,1,1,1,1,1,0,1,1,1,1,0,1,0,0,1,1,0,0,1,0,1,0,0,0
RoomPractice,12Cup,OP-RP-Allo-PCTB-12CupGrid-G3FarLeft-G3Far-NA-0-NA.yml,GridLikeTasks,1,0,0,1,1,0,Blue,-1,Far,Outer,0,3.0,0,0,0,1,56,0,0.0,0.0,255.0,1,0,0,0,1,1,1,1,0,1,1,1,1,1,1,1,1,1,0,0,1,1,0,0,1,0,1,1,0,1
RoomPractice,12Cup,OP-RP-Allo-PCTB-12CupGrid-G3FarLeftMid-NA-0-NA.yml,GridLikeTasks,1,0,0,1,1,0,Blue,-1,Mid,Outer,0,3.0,0,0,0,1,40,0,0.0,0.0,255.0,1,0,0,0,1,1,1,1,0,1,1,0,1,1,1,1,1,1,0,0,1,1,0,0,1,1,1,1,0,0
RoomPractice,12Cup,OP-RP-Allo-PCTB-12CupGrid-G3FarRightClose-NA-0-NA.yml,GridLikeTasks,1,0,0,1,1,0,Blue,1,Close,Outer,0,3.0,0,0,0,1,24,0,0.0,0.0,255.0,1,0,0,0,1,1,1,1,0,1,1,1,0,0,1,1,1,1,0,0,1,1,0,0,1,1,1,0,0,0
RoomPractice,12Cup,OP-RP-Allo-PCTB-12CupGrid-G3FarRight-G3Far-NA-0-NA.yml,GridLikeTasks,1,0,0,1,1,0,Blue,1,Far,Outer,0,3.0,0,0,0,1,56,0,0.0,0.0,255.0,1,0,1,0,1,1,1,0,0,1,1,1,0,0,1,1,1,1,0,0,1,0,0,0,1,1,1,1,0,0
RoomPractice,12Cup,OP-RP-Allo-PCTB-12CupGrid-G3FarRightMid-NA-0-NA.yml,GridLikeTasks,1,0,0,1,1,0,Blue,1,Mid,Outer,0,3.0,0,0,0,1,40,0,0.0,0.0,255.0,1,1,0,1,1,1,1,1,0,1,1,1,1,1,1,1,1,1,0,0,1,0,0,0,1,1,1,1,0,0
RoomPractice,12Cup,OP-RP-Allo-PCTB-12CupGrid-G4CloseLeftClose-NA-0-NA.yml,GridLikeTasks,1,0,0,1,1,0,Blue,-1,Close,Inner,0,4.0,0,0,0,1,16,0,0.0,0.0,255.0,1,0,0,0,1,1,1,1,0,1,1,1,1,1,1,1,1,1,0,0,1,1,0,0,1,1,1,1,0,0
RoomPractice,12Cup,OP-RP-Allo-PCTB-12CupGrid-G4CloseLeftFar-NA-0-NA.yml,GridLikeTasks,1,0,0,1,1,0,Blue,-1,Far,Inner,0,4.0,0,0,0,1,48,0,0.0,0.0,255.0,1,1,0,0,1,1,1,1,0,1,1,1,0,1,1,1,1,1,0,0,1,1,0,0,1,1,1,1,0,0
RoomPractice,12Cup,OP-RP-Allo-PCTB-12CupGrid-G4CloseLeftMid-NA-0-NA.yml,GridLikeTasks,1,0,0,1,1,0,Blue,-1,Mid,Inner,0,4.0,0,0,0,1,32,0,0.0,0.0,255.0,1,1,0,0,1,1,1,1,1,1,1,1,1,1,1,1,1,1,0,0,1,1,0,0,1,0,1,0,0,0
RoomPractice,12Cup,OP-RP-Allo-PCTB-12CupGrid-G4CloseRightClose-NA-0-NA.yml,GridLikeTasks,1,0,0,1,1,0,Blue,1,Close,Inner,0,4.0,0,0,0,1,16,0,0.0,0.0,255.0,1,0,0,0,1,1,1,1,0,1,1,1,1,1,1,1,1,1,0,0,1,0,0,0,1,1,1,1,0,0
RoomPractice,12Cup,OP-RP-Allo-PCTB-12CupGrid-G4CloseRightFar-NA-0-NA.yml,GridLikeTasks,1,0,0,1,1,0,Blue,1,Far,Inner,0,4.0,0,0,0,1,48,0,0.0,0.0,255.0,1,0,0,0,0,1,1,1,0,1,1,1,0,1,1,1,1,1,0,0,1,1,0,0,1,1,1,0,0,0
RoomPractice,12Cup,OP-RP-Allo-PCTB-12CupGrid-G4CloseRightMid-NA-0-NA.yml,GridLikeTasks,1,0,0,1,1,0,Blue,1,Mid,Inner,0,4.0,0,0,0,1,32,0,0.0,0.0,255.0,1,1,0,0,1,1,1,1,0,1,1,1,0,0,1,1,1,1,0,0,1,1,0,1,1,1,1,0,0,0
RoomPractice,12Cup,OP-RP-Allo-PCTB-12CupGrid-G4FarLeftClose-NA-0-NA.yml,GridLikeTasks,1,0,0,1,1,0,Blue,-1,Close,Outer,0,4.0,0,0,0,1,24,0,0.0,0.0,255.0,1,0,0,0,0,1,1,1,0,1,1,0,1,1,1,1,1,1,0,0,1,1,0,0,1,0,1,0,0,0
RoomPractice,12Cup,OP-RP-Allo-PCTB-12CupGrid-G4FarLeft-G4Far-NA-0-NA.yml,GridLikeTasks,1,0,0,1,1,0,Blue,-1,Far,Outer,0,4.0,0,0,0,1,56,0,0.0,0.0,255.0,1,0,0,0,1,1,1,1,0,1,1,0,0,1,1,1,1,1,0,0,1,1,0,0,1,1,1,1,0,0
RoomPractice,12Cup,OP-RP-Allo-PCTB-12CupGrid-G4FarLeftMid-NA-0-NA.yml,GridLikeTasks,1,0,0,1,1,0,Blue,-1,Mid,Outer,0,4.0,0,0,0,1,40,0,0.0,0.0,255.0,1,1,0,0,1,1,1,1,1,1,1,1,1,1,1,1,1,1,0,0,1,1,0,0,1,1,1,1,0,0
RoomPractice,12Cup,OP-RP-Allo-PCTB-12CupGrid-G4FarRightClose-NA-0-NA.yml,GridLikeTasks,1,0,0,1,1,0,Blue,1,Close,Outer,0,4.0,0,0,0,1,24,0,0.0,0.0,255.0,1,1,0,0,1,1,1,1,0,1,0,1,0,1,1,1,1,1,0,0,1,1,0,1,1,0,1,1,0,0
RoomPractice,12Cup,OP-RP-Allo-PCTB-12CupGrid-G4FarRight-G4Far-NA-0-NA.yml,GridLikeTasks,1,0,0,1,1,0,Blue,1,Far,Outer,0,4.0,0,0,0,1,56,0,0.0,0.0,255.0,1,0,1,0,0,1,1,1,0,0,1,1,1,1,1,1,1,1,0,1,1,1,0,0,1,1,1,1,0,0
RoomPractice,12Cup,OP-RP-Allo-PCTB-12CupGrid-G4FarRightMid-NA-0-NA.yml,GridLikeTasks,1,0,0,1,1,0,Blue,1,Mid,Outer,0,4.0,0,0,0,1,40,0,0.0,0.0,255.0,1,1,0,0,1,1,1,1,0,0,1,1,1,1,1,1,1,1,0,0,1,1,0,0,1,0,1,1,0,0
RoomPractice,3CupForcedChoice,OP-RP-Allo-PCTB-3CupFCNoW-1G0.5LClose-NA-0-OpLava.yml,3CupLikeTasks,1,0,1,0,1,0,,-1,,,0,0.5,1,0,0,1,23,0,,,,1,1,0,0,1,0,1,1,0,0,0,0,1,0,1,1,1,1,0,0,0,0,1,1,0,0,1,1,1,1
RoomPractice,3CupForcedChoice,OP-RP-Allo-PCTB-3CupFCNoW-1G0.5LClose-NA-0-OPQ.yml,3CupLikeTasks,1,0,0,0,1,0,,-1,,,0,0.5,1,0,0,1,23,0,,,,1,0,0,0,1,1,1,1,0,1,0,0,1,0,1,1,1,1,0,0,0,0,1,1,0,0,1,1,1,1
RoomPractice,3CupForcedChoice,OP-RP-Allo-PCTB-3CupFCNoW-1G0.5LFar-NA-0-OpLava.yml,3CupLikeTasks,1,0,1,0,1,0,,-1,,,0,0.5,1,0,0,1,33,0,,,,1,0,0,0,1,0,1,1,0,0,0,1,1,0,1,1,1,0,0,0,0,0,1,1,0,0,1,1,1,0
RoomPractice,3CupForcedChoice,OP-RP-Allo-PCTB-3CupFCNoW-1G0.5LFar-NA-0-OPQ.yml,3CupLikeTasks,1,0,0,0,1,0,,-1,,,0,0.5,1,0,0,1,33,0,,,,1,1,0,0,0,1,1,1,0,1,0,0,1,0,1,1,1,1,0,0,0,0,1,0,0,0,1,1,1,1
RoomPractice,3CupForcedChoice,OP-RP-Allo-PCTB-3CupFCNoW-1G0.5MClose-NA-0-OpLava.yml,3CupLikeTasks,1,0,1,0,1,0,,0,,,0,0.5,1,0,0,1,23,0,,,,1,0,0,0,1,0,1,1,0,1,0,1,1,1,1,1,0,1,0,0,0,0,1,1,0,0,1,1,1,1
RoomPractice,3CupForcedChoice,OP-RP-Allo-PCTB-3CupFCNoW-1G0.5MClose-NA-0-OPQ.yml,3CupLikeTasks,1,0,0,0,1,0,,0,,,0,0.5,1,0,0,1,23,0,,,,1,0,0,0,1,1,1,1,0,1,1,0,0,1,1,1,1,1,0,0,0,1,1,1,0,0,1,1,1,0
RoomPractice,3CupForcedChoice,OP-RP-Allo-PCTB-3CupFCNoW-1G0.5MFar-NA-0-OpLava.yml,3CupLikeTasks,1,0,1,0,1,0,,0,,,0,0.5,1,0,0,1,33,0,,,,1,0,0,0,1,0,1,1,0,0,0,0,1,1,1,1,1,1,0,0,0,0,1,1,0,0,1,1,1,0
RoomPractice,3CupForcedChoice,OP-RP-Allo-PCTB-3CupFCNoW-1G0.5MFar-NA-0-OPQ.yml,3CupLikeTasks,1,0,0,0,1,0,,0,,,0,0.5,1,0,0,1,33,0,,,,1,0,0,0,1,1,1,1,0,1,0,0,1,1,1,1,0,1,0,0,0,1,1,1,0,0,1,0,1,1
RoomPractice,3CupForcedChoice,OP-RP-Allo-PCTB-3CupFCNoW-1G0.5RClose-NA-0-OpLava.yml,3CupLikeTasks,1,0,1,0,1,0,,1,,,0,0.5,1,0,0,1,23,0,,,,1,0,0,0,1,1,1,1,0,1,1,1,0,0,1,1,1,1,0,1,0,0,1,1,0,0,1,1,1,1
RoomPractice,3CupForcedChoice,OP-RP-Allo-PCTB-3CupFCNoW-1G0.5RClose-NA-0-OPQ.yml,3CupLikeTasks,1,0,0,0,1,0,,1,,,0,0.5,1,0,0,1,23,0,,,,1,1,0,0,1,1,1,1,0,1,1,1,0,1,1,0,1,1,0,1,0,0,1,1,0,0,1,0,1,1
RoomPractice,3CupForcedChoice,OP-RP-Allo-PCTB-3CupFCNoW-1G0.5RFar-NA-0-OpLava.yml,3CupLikeTasks,1,0,1,0,1,0,,1,,,0,0.5,1,0,0,1,33,0,,,,1,1,0,0,1,0,1,1,0,0,0,1,1,1,1,1,1,1,0,0,0,0,1,1,0,0,1,1,1,1
RoomPractice,3CupForcedChoice,OP-RP-Allo-PCTB-3CupFCNoW-1G0.5RFar-NA-0-OPQ.yml,3CupLikeTasks,1,0,0,0,1,0,,1,,,0,0.5,1,0,0,1,33,0,,,,1,0,0,0,1,1,1,1,0,0,0,1,0,1,1,1,1,1,0,0,0,0,1,1,0,0,1,1,1,1
RoomPractice,3CupForcedChoice,OP-RP-Allo-PCTB-3CupFCNoW-1G1LClose-NA-0-OpLava.yml,3CupLikeTasks,1,0,1,0,1,0,,-1,,,0,1.0,1,0,0,1,23,0,,,,1,0,0,0,1,0,1,1,0,1,0,0,1,1,1,1,1,1,0,0,0,0,1,1,0,0,1,0,1,0
RoomPractice,3CupForcedChoice,OP-RP-Allo-PCTB-3CupFCNoW-1G1LClose-NA-0-OPQ.yml,3CupLikeTasks,1,0,0,0,1,0,,-1,,,0,1.0,1,0,0,1,23,0,,,,1,1,0,0,1,1,1,1,0,1,0,0,1,1,1,1,1,1,0,0,0,0,1,1,0,0,1,1,1,1
RoomPractice,3CupForcedChoice,OP-RP-Allo-PCTB-3CupFCNoW-1G1LFar-NA-0-OpLava.yml,3CupLikeTasks,1,0,1,0,1,0,,-1,,,0,1.0,1,0,0,1,33,0,,,,1,0,0,0,1,0,1,1,0,0,0,0,1,1,1,1,1,1,0,0,0,1,1,1,0,0,1,1,1,1
RoomPractice,3CupForcedChoice,OP-RP-Allo-PCTB-3CupFCNoW-1G1LFar-NA-0-OPQ.yml,3CupLikeTasks,1,0,0,0,1,0,,-1,,,0,1.0,1,0,0,1,33,0,,,,1,1,1,0,1,1,1,1,0,1,1,0,1,0,1,1,1,1,0,0,0,0,1,1,0,0,1,1,1,1
RoomPractice,3CupForcedChoice,OP-RP-Allo-PCTB-3CupFCNoW-1G1MClose-NA-0-OpLava.yml,3CupLikeTasks,1,0,1,0,1,0,,0,,,0,1.0,1,0,0,1,23,0,,,,1,1,0,0,1,0,1,1,0,0,1,0,0,1,1,1,1,1,0,0,0,0,1,1,0,0,1,1,1,1
RoomPractice,3CupForcedChoice,OP-RP-Allo-PCTB-3CupFCNoW-1G1MClose-NA-0-OPQ.yml,3CupLikeTasks,1,0,0,0,1,0,,0,,,0,1.0,1,0,0,1,23,0,,,,1,0,0,0,1,1,0,1,0,1,1,1,1,1,1,1,1,1,0,0,0,0,1,1,0,0,1,0,1,1
RoomPractice,3CupForcedChoice,OP-RP-Allo-PCTB-3CupFCNoW-1G1MFar-NA-0-OpLava.yml,3CupLikeTasks,1,0,1,0,1,0,,0,,,0,1.0,1,0,0,1,33,0,,,,1,0,0,0,1,0,1,1,0,1,0,0,1,0,1,1,0,1,0,0,0,0,1,1,0,0,1,1,1,0
RoomPractice,3CupForcedChoice,OP-RP-Allo-PCTB-3CupFCNoW-1G1MFar-NA-0-OPQ.yml,3CupLikeTasks,1,0,0,0,1,0,,0,,,0,1.0,1,0,0,1,33,0,,,,1,0,1,0,1,1,1,1,0,1,0,1,1,0,1,0,1,1,0,0,0,0,1,1,0,0,1,1,1,0
RoomPractice,3CupForcedChoice,OP-RP-Allo-PCTB-3CupFCNoW-1G1RClose-NA-0-OpLava.yml,3CupLikeTasks,1,0,1,0,1,0,,1,,,0,1.0,1,0,0,1,23,0,,,,1,0,1,0,0,0,1,1,0,0,1,1,0,1,1,1,1,0,0,0,0,0,1,1,0,0,1,1,1,1
RoomPractice,3CupForcedChoice,OP-RP-Allo-PCTB-3CupFCNoW-1G1RClose-NA-0-OPQ.yml,3CupLikeTasks,1,0,0,0,1,0,,1,,,0,1.0,1,0,0,1,23,0,,,,1,1,0,0,1,1,1,1,0,1,1,1,0,1,1,1,1,1,0,0,0,0,1,0,0,0,1,1,1,1
RoomPractice,3CupForcedChoice,OP-RP-Allo-PCTB-3CupFCNoW-1G1RFar-NA-0-OpLava.yml,3CupLikeTasks,1,0,1,0,1,0,,1,,,0,1.0,1,0,0,1,33,0,,,,1,0,0,0,1,0,1,1,0,0,0,1,0,1,1,1,1,1,0,0,0,0,1,1,0,0,1,0,1,1
RoomPractice,3CupForcedChoice,OP-RP-Allo-PCTB-3CupFCNoW-1G1RFar-NA-0-OPQ.yml,3CupLikeTasks,1,0,0,0,1,0,,1,,,0,1.0,1,0,0,1,33,0,,,,1,0,0,0,1,1,1,1,0,1,1,1,1,1,1,1,1,1,0,0,0,0,1,0,0,0,1,0,1,1
RoomPractice,3CupForcedChoice,OP-RP-Allo-PCTB-3CupFCNoW-1G2.5LClose-NA-0-OpLava.yml,3CupLikeTasks,1,0,1,0,1,0,,-1,,,0,2.5,1,0,0,1,23,0,,,,1,1,0,0,1,1,1,1,0,0,1,1,1,1,1,1,1,1,0,0,0,1,1,1,0,0,1,1,1,1
RoomPractice,3CupForcedChoice,OP-RP-Allo-PCTB-3CupFCNoW-1G2.5LClose-NA-0-OPQ.yml,3CupLikeTasks,1,0,0,0,1,0,,-1,,,0,2.5,1,0,0,1,23,0,,,,1,1,0,0,1,1,1,1,0,1,1,1,1,1,1,1,1,1,0,1,0,0,1,1,0,0,1,1,1,1
RoomPractice,3CupForcedChoice,OP-RP-Allo-PCTB-3CupFCNoW-1G2.5LFar-NA-0-OpLava.yml,3CupLikeTasks,1,0,1,0,1,0,,-1,,,0,2.5,1,0,0,1,33,0,,,,1,0,0,0,1,0,1,1,1,0,1,1,1,1,1,1,1,1,0,0,0,0,1,1,0,0,1,1,1,1
RoomPractice,3CupForcedChoice,OP-RP-Allo-PCTB-3CupFCNoW-1G2.5LFar-NA-0-OPQ.yml,3CupLikeTasks,1,0,0,0,1,0,,-1,,,0,2.5,1,0,0,1,33,0,,,,1,1,0,0,1,1,1,1,0,1,1,1,1,0,1,1,1,1,0,0,0,0,1,0,0,0,1,1,1,1
RoomPractice,3CupForcedChoice,OP-RP-Allo-PCTB-3CupFCNoW-1G2.5MClose-NA-0-OpLava.yml,3CupLikeTasks,1,0,1,0,1,0,,0,,,0,2.5,1,0,0,1,23,0,,,,1,0,0,0,1,0,1,1,0,1,0,1,1,1,1,1,1,1,0,0,0,0,1,0,0,0,1,1,1,1
RoomPractice,3CupForcedChoice,OP-RP-Allo-PCTB-3CupFCNoW-1G2.5MClose-NA-0-OPQ.yml,3CupLikeTasks,1,0,0,0,1,0,,0,,,0,2.5,1,0,0,1,23,0,,,,1,0,0,0,1,1,1,1,0,1,1,1,0,1,1,1,1,1,0,0,0,0,1,1,0,1,1,1,1,1
RoomPractice,3CupForcedChoice,OP-RP-Allo-PCTB-3CupFCNoW-1G2.5MFar-NA-0-OpLava.yml,3CupLikeTasks,1,0,1,0,1,0,,0,,,0,2.5,1,0,0,1,33,0,,,,1,0,0,0,1,0,1,1,0,1,1,1,0,0,1,1,1,1,0,0,0,0,1,1,0,0,1,1,1,1
RoomPractice,3CupForcedChoice,OP-RP-Allo-PCTB-3CupFCNoW-1G2.5MFar-NA-0-OPQ.yml,3CupLikeTasks,1,0,0,0,1,0,,0,,,0,2.5,1,0,0,1,33,0,,,,1,0,0,0,1,0,1,1,0,1,1,0,1,0,1,1,1,1,0,0,0,0,1,0,0,0,1,0,1,1
RoomPractice,3CupForcedChoice,OP-RP-Allo-PCTB-3CupFCNoW-1G2.5RClose-NA-0-OpLava.yml,3CupLikeTasks,1,0,1,0,1,0,,1,,,0,2.5,1,0,0,1,23,0,,,,1,0,0,0,1,0,1,1,0,1,0,1,0,1,1,1,1,1,0,0,0,0,1,1,0,0,1,0,1,1
RoomPractice,3CupForcedChoice,OP-RP-Allo-PCTB-3CupFCNoW-1G2.5RClose-NA-0-OPQ.yml,3CupLikeTasks,1,0,0,0,1,0,,1,,,0,2.5,1,0,0,1,23,0,,,,1,1,0,0,1,1,1,1,0,1,1,1,0,0,1,1,1,1,0,0,0,0,1,1,0,0,1,1,1,1
RoomPractice,3CupForcedChoice,OP-RP-Allo-PCTB-3CupFCNoW-1G2.5RFar-NA-0-OpLava.yml,3CupLikeTasks,1,0,1,0,1,0,,1,,,0,2.5,1,0,0,1,33,0,,,,1,1,0,0,1,0,1,1,1,0,1,1,1,1,1,1,1,1,0,0,0,1,1,1,0,0,1,1,1,1
RoomPractice,3CupForcedChoice,OP-RP-Allo-PCTB-3CupFCNoW-1G2.5RFar-NA-0-OPQ.yml,3CupLikeTasks,1,0,0,0,1,0,,1,,,0,2.5,1,0,0,1,33,0,,,,1,0,0,1,1,1,1,1,1,1,1,1,1,0,1,1,1,1,0,0,0,0,1,1,0,0,1,1,1,1
RoomPractice,3CupForcedChoice,OP-RP-Allo-PCTB-3CupFCNoW-1G2LClose-NA-0-OpLava.yml,3CupLikeTasks,1,0,1,0,1,0,,-1,,,0,2.0,1,0,0,1,23,0,,,,1,0,0,0,1,0,1,1,0,0,0,1,1,1,1,1,1,1,0,0,0,1,1,0,0,0,1,1,1,1
RoomPractice,3CupForcedChoice,OP-RP-Allo-PCTB-3CupFCNoW-1G2LClose-NA-0-OPQ.yml,3CupLikeTasks,1,0,0,0,1,0,,-1,,,0,2.0,1,0,0,1,23,0,,,,1,0,0,0,1,1,1,1,0,1,1,0,1,1,1,1,1,1,0,0,0,0,1,0,0,0,1,1,1,0
RoomPractice,3CupForcedChoice,OP-RP-Allo-PCTB-3CupFCNoW-1G2LFar-NA-0-OpLava.yml,3CupLikeTasks,1,0,1,0,1,0,,-1,,,0,2.0,1,0,0,1,33,0,,,,1,1,0,0,1,0,1,1,0,0,0,0,1,1,1,1,1,1,0,0,0,0,1,0,0,0,1,0,1,1
RoomPractice,3CupForcedChoice,OP-RP-Allo-PCTB-3CupFCNoW-1G2LFar-NA-0-OPQ.yml,3CupLikeTasks,1,0,0,0,1,0,,-1,,,0,2.0,1,0,0,1,33,0,,,,1,1,0,0,0,1,1,1,0,1,0,0,1,0,1,1,1,1,0,0,0,0,1,1,0,0,1,1,1,0
RoomPractice,3CupForcedChoice,OP-RP-Allo-PCTB-3CupFCNoW-1G2MClose-NA-0-OpLava.yml,3CupLikeTasks,1,0,1,0,1,0,,0,,,0,2.0,1,0,0,1,23,0,,,,1,1,0,0,1,0,1,1,1,1,0,0,0,1,1,1,1,1,0,0,0,0,1,1,0,1,1,1,1,1
RoomPractice,3CupForcedChoice,OP-RP-Allo-PCTB-3CupFCNoW-1G2MClose-NA-0-OPQ.yml,3CupLikeTasks,1,0,0,0,1,0,,0,,,0,2.0,1,0,0,1,23,0,,,,1,0,0,0,1,1,0,1,0,1,1,0,1,0,1,1,1,1,0,0,0,0,1,1,0,0,1,1,1,1
RoomPractice,3CupForcedChoice,OP-RP-Allo-PCTB-3CupFCNoW-1G2MFar-NA-0-OpLava.yml,3CupLikeTasks,1,0,1,0,1,0,,0,,,0,2.0,1,0,0,1,33,0,,,,1,1,0,0,1,0,1,1,0,1,1,1,1,1,1,0,1,1,0,0,0,0,1,1,0,0,1,1,1,1
RoomPractice,3CupForcedChoice,OP-RP-Allo-PCTB-3CupFCNoW-1G2MFar-NA-0-OPQ.yml,3CupLikeTasks,1,0,0,0,1,0,,0,,,0,2.0,1,0,0,1,33,0,,,,1,1,0,0,1,1,1,1,1,1,0,0,1,0,1,1,1,1,0,1,0,1,1,0,0,1,1,1,1,0
RoomPractice,3CupForcedChoice,OP-RP-Allo-PCTB-3CupFCNoW-1G2RClose-NA-0-OpLava.yml,3CupLikeTasks,1,0,1,0,1,0,,1,,,0,2.0,1,0,0,1,23,0,,,,1,0,0,0,0,0,1,1,0,1,1,1,0,0,1,1,1,1,0,0,0,0,1,1,0,0,1,0,1,1
RoomPractice,3CupForcedChoice,OP-RP-Allo-PCTB-3CupFCNoW-1G2RClose-NA-0-OPQ.yml,3CupLikeTasks,1,0,0,0,1,0,,1,,,0,2.0,1,0,0,1,23,0,,,,1,1,0,0,1,1,1,1,0,0,1,1,0,0,1,1,1,1,0,0,0,0,1,1,0,0,1,0,1,1
RoomPractice,3CupForcedChoice,OP-RP-Allo-PCTB-3CupFCNoW-1G2RFar-NA-0-OpLava.yml,3CupLikeTasks,1,0,1,0,1,0,,1,,,0,2.0,1,0,0,1,33,0,,,,1,1,0,0,1,0,1,1,0,0,0,1,0,0,1,1,1,1,0,0,0,0,1,1,0,0,1,1,1,1
RoomPractice,3CupForcedChoice,OP-RP-Allo-PCTB-3CupFCNoW-1G2RFar-NA-0-OPQ.yml,3CupLikeTasks,1,0,0,0,1,0,,1,,,0,2.0,1,0,0,1,33,0,,,,1,0,0,0,1,1,1,1,0,1,0,1,0,1,1,1,1,1,0,0,0,0,1,1,0,1,1,1,1,1
RoomPractice,3CupForcedChoice,OP-RP-Allo-PCTB-3CupFCNoW-1G3LClose-NA-0-OpLava.yml,3CupLikeTasks,1,0,1,0,1,0,,-1,,,0,3.0,1,0,0,1,23,0,,,,1,0,0,0,1,0,1,1,0,0,1,0,1,0,1,1,1,1,0,1,0,0,1,1,0,0,1,0,1,1
RoomPractice,3CupForcedChoice,OP-RP-Allo-PCTB-3CupFCNoW-1G3LClose-NA-0-OPQ.yml,3CupLikeTasks,1,0,0,0,1,0,,-1,,,0,3.0,1,0,0,1,23,0,,,,1,0,0,0,1,1,1,1,0,1,0,0,1,0,1,1,1,1,0,0,0,0,1,0,0,0,1,1,1,1
RoomPractice,3CupForcedChoice,OP-RP-Allo-PCTB-3CupFCNoW-1G3LFar-NA-0-OpLava.yml,3CupLikeTasks,1,0,1,0,1,0,,-1,,,0,3.0,1,0,0,1,33,0,,,,1,0,0,0,1,0,1,1,0,0,1,0,1,1,1,1,1,1,0,0,0,0,1,1,0,0,1,0,1,0
RoomPractice,3CupForcedChoice,OP-RP-Allo-PCTB-3CupFCNoW-1G3LFar-NA-0-OPQ.yml,3CupLikeTasks,1,0,0,0,1,0,,-1,,,0,3.0,1,0,0,1,33,0,,,,1,0,0,0,1,1,0,1,0,1,1,0,1,0,1,0,1,1,0,1,0,0,1,1,0,0,1,1,1,1
RoomPractice,3CupForcedChoice,OP-RP-Allo-PCTB-3CupFCNoW-1G3MClose-NA-0-OpLava.yml,3CupLikeTasks,1,0,1,0,1,0,,0,,,0,3.0,1,0,0,1,23,0,,,,1,0,0,0,1,0,1,1,0,1,0,0,1,1,1,1,1,1,0,0,0,0,1,1,0,0,1,1,1,1
RoomPractice,3CupForcedChoice,OP-RP-Allo-PCTB-3CupFCNoW-1G3MClose-NA-0-OPQ.yml,3CupLikeTasks,1,0,0,0,1,0,,0,,,0,3.0,1,0,0,1,23,0,,,,1,0,0,0,1,1,1,1,0,1,1,1,0,1,1,1,1,1,0,0,0,0,1,1,0,0,1,0,1,0
RoomPractice,3CupForcedChoice,OP-RP-Allo-PCTB-3CupFCNoW-1G3MFar-NA-0-OpLava.yml,3CupLikeTasks,1,0,1,0,1,0,,0,,,0,3.0,1,0,0,1,33,0,,,,1,0,0,0,1,0,1,0,0,0,1,0,0,0,1,1,1,1,0,0,0,1,1,0,0,0,1,1,1,0
RoomPractice,3CupForcedChoice,OP-RP-Allo-PCTB-3CupFCNoW-1G3MFar-NA-0-OPQ.yml,3CupLikeTasks,1,0,0,0,1,0,,0,,,0,3.0,1,0,0,1,33,0,,,,1,1,0,0,0,0,1,1,0,1,1,1,1,0,1,0,1,1,0,0,0,0,1,1,0,0,1,1,1,1
RoomPractice,3CupForcedChoice,OP-RP-Allo-PCTB-3CupFCNoW-1G3RClose-NA-0-OpLava.yml,3CupLikeTasks,1,0,1,0,1,0,,1,,,0,3.0,1,0,0,1,23,0,,,,1,0,0,0,1,0,1,1,0,0,1,0,0,0,1,1,1,1,0,0,0,0,1,0,0,0,1,0,1,1
RoomPractice,3CupForcedChoice,OP-RP-Allo-PCTB-3CupFCNoW-1G3RClose-NA-0-OPQ.yml,3CupLikeTasks,1,0,0,0,1,0,,1,,,0,3.0,1,0,0,1,23,0,,,,1,0,0,0,1,1,1,1,0,1,1,1,0,1,1,1,1,1,0,0,0,0,1,1,0,0,1,1,1,1
RoomPractice,3CupForcedChoice,OP-RP-Allo-PCTB-3CupFCNoW-1G3RFar-NA-0-OpLava.yml,3CupLikeTasks,1,0,1,0,1,0,,1,,,0,3.0,1,0,0,1,33,0,,,,1,0,0,0,1,0,1,1,0,0,1,1,0,1,1,1,1,1,0,0,0,0,1,1,0,0,1,1,1,1
RoomPractice,3CupForcedChoice,OP-RP-Allo-PCTB-3CupFCNoW-1G3RFar-NA-0-OPQ.yml,3CupLikeTasks,1,0,0,0,1,0,,1,,,0,3.0,1,0,0,1,33,0,,,,1,1,0,0,1,1,1,1,0,1,1,1,0,1,1,1,1,0,0,0,0,0,1,1,0,0,1,1,1,1
RoomPractice,3CupForcedChoice,OP-RP-Allo-PCTB-3CupFCTrans-1G0.5LClose-NA-0-OpLava.yml,3CupLikeTasks,1,0,1,0,1,0,,-1,,,0,0.5,1,0,0,1,23,0,,,,1,0,0,0,1,0,1,1,1,0,0,1,1,1,1,1,1,1,0,0,0,0,1,0,0,0,1,0,1,1
RoomPractice,3CupForcedChoice,OP-RP-Allo-PCTB-3CupFCTrans-1G0.5LClose-NA-0-OPQ.yml,3CupLikeTasks,1,0,0,0,1,0,,-1,,,0,0.5,1,0,0,1,23,0,,,,1,1,0,0,1,1,1,1,0,1,0,0,1,1,1,1,1,1,0,0,0,0,1,1,0,0,1,1,1,1
RoomPractice,3CupForcedChoice,OP-RP-Allo-PCTB-3CupFCTrans-1G0.5LFar-NA-0-OpLava.yml,3CupLikeTasks,1,0,1,0,1,0,,-1,,,0,0.5,1,0,0,1,33,0,,,,1,0,0,0,1,0,1,1,0,0,0,0,1,1,1,1,1,1,0,1,0,0,1,0,0,0,1,1,1,1
RoomPractice,3CupForcedChoice,OP-RP-Allo-PCTB-3CupFCTrans-1G0.5LFar-NA-0-OPQ.yml,3CupLikeTasks,1,0,0,0,1,0,,-1,,,0,0.5,1,0,0,1,33,0,,,,1,0,0,0,0,1,1,0,0,1,0,0,1,1,1,1,1,1,0,0,0,0,1,1,0,0,1,0,1,0
RoomPractice,3CupForcedChoice,OP-RP-Allo-PCTB-3CupFCTrans-1G0.5MClose-NA-0-OpLava.yml,3CupLikeTasks,1,0,1,0,1,0,,0,,,0,0.5,1,0,0,1,23,0,,,,1,1,0,0,1,0,0,1,0,0,0,0,1,1,1,1,1,1,0,0,0,1,1,1,0,0,1,0,1,1
RoomPractice,3CupForcedChoice,OP-RP-Allo-PCTB-3CupFCTrans-1G0.5MClose-NA-0-OPQ.yml,3CupLikeTasks,1,0,0,0,1,0,,0,,,0,0.5,1,0,0,1,23,0,,,,1,0,0,0,1,1,1,1,0,0,0,0,0,0,1,1,1,1,0,0,0,0,1,1,0,0,1,1,1,1
RoomPractice,3CupForcedChoice,OP-RP-Allo-PCTB-3CupFCTrans-1G0.5MFar-NA-0-OpLava.yml,3CupLikeTasks,1,0,1,0,1,0,,0,,,0,0.5,1,0,0,1,33,0,,,,1,1,0,0,1,0,1,0,0,1,0,1,1,1,1,1,1,1,0,0,0,0,1,1,0,0,1,0,1,0
RoomPractice,3CupForcedChoice,OP-RP-Allo-PCTB-3CupFCTrans-1G0.5MFar-NA-0-OPQ.yml,3CupLikeTasks,1,0,0,0,1,0,,0,,,0,0.5,1,0,0,1,33,0,,,,1,1,0,0,0,1,1,1,0,1,0,1,1,0,1,1,1,1,0,1,0,0,1,0,0,0,1,1,1,1
RoomPractice,3CupForcedChoice,OP-RP-Allo-PCTB-3CupFCTrans-1G0.5RClose-NA-0-OpLava.yml,3CupLikeTasks,1,0,1,0,1,0,,1,,,0,0.5,1,0,0,1,23,0,,,,1,1,0,1,1,1,1,1,0,1,0,1,0,1,1,1,1,1,0,0,0,0,1,1,0,0,1,1,1,1
RoomPractice,3CupForcedChoice,OP-RP-Allo-PCTB-3CupFCTrans-1G0.5RClose-NA-0-OPQ.yml,3CupLikeTasks,1,0,0,0,1,0,,1,,,0,0.5,1,0,0,1,23,0,,,,1,0,0,0,1,1,1,1,0,1,0,1,1,0,1,1,1,1,0,0,0,0,1,0,0,0,1,0,1,1
RoomPractice,3CupForcedChoice,OP-RP-Allo-PCTB-3CupFCTrans-1G0.5RFar-NA-0-OpLava.yml,3CupLikeTasks,1,0,1,0,1,0,,1,,,0,0.5,1,0,0,1,33,0,,,,1,1,0,0,1,0,1,1,0,0,0,1,1,1,1,1,1,1,0,0,0,0,1,1,0,0,1,1,1,1
RoomPractice,3CupForcedChoice,OP-RP-Allo-PCTB-3CupFCTrans-1G0.5RFar-NA-0-OPQ.yml,3CupLikeTasks,1,0,0,0,1,0,,1,,,0,0.5,1,0,0,1,33,0,,,,1,0,1,0,1,1,1,1,0,1,0,1,0,0,1,1,1,1,0,0,0,0,1,1,0,0,1,0,1,0
RoomPractice,3CupForcedChoice,OP-RP-Allo-PCTB-3CupFCTrans-1G1LClose-NA-0-OpLava.yml,3CupLikeTasks,1,0,1,0,1,0,,-1,,,0,1.0,1,0,0,1,23,0,,,,1,0,0,0,1,0,1,1,0,0,0,1,1,1,1,1,1,1,0,1,0,0,1,1,0,0,1,1,1,0
RoomPractice,3CupForcedChoice,OP-RP-Allo-PCTB-3CupFCTrans-1G1LClose-NA-0-OPQ.yml,3CupLikeTasks,1,0,0,0,1,0,,-1,,,0,1.0,1,0,0,1,23,0,,,,1,0,0,0,1,1,1,1,0,1,0,0,1,0,1,1,1,1,0,1,0,0,1,0,0,0,1,1,1,0
RoomPractice,3CupForcedChoice,OP-RP-Allo-PCTB-3CupFCTrans-1G1LFar-NA-0-OpLava.yml,3CupLikeTasks,1,0,1,0,1,0,,-1,,,0,1.0,1,0,0,1,33,0,,,,1,0,0,0,1,0,1,1,0,1,0,0,1,1,1,1,1,1,0,0,0,0,1,1,0,0,1,1,1,0
RoomPractice,3CupForcedChoice,OP-RP-Allo-PCTB-3CupFCTrans-1G1LFar-NA-0-OPQ.yml,3CupLikeTasks,1,0,0,0,1,0,,-1,,,0,1.0,1,0,0,1,33,0,,,,1,1,1,0,1,1,1,1,0,0,0,0,1,1,1,1,1,1,0,0,0,0,1,0,0,0,1,0,1,1
RoomPractice,3CupForcedChoice,OP-RP-Allo-PCTB-3CupFCTrans-1G1MClose-NA-0-OpLava.yml,3CupLikeTasks,1,0,1,0,1,0,,0,,,0,1.0,1,0,0,1,23,0,,,,1,1,0,1,1,0,1,1,0,0,0,1,1,0,1,1,1,1,0,0,0,1,1,1,0,1,1,1,1,0
RoomPractice,3CupForcedChoice,OP-RP-Allo-PCTB-3CupFCTrans-1G1MClose-NA-0-OPQ.yml,3CupLikeTasks,1,0,0,0,1,0,,0,,,0,1.0,1,0,0,1,23,0,,,,1,1,0,0,1,1,1,1,1,1,0,1,0,1,1,1,1,1,0,0,0,1,1,1,0,0,1,1,1,1
RoomPractice,3CupForcedChoice,OP-RP-Allo-PCTB-3CupFCTrans-1G1MFar-NA-0-OpLava.yml,3CupLikeTasks,1,0,1,0,1,0,,0,,,0,1.0,1,0,0,1,33,0,,,,1,1,0,0,1,0,0,1,0,1,1,1,1,0,1,1,1,1,0,0,0,0,1,0,0,0,1,1,1,0
RoomPractice,3CupForcedChoice,OP-RP-Allo-PCTB-3CupFCTrans-1G1MFar-NA-0-OPQ.yml,3CupLikeTasks,1,0,0,0,1,0,,0,,,0,1.0,1,0,0,1,33,0,,,,1,0,0,0,1,1,1,1,0,0,0,1,1,0,1,1,1,1,0,0,0,0,1,1,0,0,1,0,1,1
RoomPractice,3CupForcedChoice,OP-RP-Allo-PCTB-3CupFCTrans-1G1RClose-NA-0-OpLava.yml,3CupLikeTasks,1,0,1,0,1,0,,1,,,0,1.0,1,0,0,1,23,0,,,,1,0,1,0,1,1,1,1,0,0,0,1,0,0,1,1,1,1,0,0,0,0,1,1,0,0,1,1,1,1
RoomPractice,3CupForcedChoice,OP-RP-Allo-PCTB-3CupFCTrans-1G1RClose-NA-0-OPQ.yml,3CupLikeTasks,1,0,0,0,1,0,,1,,,0,1.0,1,0,0,1,23,0,,,,1,0,0,0,0,1,1,1,0,1,0,1,0,0,1,1,1,1,0,0,0,0,1,1,0,0,1,0,1,1
RoomPractice,3CupForcedChoice,OP-RP-Allo-PCTB-3CupFCTrans-1G1RFar-NA-0-OpLava.yml,3CupLikeTasks,1,0,1,0,1,0,,1,,,0,1.0,1,0,0,1,33,0,,,,1,0,0,0,1,0,1,1,0,0,0,1,1,0,1,1,1,1,0,0,0,0,1,1,0,0,1,1,1,1
RoomPractice,3CupForcedChoice,OP-RP-Allo-PCTB-3CupFCTrans-1G1RFar-NA-0-OPQ.yml,3CupLikeTasks,1,0,0,0,1,0,,1,,,0,1.0,1,0,0,1,33,0,,,,1,1,0,0,0,1,1,1,0,1,0,1,0,1,1,1,1,1,0,1,0,0,1,0,0,0,1,1,1,0
RoomPractice,3CupForcedChoice,OP-RP-Allo-PCTB-3CupFCTrans-1G2.5LClose-NA-0-OpLava.yml,3CupLikeTasks,1,0,1,0,1,0,,-1,,,0,2.5,1,0,0,1,23,0,,,,1,0,0,0,0,1,1,1,0,0,1,1,1,1,1,1,1,1,0,0,0,0,1,1,0,0,1,1,1,0
RoomPractice,3CupForcedChoice,OP-RP-Allo-PCTB-3CupFCTrans-1G2.5LClose-NA-0-OPQ.yml,3CupLikeTasks,1,0,0,0,1,0,,-1,,,0,2.5,1,0,0,1,23,0,,,,1,0,1,0,1,1,1,0,0,0,1,0,1,1,1,1,1,1,0,0,0,0,1,1,0,0,1,1,1,1
RoomPractice,3CupForcedChoice,OP-RP-Allo-PCTB-3CupFCTrans-1G2.5LFar-NA-0-OpLava.yml,3CupLikeTasks,1,0,1,0,1,0,,-1,,,0,2.5,1,0,0,1,33,0,,,,1,1,0,0,1,0,1,1,1,0,0,0,1,1,1,1,1,0,0,0,0,0,1,1,0,0,1,0,1,1
RoomPractice,3CupForcedChoice,OP-RP-Allo-PCTB-3CupFCTrans-1G2.5LFar-NA-0-OPQ.yml,3CupLikeTasks,1,0,0,0,1,0,,-1,,,0,2.5,1,0,0,1,33,0,,,,1,1,0,0,1,1,1,1,0,1,1,1,1,1,1,1,1,1,0,1,0,0,1,1,0,0,1,1,1,1
RoomPractice,3CupForcedChoice,OP-RP-Allo-PCTB-3CupFCTrans-1G2.5MClose-NA-0-OpLava.yml,3CupLikeTasks,1,0,1,0,1,0,,0,,,0,2.5,1,0,0,1,23,0,,,,1,1,1,0,1,0,1,0,0,0,1,0,1,0,1,1,1,1,0,0,0,1,1,0,0,0,1,1,1,1
RoomPractice,3CupForcedChoice,OP-RP-Allo-PCTB-3CupFCTrans-1G2.5MClose-NA-0-OPQ.yml,3CupLikeTasks,1,0,0,0,1,0,,0,,,0,2.5,1,0,0,1,23,0,,,,1,0,0,0,1,1,1,1,0,1,1,0,1,1,1,1,1,1,0,0,0,0,1,1,0,0,1,1,1,1
RoomPractice,3CupForcedChoice,OP-RP-Allo-PCTB-3CupFCTrans-1G2.5MFar-NA-0-OpLava.yml,3CupLikeTasks,1,0,1,0,1,0,,0,,,0,2.5,1,0,0,1,33,0,,,,1,1,0,0,0,0,1,1,0,0,1,0,1,1,1,1,1,1,0,0,0,1,1,1,0,0,1,1,1,1
RoomPractice,3CupForcedChoice,OP-RP-Allo-PCTB-3CupFCTrans-1G2.5MFar-NA-0-OPQ.yml,3CupLikeTasks,1,0,0,0,1,0,,0,,,0,2.5,1,0,0,1,33,0,,,,1,0,0,0,1,1,1,1,0,1,0,1,1,0,1,1,1,1,0,0,0,0,1,0,0,0,1,1,1,0
RoomPractice,3CupForcedChoice,OP-RP-Allo-PCTB-3CupFCTrans-1G2.5RClose-NA-0-OpLava.yml,3CupLikeTasks,1,0,1,0,1,0,,1,,,0,2.5,1,0,0,1,23,0,,,,1,1,0,0,0,0,1,1,0,0,1,1,0,1,1,1,1,1,0,0,0,0,1,1,0,0,1,1,1,1
RoomPractice,3CupForcedChoice,OP-RP-Allo-PCTB-3CupFCTrans-1G2.5RClose-NA-0-OPQ.yml,3CupLikeTasks,1,0,0,0,1,0,,1,,,0,2.5,1,0,0,1,23,0,,,,1,1,1,0,1,1,1,1,0,1,1,1,0,0,1,1,1,1,0,0,0,0,1,1,0,0,1,1,1,1
RoomPractice,3CupForcedChoice,OP-RP-Allo-PCTB-3CupFCTrans-1G2.5RFar-NA-0-OpLava.yml,3CupLikeTasks,1,0,1,0,1,0,,1,,,0,2.5,1,0,0,1,33,0,,,,1,1,1,0,1,0,1,1,0,0,1,1,0,1,1,1,1,1,0,0,0,0,1,1,0,0,1,1,1,1
RoomPractice,3CupForcedChoice,OP-RP-Allo-PCTB-3CupFCTrans-1G2.5RFar-NA-0-OPQ.yml,3CupLikeTasks,1,0,0,0,1,0,,1,,,0,2.5,1,0,0,1,33,0,,,,1,1,0,0,1,1,1,1,0,1,1,1,0,1,1,1,1,1,0,0,0,0,1,1,0,0,1,0,1,1
RoomPractice,3CupForcedChoice,OP-RP-Allo-PCTB-3CupFCTrans-1G2LClose-NA-0-OpLava.yml,3CupLikeTasks,1,0,1,0,1,0,,-1,,,0,2.0,1,0,0,1,23,0,,,,1,1,0,0,1,0,1,1,0,1,0,0,1,0,1,1,1,1,0,0,0,0,1,1,0,0,1,1,1,0
RoomPractice,3CupForcedChoice,OP-RP-Allo-PCTB-3CupFCTrans-1G2LClose-NA-0-OPQ.yml,3CupLikeTasks,1,0,0,0,1,0,,-1,,,0,2.0,1,0,0,1,23,0,,,,1,1,0,0,1,1,1,1,1,1,1,0,1,1,1,1,1,0,0,0,0,0,1,1,0,0,1,1,1,1
RoomPractice,3CupForcedChoice,OP-RP-Allo-PCTB-3CupFCTrans-1G2LFar-NA-0-OpLava.yml,3CupLikeTasks,1,0,1,0,1,0,,-1,,,0,2.0,1,0,0,1,33,0,,,,1,0,0,0,1,0,1,1,0,1,1,1,1,1,1,1,1,1,0,0,0,0,1,1,0,0,1,0,1,1
RoomPractice,3CupForcedChoice,OP-RP-Allo-PCTB-3CupFCTrans-1G2LFar-NA-0-OPQ.yml,3CupLikeTasks,1,0,0,0,1,0,,-1,,,0,2.0,1,0,0,1,33,0,,,,1,1,0,0,1,1,1,1,0,1,1,0,1,0,1,1,1,1,0,1,0,0,1,0,0,0,1,1,1,0
RoomPractice,3CupForcedChoice,OP-RP-Allo-PCTB-3CupFCTrans-1G2MClose-NA-0-OpLava.yml,3CupLikeTasks,1,0,1,0,1,0,,0,,,0,2.0,1,0,0,1,23,0,,,,1,0,0,0,1,0,1,1,0,0,0,0,0,1,1,1,1,1,0,0,0,0,1,1,0,0,1,1,1,1
RoomPractice,3CupForcedChoice,OP-RP-Allo-PCTB-3CupFCTrans-1G2MClose-NA-0-OPQ.yml,3CupLikeTasks,1,0,0,0,1,0,,0,,,0,2.0,1,0,0,1,23,0,,,,1,0,0,0,1,1,1,1,0,1,1,1,1,0,1,1,1,1,0,0,0,0,1,1,0,0,1,1,1,0
RoomPractice,3CupForcedChoice,OP-RP-Allo-PCTB-3CupFCTrans-1G2MFar-NA-0-OpLava.yml,3CupLikeTasks,1,0,1,0,1,0,,0,,,0,2.0,1,0,0,1,33,0,,,,1,0,1,0,1,0,1,1,1,1,1,0,0,1,1,1,1,1,0,0,0,0,1,1,0,0,1,0,1,1
RoomPractice,3CupForcedChoice,OP-RP-Allo-PCTB-3CupFCTrans-1G2MFar-NA-0-OPQ.yml,3CupLikeTasks,1,0,0,0,1,0,,0,,,0,2.0,1,0,0,1,33,0,,,,1,0,0,0,1,1,1,1,0,1,1,1,1,0,1,1,1,1,0,1,0,0,1,1,0,1,1,1,1,1
RoomPractice,3CupForcedChoice,OP-RP-Allo-PCTB-3CupFCTrans-1G2RClose-NA-0-OpLava.yml,3CupLikeTasks,1,0,1,0,1,0,,1,,,0,2.0,1,0,0,1,23,0,,,,1,1,0,0,1,0,0,1,0,1,1,1,1,0,1,1,1,1,0,0,0,0,1,1,0,0,1,1,1,0
RoomPractice,3CupForcedChoice,OP-RP-Allo-PCTB-3CupFCTrans-1G2RClose-NA-0-OPQ.yml,3CupLikeTasks,1,0,0,0,1,0,,1,,,0,2.0,1,0,0,1,23,0,,,,1,1,0,0,1,1,0,1,0,1,0,1,0,0,1,1,1,1,0,1,0,0,1,1,0,0,1,1,1,1
RoomPractice,3CupForcedChoice,OP-RP-Allo-PCTB-3CupFCTrans-1G2RFar-NA-0-OpLava.yml,3CupLikeTasks,1,0,1,0,1,0,,1,,,0,2.0,1,0,0,1,33,0,,,,1,1,0,0,1,0,1,1,0,1,1,1,0,0,1,1,1,1,0,0,0,0,1,0,0,0,1,0,1,0
RoomPractice,3CupForcedChoice,OP-RP-Allo-PCTB-3CupFCTrans-1G2RFar-NA-0-OPQ.yml,3CupLikeTasks,1,0,0,0,1,0,,1,,,0,2.0,1,0,0,1,33,0,,,,1,0,0,0,1,1,0,0,0,1,0,1,0,0,1,1,1,1,0,0,0,0,1,1,0,0,1,1,1,1
RoomPractice,3CupForcedChoice,OP-RP-Allo-PCTB-3CupFCTrans-1G3LClose-NA-0-OpLava.yml,3CupLikeTasks,1,0,1,0,1,0,,-1,,,0,3.0,1,0,0,1,23,0,,,,1,1,0,0,1,0,1,1,0,1,0,0,1,0,1,1,1,1,0,0,0,0,1,0,0,1,1,0,1,1
RoomPractice,3CupForcedChoice,OP-RP-Allo-PCTB-3CupFCTrans-1G3LClose-NA-0-OPQ.yml,3CupLikeTasks,1,0,0,0,1,0,,-1,,,0,3.0,1,0,0,1,23,0,,,,1,1,0,0,1,1,1,0,0,0,1,0,1,1,1,1,0,1,0,0,0,0,1,1,0,0,1,1,1,1
RoomPractice,3CupForcedChoice,OP-RP-Allo-PCTB-3CupFCTrans-1G3LFar-NA-0-OpLava.yml,3CupLikeTasks,1,0,1,0,1,0,,-1,,,0,3.0,1,0,0,1,33,0,,,,1,0,0,0,0,1,1,1,0,1,1,0,1,1,1,1,1,1,0,0,0,0,1,1,0,0,1,1,1,1
RoomPractice,3CupForcedChoice,OP-RP-Allo-PCTB-3CupFCTrans-1G3LFar-NA-0-OPQ.yml,3CupLikeTasks,1,0,0,0,1,0,,-1,,,0,3.0,1,0,0,1,33,0,,,,1,0,0,0,1,1,1,1,0,1,0,0,1,0,1,1,1,1,0,0,0,0,1,1,0,0,1,1,1,0
RoomPractice,3CupForcedChoice,OP-RP-Allo-PCTB-3CupFCTrans-1G3MClose-NA-0-OpLava.yml,3CupLikeTasks,1,0,1,0,1,0,,0,,,0,3.0,1,0,0,1,23,0,,,,1,0,0,0,1,0,1,1,0,0,1,1,1,0,1,1,1,1,0,0,0,0,1,0,0,0,1,1,1,1
RoomPractice,3CupForcedChoice,OP-RP-Allo-PCTB-3CupFCTrans-1G3MClose-NA-0-OPQ.yml,3CupLikeTasks,1,0,0,0,1,0,,0,,,0,3.0,1,0,0,1,23,0,,,,1,1,0,0,1,1,1,1,0,0,1,0,0,1,1,1,1,1,0,0,0,0,1,1,0,0,1,0,1,0
RoomPractice,3CupForcedChoice,OP-RP-Allo-PCTB-3CupFCTrans-1G3MFar-NA-0-OpLava.yml,3CupLikeTasks,1,0,1,0,1,0,,0,,,0,3.0,1,0,0,1,33,0,,,,1,1,0,0,1,0,1,1,0,1,0,0,1,1,1,1,1,1,0,0,0,0,1,1,0,0,1,1,1,0
RoomPractice,3CupForcedChoice,OP-RP-Allo-PCTB-3CupFCTrans-1G3MFar-NA-0-OPQ.yml,3CupLikeTasks,1,0,0,0,1,0,,0,,,0,3.0,1,0,0,1,33,0,,,,1,0,0,0,1,1,1,1,0,0,1,1,1,0,1,1,1,1,0,0,0,0,1,1,0,0,1,1,1,0
RoomPractice,3CupForcedChoice,OP-RP-Allo-PCTB-3CupFCTrans-1G3RClose-NA-0-OpLava.yml,3CupLikeTasks,1,0,1,0,1,0,,1,,,0,3.0,1,0,0,1,23,0,,,,1,0,1,0,1,0,1,1,0,0,1,1,1,1,1,1,1,1,0,0,0,0,1,1,0,0,1,0,1,1
RoomPractice,3CupForcedChoice,OP-RP-Allo-PCTB-3CupFCTrans-1G3RClose-NA-0-OPQ.yml,3CupLikeTasks,1,0,0,0,1,0,,1,,,0,3.0,1,0,0,1,23,0,,,,1,1,0,0,1,1,1,1,0,0,1,1,0,0,1,1,1,1,0,0,0,0,1,1,0,0,1,1,1,1
RoomPractice,3CupForcedChoice,OP-RP-Allo-PCTB-3CupFCTrans-1G3RFar-NA-0-OpLava.yml,3CupLikeTasks,1,0,1,0,1,0,,1,,,0,3.0,1,0,0,1,33,0,,,,1,0,1,0,1,0,1,1,1,0,1,1,0,0,1,1,1,1,0,0,0,0,1,0,0,0,1,1,1,1
RoomPractice,3CupForcedChoice,OP-RP-Allo-PCTB-3CupFCTrans-1G3RFar-NA-0-OPQ.yml,3CupLikeTasks,1,0,0,0,1,0,,1,,,0,3.0,1,0,0,1,33,0,,,,1,0,0,0,1,1,1,1,0,0,1,1,0,0,1,1,1,1,0,0,0,0,1,0,0,0,1,1,1,1
RoomPractice,3CupForcedChoice,OP-RP-Allo-PCTB-3CupFreeNoW-1G0.5LClose-NA-0-OpLava.yml,3CupLikeTasks,1,0,1,0,0,0,,-1,,,0,0.5,1,0,0,0,23,0,,,,1,1,0,0,1,0,1,1,1,0,1,0,1,1,1,1,1,1,0,0,0,0,1,1,0,0,1,1,1,1
RoomPractice,3CupForcedChoice,OP-RP-Allo-PCTB-3CupFreeNoW-1G0.5LClose-NA-0-OPQ.yml,3CupLikeTasks,1,0,0,0,0,0,,-1,,,0,0.5,1,0,0,0,23,0,,,,1,0,0,0,1,1,1,1,1,1,0,0,1,0,1,1,0,1,0,1,0,1,1,1,0,0,1,1,1,0
RoomPractice,3CupForcedChoice,OP-RP-Allo-PCTB-3CupFreeNoW-1G0.5LFar-NA-0-OpLava.yml,3CupLikeTasks,1,0,1,0,0,0,,-1,,,0,0.5,1,0,0,0,33,0,,,,1,0,0,0,1,0,1,1,1,0,0,0,1,0,1,1,1,1,0,1,0,0,1,0,0,0,1,0,1,0
RoomPractice,3CupForcedChoice,OP-RP-Allo-PCTB-3CupFreeNoW-1G0.5LFar-NA-0-OPQ.yml,3CupLikeTasks,1,0,0,0,0,0,,-1,,,0,0.5,1,0,0,0,33,0,,,,1,1,0,0,1,1,1,1,1,1,0,0,1,1,1,1,1,1,0,0,0,1,1,1,0,0,1,0,1,1
RoomPractice,3CupForcedChoice,OP-RP-Allo-PCTB-3CupFreeNoW-1G0.5MClose-NA-0-OpLava.yml,3CupLikeTasks,1,0,1,0,0,0,,0,,,0,0.5,1,0,0,0,23,0,,,,1,1,0,0,1,0,1,1,1,0,0,0,1,0,1,1,1,1,0,0,0,0,1,1,0,0,1,1,1,0
RoomPractice,3CupForcedChoice,OP-RP-Allo-PCTB-3CupFreeNoW-1G0.5MClose-NA-0-OPQ.yml,3CupLikeTasks,1,0,0,0,0,0,,0,,,0,0.5,1,0,0,0,23,0,,,,1,0,0,0,1,1,1,1,1,1,0,0,1,0,1,1,1,1,0,0,0,0,1,1,0,0,1,1,1,1
RoomPractice,3CupForcedChoice,OP-RP-Allo-PCTB-3CupFreeNoW-1G0.5MFar-NA-0-OpLava.yml,3CupLikeTasks,1,0,1,0,0,0,,0,,,0,0.5,1,0,0,0,33,0,,,,1,1,0,0,1,0,1,1,1,0,0,1,1,1,1,1,1,1,0,0,0,0,1,1,0,0,1,0,1,1
RoomPractice,3CupForcedChoice,OP-RP-Allo-PCTB-3CupFreeNoW-1G0.5MFar-NA-0-OPQ.yml,3CupLikeTasks,1,0,0,0,0,0,,0,,,0,0.5,1,0,0,0,33,0,,,,1,1,0,0,1,1,1,1,1,1,0,0,0,1,1,1,1,0,0,0,0,0,1,1,0,0,1,1,1,1
RoomPractice,3CupForcedChoice,OP-RP-Allo-PCTB-3CupFreeNoW-1G0.5RClose-NA-0-OpLava.yml,3CupLikeTasks,1,0,1,0,0,0,,1,,,0,0.5,1,0,0,0,23,0,,,,1,1,0,0,1,0,1,1,1,1,0,1,0,0,1,1,0,1,0,0,0,0,1,1,0,0,1,0,1,1
RoomPractice,3CupForcedChoice,OP-RP-Allo-PCTB-3CupFreeNoW-1G0.5RClose-NA-0-OPQ.yml,3CupLikeTasks,1,0,0,0,0,0,,1,,,0,0.5,1,0,0,0,23,0,,,,1,0,0,0,1,1,1,1,1,1,0,1,0,0,1,1,1,1,0,1,0,0,1,1,0,0,1,1,1,1
RoomPractice,3CupForcedChoice,OP-RP-Allo-PCTB-3CupFreeNoW-1G0.5RFar-NA-0-OpLava.yml,3CupLikeTasks,1,0,1,0,0,0,,1,,,0,0.5,1,0,0,0,33,0,,,,1,0,0,0,1,0,1,0,1,1,0,1,0,0,1,1,1,1,0,0,0,1,1,1,0,0,1,1,1,1
RoomPractice,3CupForcedChoice,OP-RP-Allo-PCTB-3CupFreeNoW-1G0.5RFar-NA-0-OPQ.yml,3CupLikeTasks,1,0,0,0,0,0,,1,,,0,0.5,1,0,0,0,33,0,,,,1,1,0,0,1,1,1,1,1,1,0,1,0,1,1,1,1,1,0,0,0,0,1,1,0,1,1,1,1,0
RoomPractice,3CupForcedChoice,OP-RP-Allo-PCTB-3CupFreeNoW-1G1LClose-NA-0-OpLava.yml,3CupLikeTasks,1,0,1,0,0,0,,-1,,,0,1.0,1,0,0,0,23,0,,,,1,1,0,0,1,1,1,1,1,0,1,1,1,0,1,1,1,1,0,0,0,0,1,1,0,0,1,0,1,1
RoomPractice,3CupForcedChoice,OP-RP-Allo-PCTB-3CupFreeNoW-1G1LClose-NA-0-OPQ.yml,3CupLikeTasks,1,0,0,0,0,0,,-1,,,0,1.0,1,0,0,0,23,0,,,,1,0,0,0,1,1,1,1,1,1,0,0,1,0,1,1,1,1,0,0,0,0,1,1,0,0,1,1,1,0
RoomPractice,3CupForcedChoice,OP-RP-Allo-PCTB-3CupFreeNoW-1G1LFar-NA-0-OpLava.yml,3CupLikeTasks,1,0,1,0,0,0,,-1,,,0,1.0,1,0,0,0,33,0,,,,1,0,0,0,0,0,1,1,1,0,1,1,1,1,1,1,1,1,0,0,0,0,1,1,0,0,1,1,1,1
RoomPractice,3CupForcedChoice,OP-RP-Allo-PCTB-3CupFreeNoW-1G1LFar-NA-0-OPQ.yml,3CupLikeTasks,1,0,0,0,0,0,,-1,,,0,1.0,1,0,0,0,33,0,,,,1,1,0,0,1,1,1,1,1,1,1,0,1,0,1,1,1,1,0,0,0,0,1,1,0,0,1,1,1,1
RoomPractice,3CupForcedChoice,OP-RP-Allo-PCTB-3CupFreeNoW-1G1MClose-NA-0-OpLava.yml,3CupLikeTasks,1,0,1,0,0,0,,0,,,0,1.0,1,0,0,0,23,0,,,,1,0,0,0,1,0,1,1,1,1,0,0,1,1,1,1,1,1,0,0,0,0,1,1,0,0,1,1,1,1
RoomPractice,3CupForcedChoice,OP-RP-Allo-PCTB-3CupFreeNoW-1G1MClose-NA-0-OPQ.yml,3CupLikeTasks,1,0,0,0,0,0,,0,,,0,1.0,1,0,0,0,23,0,,,,1,0,0,0,1,1,1,0,1,1,0,1,1,1,1,1,1,1,0,1,0,0,1,1,0,0,1,1,1,0
RoomPractice,3CupForcedChoice,OP-RP-Allo-PCTB-3CupFreeNoW-1G1MFar-NA-0-OpLava.yml,3CupLikeTasks,1,0,1,0,0,0,,0,,,0,1.0,1,0,0,0,33,0,,,,1,0,1,0,0,0,1,1,1,0,0,0,0,1,1,1,1,1,0,0,0,0,1,1,0,0,1,1,1,0
RoomPractice,3CupForcedChoice,OP-RP-Allo-PCTB-3CupFreeNoW-1G1MFar-NA-0-OPQ.yml,3CupLikeTasks,1,0,0,0,0,0,,0,,,0,1.0,1,0,0,0,33,0,,,,1,1,0,0,1,1,1,1,1,1,1,0,1,0,1,1,1,1,0,0,0,0,1,1,0,0,1,1,1,1
RoomPractice,3CupForcedChoice,OP-RP-Allo-PCTB-3CupFreeNoW-1G1RClose-NA-0-OpLava.yml,3CupLikeTasks,1,0,1,0,0,0,,1,,,0,1.0,1,0,0,0,23,0,,,,1,0,0,0,1,0,1,1,1,0,0,1,0,1,1,1,1,1,0,1,0,0,1,0,0,0,1,1,1,1
RoomPractice,3CupForcedChoice,OP-RP-Allo-PCTB-3CupFreeNoW-1G1RClose-NA-0-OPQ.yml,3CupLikeTasks,1,0,0,0,0,0,,1,,,0,1.0,1,0,0,0,23,0,,,,1,0,0,0,0,1,1,1,1,0,0,1,0,0,1,1,1,0,0,0,0,0,1,1,0,0,1,1,1,0
RoomPractice,3CupForcedChoice,OP-RP-Allo-PCTB-3CupFreeNoW-1G1RFar-NA-0-OpLava.yml,3CupLikeTasks,1,0,1,0,0,0,,1,,,0,1.0,1,0,0,0,33,0,,,,1,0,0,0,1,0,1,1,0,0,0,1,0,1,1,1,1,1,0,0,0,0,1,1,0,0,1,1,1,0
RoomPractice,3CupForcedChoice,OP-RP-Allo-PCTB-3CupFreeNoW-1G1RFar-NA-0-OPQ.yml,3CupLikeTasks,1,0,0,0,0,0,,1,,,0,1.0,1,0,0,0,33,0,,,,1,0,0,0,1,1,1,1,1,1,0,1,0,1,1,1,1,1,0,0,0,0,1,0,0,0,1,0,1,1
RoomPractice,3CupForcedChoice,OP-RP-Allo-PCTB-3CupFreeNoW-1G2.5LClose-NA-0-OpLava.yml,3CupLikeTasks,1,0,1,0,0,0,,-1,,,0,2.5,1,0,0,0,23,0,,,,1,1,0,0,1,1,1,1,1,1,1,0,1,0,1,1,1,1,0,0,0,0,1,1,0,1,1,1,1,1
RoomPractice,3CupForcedChoice,OP-RP-Allo-PCTB-3CupFreeNoW-1G2.5LClose-NA-0-OPQ.yml,3CupLikeTasks,1,0,0,0,0,0,,-1,,,0,2.5,1,0,0,0,23,0,,,,1,0,0,0,1,1,1,1,1,1,1,0,1,0,1,0,1,1,0,0,0,0,1,1,0,0,1,1,1,0
RoomPractice,3CupForcedChoice,OP-RP-Allo-PCTB-3CupFreeNoW-1G2.5LFar-NA-0-OpLava.yml,3CupLikeTasks,1,0,1,0,0,0,,-1,,,0,2.5,1,0,0,0,33,0,,,,1,0,0,0,1,0,1,1,1,1,0,0,1,0,1,1,1,1,0,0,0,0,1,0,0,0,1,0,1,1
RoomPractice,3CupForcedChoice,OP-RP-Allo-PCTB-3CupFreeNoW-1G2.5LFar-NA-0-OPQ.yml,3CupLikeTasks,1,0,0,0,0,0,,-1,,,0,2.5,1,0,0,0,33,0,,,,1,1,0,0,1,1,1,0,1,1,1,0,1,0,1,1,1,1,0,0,0,0,1,1,0,0,1,1,1,0
RoomPractice,3CupForcedChoice,OP-RP-Allo-PCTB-3CupFreeNoW-1G2.5MClose-NA-0-OpLava.yml,3CupLikeTasks,1,0,1,0,0,0,,0,,,0,2.5,1,0,0,0,23,0,,,,1,0,0,0,1,0,1,1,1,1,1,1,1,1,1,1,1,1,0,0,0,0,1,1,0,1,1,0,1,1
RoomPractice,3CupForcedChoice,OP-RP-Allo-PCTB-3CupFreeNoW-1G2.5MClose-NA-0-OPQ.yml,3CupLikeTasks,1,0,0,0,0,0,,0,,,0,2.5,1,0,0,0,23,0,,,,1,1,1,1,1,1,1,1,1,0,1,0,0,1,1,1,1,1,0,0,0,0,1,0,0,0,1,1,1,0
RoomPractice,3CupForcedChoice,OP-RP-Allo-PCTB-3CupFreeNoW-1G2.5MFar-NA-0-OpLava.yml,3CupLikeTasks,1,0,1,0,0,0,,0,,,0,2.5,1,0,0,0,33,0,,,,1,0,0,0,1,0,1,1,1,0,1,0,1,0,1,1,1,1,0,0,0,0,1,1,0,0,1,1,1,1
RoomPractice,3CupForcedChoice,OP-RP-Allo-PCTB-3CupFreeNoW-1G2.5MFar-NA-0-OPQ.yml,3CupLikeTasks,1,0,0,0,0,0,,0,,,0,2.5,1,0,0,0,33,0,,,,1,1,0,0,1,1,0,1,1,1,1,0,1,0,1,1,1,1,0,0,0,0,1,1,0,0,1,1,1,1
RoomPractice,3CupForcedChoice,OP-RP-Allo-PCTB-3CupFreeNoW-1G2.5RClose-NA-0-OpLava.yml,3CupLikeTasks,1,0,1,0,0,0,,1,,,0,2.5,1,0,0,0,23,0,,,,1,0,1,0,0,0,1,1,1,1,0,1,0,1,1,1,1,1,0,0,0,0,1,1,0,0,1,1,1,1
RoomPractice,3CupForcedChoice,OP-RP-Allo-PCTB-3CupFreeNoW-1G2.5RClose-NA-0-OPQ.yml,3CupLikeTasks,1,0,0,0,0,0,,1,,,0,2.5,1,0,0,0,23,0,,,,1,1,0,0,1,1,1,1,1,1,1,1,0,1,1,1,1,1,0,0,0,0,1,1,0,0,1,1,1,1
RoomPractice,3CupForcedChoice,OP-RP-Allo-PCTB-3CupFreeNoW-1G2.5RFar-NA-0-OpLava.yml,3CupLikeTasks,1,0,1,0,0,0,,1,,,0,2.5,1,0,0,0,33,0,,,,1,1,0,0,1,0,1,1,1,0,0,1,1,1,1,1,1,1,0,0,0,1,1,1,0,0,1,1,1,1
RoomPractice,3CupForcedChoice,OP-RP-Allo-PCTB-3CupFreeNoW-1G2.5RFar-NA-0-OPQ.yml,3CupLikeTasks,1,0,0,0,0,0,,1,,,0,2.5,1,0,0,0,33,0,,,,1,1,0,0,1,1,1,1,1,1,1,1,0,0,1,1,1,1,0,0,0,0,1,1,0,0,1,0,1,1
RoomPractice,3CupForcedChoice,OP-RP-Allo-PCTB-3CupFreeNoW-1G2LClose-NA-0-OpLava.yml,3CupLikeTasks,1,0,1,0,0,0,,-1,,,0,2.0,1,0,0,0,23,0,,,,1,0,0,0,1,0,1,1,1,1,1,0,1,0,1,0,1,1,0,0,0,0,1,1,0,0,1,1,1,1
RoomPractice,3CupForcedChoice,OP-RP-Allo-PCTB-3CupFreeNoW-1G2LClose-NA-0-OPQ.yml,3CupLikeTasks,1,0,0,0,0,0,,-1,,,0,2.0,1,0,0,0,23,0,,,,1,1,0,0,0,1,1,0,1,1,1,1,1,1,1,1,0,1,0,0,0,0,1,1,0,0,1,1,1,1
RoomPractice,3CupForcedChoice,OP-RP-Allo-PCTB-3CupFreeNoW-1G2LFar-NA-0-OpLava.yml,3CupLikeTasks,1,0,1,0,0,0,,-1,,,0,2.0,1,0,0,0,33,0,,,,1,1,0,0,1,0,1,1,1,1,1,0,1,0,1,1,1,1,0,0,0,1,1,1,0,0,1,1,1,0
RoomPractice,3CupForcedChoice,OP-RP-Allo-PCTB-3CupFreeNoW-1G2LFar-NA-0-OPQ.yml,3CupLikeTasks,1,0,0,0,0,0,,-1,,,0,2.0,1,0,0,0,33,0,,,,1,1,0,0,1,0,1,1,1,1,0,0,1,1,1,1,1,1,0,0,0,0,1,0,0,1,1,1,1,0
RoomPractice,3CupForcedChoice,OP-RP-Allo-PCTB-3CupFreeNoW-1G2MClose-NA-0-OpLava.yml,3CupLikeTasks,1,0,1,0,0,0,,0,,,0,2.0,1,0,0,0,23,0,,,,1,1,0,0,1,0,0,1,1,1,0,0,1,0,1,1,1,1,0,0,0,0,1,1,0,1,1,1,1,0
RoomPractice,3CupForcedChoice,OP-RP-Allo-PCTB-3CupFreeNoW-1G2MClose-NA-0-OPQ.yml,3CupLikeTasks,1,0,0,0,0,0,,0,,,0,2.0,1,0,0,0,23,0,,,,1,0,0,0,1,1,1,1,1,1,0,1,1,0,1,1,1,1,0,0,0,0,1,1,0,0,1,0,1,1
RoomPractice,3CupForcedChoice,OP-RP-Allo-PCTB-3CupFreeNoW-1G2MFar-NA-0-OpLava.yml,3CupLikeTasks,1,0,1,0,0,0,,0,,,0,2.0,1,0,0,0,33,0,,,,1,1,0,0,1,1,1,1,1,0,1,1,0,0,1,1,1,1,0,0,0,1,1,1,0,0,1,1,1,0
RoomPractice,3CupForcedChoice,OP-RP-Allo-PCTB-3CupFreeNoW-1G2MFar-NA-0-OPQ.yml,3CupLikeTasks,1,0,0,0,0,0,,0,,,0,2.0,1,0,0,0,33,0,,,,1,0,0,0,1,1,1,1,1,1,1,0,0,1,1,1,1,1,0,0,0,0,1,1,0,0,1,1,1,0
RoomPractice,3CupForcedChoice,OP-RP-Allo-PCTB-3CupFreeNoW-1G2RClose-NA-0-OpLava.yml,3CupLikeTasks,1,0,1,0,0,0,,1,,,0,2.0,1,0,0,0,23,0,,,,1,0,0,1,1,0,0,1,1,0,1,1,1,0,1,1,1,1,0,0,0,0,1,1,0,0,1,1,1,0
RoomPractice,3CupForcedChoice,OP-RP-Allo-PCTB-3CupFreeNoW-1G2RClose-NA-0-OPQ.yml,3CupLikeTasks,1,0,0,0,0,0,,1,,,0,2.0,1,0,0,0,23,0,,,,1,0,0,0,1,1,1,1,1,1,1,1,0,1,1,1,0,1,0,0,0,0,1,1,0,0,1,1,1,1
RoomPractice,3CupForcedChoice,OP-RP-Allo-PCTB-3CupFreeNoW-1G2RFar-NA-0-OpLava.yml,3CupLikeTasks,1,0,1,0,0,0,,1,,,0,2.0,1,0,0,0,33,0,,,,1,1,0,0,1,0,1,1,1,1,1,1,0,1,1,1,1,1,0,0,0,0,1,1,0,0,1,1,1,1
RoomPractice,3CupForcedChoice,OP-RP-Allo-PCTB-3CupFreeNoW-1G2RFar-NA-0-OPQ.yml,3CupLikeTasks,1,0,0,0,0,0,,1,,,0,2.0,1,0,0,0,33,0,,,,1,1,0,0,1,1,1,1,1,1,1,1,0,1,1,1,1,1,0,0,0,1,1,1,0,0,1,1,1,1
RoomPractice,3CupForcedChoice,OP-RP-Allo-PCTB-3CupFreeNoW-1G3LClose-NA-0-OpLava.yml,3CupLikeTasks,1,0,1,0,0,0,,-1,,,0,3.0,1,0,0,0,23,0,,,,1,1,0,0,1,0,1,1,1,0,1,1,1,1,1,1,0,1,0,0,0,0,1,1,0,0,1,1,1,0
RoomPractice,3CupForcedChoice,OP-RP-Allo-PCTB-3CupFreeNoW-1G3LClose-NA-0-OPQ.yml,3CupLikeTasks,1,0,0,0,0,0,,-1,,,0,3.0,1,0,0,0,23,0,,,,1,1,0,0,1,1,1,1,1,1,0,0,1,0,1,1,1,1,0,0,0,0,1,1,0,0,1,1,1,0
RoomPractice,3CupForcedChoice,OP-RP-Allo-PCTB-3CupFreeNoW-1G3LFar-NA-0-OpLava.yml,3CupLikeTasks,1,0,1,0,0,0,,-1,,,0,3.0,1,0,0,0,33,0,,,,1,1,0,0,1,0,1,1,1,0,0,0,1,1,1,1,1,1,0,0,0,0,1,1,0,0,1,1,1,1
RoomPractice,3CupForcedChoice,OP-RP-Allo-PCTB-3CupFreeNoW-1G3LFar-NA-0-OPQ.yml,3CupLikeTasks,1,0,0,0,0,0,,-1,,,0,3.0,1,0,0,0,33,0,,,,1,1,0,0,1,1,1,1,1,1,1,0,1,1,1,1,1,1,0,1,0,0,1,1,0,0,1,1,1,0
RoomPractice,3CupForcedChoice,OP-RP-Allo-PCTB-3CupFreeNoW-1G3MClose-NA-0-OpLava.yml,3CupLikeTasks,1,0,1,0,0,0,,0,,,0,3.0,1,0,0,0,23,0,,,,1,1,0,0,1,0,1,1,1,1,1,1,0,0,1,1,1,0,0,0,0,0,1,1,0,0,1,0,1,1
RoomPractice,3CupForcedChoice,OP-RP-Allo-PCTB-3CupFreeNoW-1G3MClose-NA-0-OPQ.yml,3CupLikeTasks,1,0,0,0,0,0,,0,,,0,3.0,1,0,0,0,23,0,,,,1,1,0,0,1,1,1,1,1,1,1,1,1,1,1,1,1,1,0,0,0,1,1,0,0,0,1,1,1,1
RoomPractice,3CupForcedChoice,OP-RP-Allo-PCTB-3CupFreeNoW-1G3MFar-NA-0-OpLava.yml,3CupLikeTasks,1,0,1,0,0,0,,0,,,0,3.0,1,0,0,0,33,0,,,,1,1,0,0,1,1,1,1,0,0,1,1,0,0,1,1,1,1,0,1,0,0,1,0,0,0,1,1,1,1
RoomPractice,3CupForcedChoice,OP-RP-Allo-PCTB-3CupFreeNoW-1G3MFar-NA-0-OPQ.yml,3CupLikeTasks,1,0,0,0,0,0,,0,,,0,3.0,1,0,0,0,33,0,,,,1,0,0,0,1,1,1,1,1,1,1,1,0,1,1,1,1,1,0,0,0,0,1,1,0,1,1,1,1,0
RoomPractice,3CupForcedChoice,OP-RP-Allo-PCTB-3CupFreeNoW-1G3RClose-NA-0-OpLava.yml,3CupLikeTasks,1,0,1,0,0,0,,1,,,0,3.0,1,0,0,0,23,0,,,,1,1,0,0,0,0,1,1,1,1,1,1,0,0,1,1,1,1,0,0,0,0,1,0,0,0,1,1,1,0
RoomPractice,3CupForcedChoice,OP-RP-Allo-PCTB-3CupFreeNoW-1G3RClose-NA-0-OPQ.yml,3CupLikeTasks,1,0,0,0,0,0,,1,,,0,3.0,1,0,0,0,23,0,,,,1,1,0,0,1,1,1,1,1,1,0,1,0,0,1,1,1,1,0,0,0,0,1,1,0,0,1,0,1,1
RoomPractice,3CupForcedChoice,OP-RP-Allo-PCTB-3CupFreeNoW-1G3RFar-NA-0-OpLava.yml,3CupLikeTasks,1,0,1,0,0,0,,1,,,0,3.0,1,0,0,0,33,0,,,,1,1,0,0,1,0,1,1,1,0,1,1,0,0,1,1,1,1,0,0,0,0,1,1,0,1,1,1,1,1
RoomPractice,3CupForcedChoice,OP-RP-Allo-PCTB-3CupFreeNoW-1G3RFar-NA-0-OPQ.yml,3CupLikeTasks,1,0,0,0,0,0,,1,,,0,3.0,1,0,0,0,33,0,,,,1,0,0,0,1,1,1,1,1,1,0,1,0,1,1,1,1,1,0,0,0,0,1,1,0,0,1,1,1,0
RoomPractice,3CupForcedChoice,OP-RP-Allo-PCTB-3CupFreeTrans-1G0.5LClose-NA-0-OpLava.yml,3CupLikeTasks,1,0,1,0,0,0,,-1,,,0,0.5,1,0,0,0,23,0,,,,1,1,0,0,1,0,0,1,1,0,0,0,1,1,1,1,1,1,0,1,0,0,1,1,0,0,1,1,1,0
RoomPractice,3CupForcedChoice,OP-RP-Allo-PCTB-3CupFreeTrans-1G0.5LClose-NA-0-OPQ.yml,3CupLikeTasks,1,0,0,0,0,0,,-1,,,0,0.5,1,0,0,0,23,0,,,,1,0,0,0,1,1,1,1,1,1,0,0,1,0,1,1,1,1,0,0,0,0,1,1,0,1,1,1,1,0
RoomPractice,3CupForcedChoice,OP-RP-Allo-PCTB-3CupFreeTrans-1G0.5LFar-NA-0-OpLava.yml,3CupLikeTasks,1,0,1,0,0,0,,-1,,,0,0.5,1,0,0,0,33,0,,,,1,1,0,0,1,0,1,1,0,0,0,0,1,1,1,1,1,1,0,0,0,0,1,1,0,0,1,1,1,0
RoomPractice,3CupForcedChoice,OP-RP-Allo-PCTB-3CupFreeTrans-1G0.5LFar-NA-0-OPQ.yml,3CupLikeTasks,1,0,0,0,0,0,,-1,,,0,0.5,1,0,0,0,33,0,,,,1,1,0,0,1,1,1,1,1,1,0,0,1,0,1,1,1,1,0,0,0,0,1,1,0,0,1,1,1,0
RoomPractice,3CupForcedChoice,OP-RP-Allo-PCTB-3CupFreeTrans-1G0.5MClose-NA-0-OpLava.yml,3CupLikeTasks,1,0,1,0,0,0,,0,,,0,0.5,1,0,0,0,23,0,,,,1,1,0,0,1,0,1,1,1,1,0,1,0,1,1,1,1,1,0,0,0,0,1,1,0,1,1,0,1,0
RoomPractice,3CupForcedChoice,OP-RP-Allo-PCTB-3CupFreeTrans-1G0.5MClose-NA-0-OPQ.yml,3CupLikeTasks,1,0,0,0,0,0,,0,,,0,0.5,1,0,0,0,23,0,,,,1,0,0,0,1,1,1,1,1,0,0,0,1,1,1,1,1,0,0,1,0,0,1,0,0,0,1,1,1,1
RoomPractice,3CupForcedChoice,OP-RP-Allo-PCTB-3CupFreeTrans-1G0.5MFar-NA-0-OpLava.yml,3CupLikeTasks,1,0,1,0,0,0,,0,,,0,0.5,1,0,0,0,33,0,,,,1,1,0,0,1,0,1,1,1,0,1,1,0,1,1,1,1,1,0,0,0,0,1,1,0,0,1,1,1,1
RoomPractice,3CupForcedChoice,OP-RP-Allo-PCTB-3CupFreeTrans-1G0.5MFar-NA-0-OPQ.yml,3CupLikeTasks,1,0,0,0,0,0,,0,,,0,0.5,1,0,0,0,33,0,,,,1,0,1,0,1,1,1,1,1,0,1,0,0,1,1,1,1,1,0,0,0,0,1,1,0,0,1,0,1,0
RoomPractice,3CupForcedChoice,OP-RP-Allo-PCTB-3CupFreeTrans-1G0.5RClose-NA-0-OpLava.yml,3CupLikeTasks,1,0,1,0,0,0,,1,,,0,0.5,1,0,0,0,23,0,,,,1,1,0,0,1,0,1,1,1,1,0,1,0,0,1,1,1,1,0,0,0,0,1,1,0,0,1,1,1,0
RoomPractice,3CupForcedChoice,OP-RP-Allo-PCTB-3CupFreeTrans-1G0.5RClose-NA-0-OPQ.yml,3CupLikeTasks,1,0,0,0,0,0,,1,,,0,0.5,1,0,0,0,23,0,,,,1,0,0,0,1,1,1,1,1,0,0,1,0,1,1,1,1,1,0,0,0,0,1,0,0,0,1,1,1,1
RoomPractice,3CupForcedChoice,OP-RP-Allo-PCTB-3CupFreeTrans-1G0.5RFar-NA-0-OpLava.yml,3CupLikeTasks,1,0,1,0,0,0,,1,,,0,0.5,1,0,0,0,33,0,,,,1,1,0,0,1,0,1,1,1,0,0,1,0,0,1,1,1,1,0,0,0,0,1,1,0,0,1,1,1,0
RoomPractice,3CupForcedChoice,OP-RP-Allo-PCTB-3CupFreeTrans-1G0.5RFar-NA-0-OPQ.yml,3CupLikeTasks,1,0,0,0,0,0,,1,,,0,0.5,1,0,0,0,33,0,,,,1,1,0,0,0,1,1,1,1,1,0,1,0,1,1,1,1,1,0,0,0,0,1,1,0,1,1,1,1,1
RoomPractice,3CupForcedChoice,OP-RP-Allo-PCTB-3CupFreeTrans-1G1LClose-NA-0-OpLava.yml,3CupLikeTasks,1,0,1,0,0,0,,-1,,,0,1.0,1,0,0,0,23,0,,,,1,1,0,1,1,0,1,0,1,1,0,0,1,1,1,1,0,1,0,0,0,0,1,0,0,0,1,1,1,1
RoomPractice,3CupForcedChoice,OP-RP-Allo-PCTB-3CupFreeTrans-1G1LClose-NA-0-OPQ.yml,3CupLikeTasks,1,0,0,0,0,0,,-1,,,0,1.0,1,0,0,0,23,0,,,,1,0,0,0,1,0,1,1,1,1,1,0,1,1,1,1,1,1,0,1,0,0,1,1,0,0,1,1,1,1
RoomPractice,3CupForcedChoice,OP-RP-Allo-PCTB-3CupFreeTrans-1G1LFar-NA-0-OpLava.yml,3CupLikeTasks,1,0,1,0,0,0,,-1,,,0,1.0,1,0,0,0,33,0,,,,1,0,0,0,1,0,1,1,1,0,0,0,1,1,1,1,1,1,0,0,0,0,1,1,0,1,1,1,1,1
RoomPractice,3CupForcedChoice,OP-RP-Allo-PCTB-3CupFreeTrans-1G1LFar-NA-0-OPQ.yml,3CupLikeTasks,1,0,0,0,0,0,,-1,,,0,1.0,1,0,0,0,33,0,,,,1,1,0,0,1,1,1,1,1,1,0,0,1,0,1,1,1,1,0,0,0,0,1,1,0,0,1,0,1,0
RoomPractice,3CupForcedChoice,OP-RP-Allo-PCTB-3CupFreeTrans-1G1MClose-NA-0-OpLava.yml,3CupLikeTasks,1,0,1,0,0,0,,0,,,0,1.0,1,0,0,0,23,0,,,,1,0,0,0,1,1,1,1,1,1,1,1,1,1,1,1,1,1,0,0,0,0,1,1,0,1,1,0,1,0
RoomPractice,3CupForcedChoice,OP-RP-Allo-PCTB-3CupFreeTrans-1G1MClose-NA-0-OPQ.yml,3CupLikeTasks,1,0,0,0,0,0,,0,,,0,1.0,1,0,0,0,23,0,,,,1,1,1,0,1,1,1,1,1,1,0,0,0,1,1,1,1,1,0,0,0,0,1,1,0,0,1,0,1,0
RoomPractice,3CupForcedChoice,OP-RP-Allo-PCTB-3CupFreeTrans-1G1MFar-NA-0-OpLava.yml,3CupLikeTasks,1,0,1,0,0,0,,0,,,0,1.0,1,0,0,0,33,0,,,,1,1,0,0,1,0,1,1,1,1,0,0,0,0,1,1,1,1,0,0,0,0,1,1,0,0,1,1,1,1
RoomPractice,3CupForcedChoice,OP-RP-Allo-PCTB-3CupFreeTrans-1G1MFar-NA-0-OPQ.yml,3CupLikeTasks,1,0,0,0,0,0,,0,,,0,1.0,1,0,0,0,33,0,,,,1,1,0,0,1,1,1,1,1,1,0,1,1,0,1,1,1,0,0,0,0,0,1,1,0,0,1,0,1,1
RoomPractice,3CupForcedChoice,OP-RP-Allo-PCTB-3CupFreeTrans-1G1RClose-NA-0-OpLava.yml,3CupLikeTasks,1,0,1,0,0,0,,1,,,0,1.0,1,0,0,0,23,0,,,,1,1,0,0,1,0,1,1,1,1,0,1,0,1,1,1,1,0,0,0,0,0,1,1,0,0,1,0,1,1
RoomPractice,3CupForcedChoice,OP-RP-Allo-PCTB-3CupFreeTrans-1G1RClose-NA-0-OPQ.yml,3CupLikeTasks,1,0,0,0,0,0,,1,,,0,1.0,1,0,0,0,23,0,,,,1,1,0,0,1,1,1,1,1,1,0,1,0,1,1,1,1,1,0,0,0,1,1,0,0,1,1,1,1,1
RoomPractice,3CupForcedChoice,OP-RP-Allo-PCTB-3CupFreeTrans-1G1RFar-NA-0-OpLava.yml,3CupLikeTasks,1,0,1,0,0,0,,1,,,0,1.0,1,0,0,0,33,0,,,,1,1,0,0,1,0,1,1,1,0,0,1,1,0,1,1,1,1,0,0,0,0,1,1,0,0,1,1,1,1
RoomPractice,3CupForcedChoice,OP-RP-Allo-PCTB-3CupFreeTrans-1G1RFar-NA-0-OPQ.yml,3CupLikeTasks,1,0,0,0,0,0,,1,,,0,1.0,1,0,0,0,33,0,,,,1,0,0,0,1,1,1,1,1,1,0,1,1,0,1,1,1,1,0,0,0,0,1,0,0,0,1,1,1,0
RoomPractice,3CupForcedChoice,OP-RP-Allo-PCTB-3CupFreeTrans-1G2.5LClose-NA-0-OpLava.yml,3CupLikeTasks,1,0,1,0,0,0,,-1,,,0,2.5,1,0,0,0,23,0,,,,1,1,0,0,1,0,1,1,1,1,1,0,0,0,1,1,1,1,0,0,0,0,1,1,0,0,1,1,1,1
RoomPractice,3CupForcedChoice,OP-RP-Allo-PCTB-3CupFreeTrans-1G2.5LClose-NA-0-OPQ.yml,3CupLikeTasks,1,0,0,0,0,0,,-1,,,0,2.5,1,0,0,0,23,0,,,,1,0,0,0,1,1,1,1,1,1,1,1,1,1,1,1,1,1,0,0,0,0,1,1,0,0,1,0,1,0
RoomPractice,3CupForcedChoice,OP-RP-Allo-PCTB-3CupFreeTrans-1G2.5LFar-NA-0-OpLava.yml,3CupLikeTasks,1,0,1,0,0,0,,-1,,,0,2.5,1,0,0,0,33,0,,,,1,0,0,0,1,0,1,1,1,0,1,0,1,1,1,1,1,1,0,0,0,0,1,1,0,0,1,0,1,1
RoomPractice,3CupForcedChoice,OP-RP-Allo-PCTB-3CupFreeTrans-1G2.5LFar-NA-0-OPQ.yml,3CupLikeTasks,1,0,0,0,0,0,,-1,,,0,2.5,1,0,0,0,33,0,,,,1,0,0,0,1,0,1,1,1,1,0,0,1,0,1,1,1,1,0,0,0,0,1,1,0,0,1,1,1,1
RoomPractice,3CupForcedChoice,OP-RP-Allo-PCTB-3CupFreeTrans-1G2.5MClose-NA-0-OpLava.yml,3CupLikeTasks,1,0,1,0,0,0,,0,,,0,2.5,1,0,0,0,23,0,,,,1,0,0,0,0,0,1,1,1,0,1,0,1,0,1,1,1,1,0,0,0,0,1,1,0,0,1,1,1,1
RoomPractice,3CupForcedChoice,OP-RP-Allo-PCTB-3CupFreeTrans-1G2.5MClose-NA-0-OPQ.yml,3CupLikeTasks,1,0,0,0,0,0,,0,,,0,2.5,1,0,0,0,23,0,,,,1,0,0,0,1,1,1,1,1,0,0,0,0,1,1,1,1,1,0,0,0,0,1,1,0,0,1,1,1,1
RoomPractice,3CupForcedChoice,OP-RP-Allo-PCTB-3CupFreeTrans-1G2.5MFar-NA-0-OpLava.yml,3CupLikeTasks,1,0,1,0,0,0,,0,,,0,2.5,1,0,0,0,33,0,,,,1,0,0,0,1,0,1,1,1,0,1,1,1,0,1,1,1,1,0,0,0,1,1,0,0,0,1,1,1,0
RoomPractice,3CupForcedChoice,OP-RP-Allo-PCTB-3CupFreeTrans-1G2.5MFar-NA-0-OPQ.yml,3CupLikeTasks,1,0,0,0,0,0,,0,,,0,2.5,1,0,0,0,33,0,,,,1,0,0,0,1,1,1,1,1,1,1,1,1,0,1,0,1,1,0,0,0,0,1,0,0,0,1,1,1,1
RoomPractice,3CupForcedChoice,OP-RP-Allo-PCTB-3CupFreeTrans-1G2.5RClose-NA-0-OpLava.yml,3CupLikeTasks,1,0,1,0,0,0,,1,,,0,2.5,1,0,0,0,23,0,,,,1,1,0,0,1,0,1,1,1,0,1,1,1,1,1,1,1,1,0,0,0,1,1,1,0,0,1,1,1,1
RoomPractice,3CupForcedChoice,OP-RP-Allo-PCTB-3CupFreeTrans-1G2.5RClose-NA-0-OPQ.yml,3CupLikeTasks,1,0,0,0,0,0,,1,,,0,2.5,1,0,0,0,23,0,,,,1,0,0,0,1,1,1,1,1,0,0,1,0,0,1,1,1,1,0,0,0,1,1,0,0,0,1,1,1,1
RoomPractice,3CupForcedChoice,OP-RP-Allo-PCTB-3CupFreeTrans-1G2.5RFar-NA-0-OpLava.yml,3CupLikeTasks,1,0,1,0,0,0,,1,,,0,2.5,1,0,0,0,33,0,,,,1,0,0,0,1,0,1,1,1,1,1,1,0,1,1,1,1,1,0,0,0,0,1,1,0,0,1,0,1,1
RoomPractice,3CupForcedChoice,OP-RP-Allo-PCTB-3CupFreeTrans-1G2.5RFar-NA-0-OPQ.yml,3CupLikeTasks,1,0,0,0,0,0,,1,,,0,2.5,1,0,0,0,33,0,,,,1,0,0,0,1,1,1,1,1,0,1,1,0,0,1,1,1,1,0,0,0,0,1,1,0,0,1,1,1,1
RoomPractice,3CupForcedChoice,OP-RP-Allo-PCTB-3CupFreeTrans-1G2LClose-NA-0-OpLava.yml,3CupLikeTasks,1,0,1,0,0,0,,-1,,,0,2.0,1,0,0,0,23,0,,,,1,0,0,0,1,0,1,1,0,0,1,0,1,0,1,1,1,1,0,0,0,0,1,0,0,0,1,1,1,0
RoomPractice,3CupForcedChoice,OP-RP-Allo-PCTB-3CupFreeTrans-1G2LClose-NA-0-OPQ.yml,3CupLikeTasks,1,0,0,0,0,0,,-1,,,0,2.0,1,0,0,0,23,0,,,,1,1,0,0,1,1,1,1,1,1,1,0,1,0,1,1,1,1,0,0,0,0,1,0,0,0,1,1,1,1
RoomPractice,3CupForcedChoice,OP-RP-Allo-PCTB-3CupFreeTrans-1G2LFar-NA-0-OpLava.yml,3CupLikeTasks,1,0,1,0,0,0,,-1,,,0,2.0,1,0,0,0,33,0,,,,1,1,0,0,1,0,0,1,1,0,0,1,1,0,1,1,1,1,0,0,0,0,1,1,0,0,1,1,1,1
RoomPractice,3CupForcedChoice,OP-RP-Allo-PCTB-3CupFreeTrans-1G2LFar-NA-0-OPQ.yml,3CupLikeTasks,1,0,0,0,0,0,,-1,,,0,2.0,1,0,0,0,33,0,,,,1,1,0,0,1,1,1,1,1,1,1,0,1,1,1,1,1,1,0,0,0,0,1,1,0,0,1,1,1,0
RoomPractice,3CupForcedChoice,OP-RP-Allo-PCTB-3CupFreeTrans-1G2MClose-NA-0-OpLava.yml,3CupLikeTasks,1,0,1,0,0,0,,0,,,0,2.0,1,0,0,0,23,0,,,,1,1,0,0,1,0,1,0,1,0,0,1,0,1,1,1,1,1,0,0,0,0,1,1,0,0,1,0,1,1
RoomPractice,3CupForcedChoice,OP-RP-Allo-PCTB-3CupFreeTrans-1G2MClose-NA-0-OPQ.yml,3CupLikeTasks,1,0,0,0,0,0,,0,,,0,2.0,1,0,0,0,23,0,,,,1,0,0,0,1,1,1,1,1,0,1,1,1,0,1,1,1,1,0,0,0,0,1,1,0,0,1,0,1,0
RoomPractice,3CupForcedChoice,OP-RP-Allo-PCTB-3CupFreeTrans-1G2MFar-NA-0-OpLava.yml,3CupLikeTasks,1,0,1,0,0,0,,0,,,0,2.0,1,0,0,0,33,0,,,,1,1,0,0,1,0,1,1,1,1,1,1,0,1,1,1,1,1,0,0,0,0,1,1,0,0,1,0,1,1
RoomPractice,3CupForcedChoice,OP-RP-Allo-PCTB-3CupFreeTrans-1G2MFar-NA-0-OPQ.yml,3CupLikeTasks,1,0,0,0,0,0,,0,,,0,2.0,1,0,0,0,33,0,,,,1,1,0,0,1,1,1,1,1,0,1,1,1,1,1,1,1,1,0,0,0,0,1,1,0,0,1,0,1,1
RoomPractice,3CupForcedChoice,OP-RP-Allo-PCTB-3CupFreeTrans-1G2RClose-NA-0-OpLava.yml,3CupLikeTasks,1,0,1,0,0,0,,1,,,0,2.0,1,0,0,0,23,0,,,,1,0,0,0,0,0,1,1,1,1,1,1,1,1,1,1,1,1,0,0,0,0,1,1,0,1,1,1,1,0
RoomPractice,3CupForcedChoice,OP-RP-Allo-PCTB-3CupFreeTrans-1G2RClose-NA-0-OPQ.yml,3CupLikeTasks,1,0,0,0,0,0,,1,,,0,2.0,1,0,0,0,23,0,,,,1,0,0,0,1,1,1,1,1,1,1,1,0,0,1,1,1,1,0,0,0,0,1,1,0,1,1,1,1,0
RoomPractice,3CupForcedChoice,OP-RP-Allo-PCTB-3CupFreeTrans-1G2RFar-NA-0-OpLava.yml,3CupLikeTasks,1,0,1,0,0,0,,1,,,0,2.0,1,0,0,0,33,0,,,,1,1,0,0,1,0,1,1,1,1,0,1,0,1,1,1,1,1,0,0,0,0,1,1,0,0,1,1,1,1
RoomPractice,3CupForcedChoice,OP-RP-Allo-PCTB-3CupFreeTrans-1G2RFar-NA-0-OPQ.yml,3CupLikeTasks,1,0,0,0,0,0,,1,,,0,2.0,1,0,0,0,33,0,,,,1,1,0,0,1,1,1,1,1,1,1,1,1,1,1,1,0,1,0,0,0,0,1,1,0,1,1,1,1,1
RoomPractice,3CupForcedChoice,OP-RP-Allo-PCTB-3CupFreeTrans-1G3LClose-NA-0-OpLava.yml,3CupLikeTasks,1,0,1,0,0,0,,-1,,,0,3.0,1,0,0,0,23,0,,,,1,1,0,0,1,0,1,1,1,1,1,0,1,0,1,1,1,1,0,0,0,0,1,0,0,0,1,1,1,1
RoomPractice,3CupForcedChoice,OP-RP-Allo-PCTB-3CupFreeTrans-1G3LClose-NA-0-OPQ.yml,3CupLikeTasks,1,0,0,0,0,0,,-1,,,0,3.0,1,0,0,0,23,0,,,,1,0,0,0,1,1,1,1,1,1,1,1,1,1,1,1,1,1,0,0,0,0,1,1,0,0,1,0,1,1
RoomPractice,3CupForcedChoice,OP-RP-Allo-PCTB-3CupFreeTrans-1G3LFar-NA-0-OpLava.yml,3CupLikeTasks,1,0,1,0,0,0,,-1,,,0,3.0,1,0,0,0,33,0,,,,1,1,0,0,1,0,1,1,1,1,1,1,1,0,1,1,1,1,0,1,0,0,1,0,0,0,1,1,1,1
RoomPractice,3CupForcedChoice,OP-RP-Allo-PCTB-3CupFreeTrans-1G3LFar-NA-0-OPQ.yml,3CupLikeTasks,1,0,0,0,0,0,,-1,,,0,3.0,1,0,0,0,33,0,,,,1,0,0,0,1,1,1,1,1,1,0,0,1,0,1,1,1,1,0,0,0,0,1,1,0,0,1,1,1,1
RoomPractice,3CupForcedChoice,OP-RP-Allo-PCTB-3CupFreeTrans-1G3MClose-NA-0-OpLava.yml,3CupLikeTasks,1,0,1,0,0,0,,0,,,0,3.0,1,0,0,0,23,0,,,,1,0,0,0,1,0,1,1,1,0,1,1,0,0,1,1,1,1,0,0,0,0,1,1,0,0,1,0,1,1
RoomPractice,3CupForcedChoice,OP-RP-Allo-PCTB-3CupFreeTrans-1G3MClose-NA-0-OPQ.yml,3CupLikeTasks,1,0,0,0,0,0,,0,,,0,3.0,1,0,0,0,23,0,,,,1,1,0,0,1,1,1,1,1,0,0,0,0,1,1,1,1,1,0,0,0,0,1,0,0,0,1,0,1,1
RoomPractice,3CupForcedChoice,OP-RP-Allo-PCTB-3CupFreeTrans-1G3MFar-NA-0-OpLava.yml,3CupLikeTasks,1,0,1,0,0,0,,0,,,0,3.0,1,0,0,0,33,0,,,,1,0,0,0,1,0,1,1,1,1,1,0,0,1,1,1,1,1,0,0,0,0,1,0,0,0,1,1,1,1
RoomPractice,3CupForcedChoice,OP-RP-Allo-PCTB-3CupFreeTrans-1G3MFar-NA-0-OPQ.yml,3CupLikeTasks,1,0,0,0,0,0,,0,,,0,3.0,1,0,0,0,33,0,,,,1,1,0,0,1,1,1,1,1,1,1,1,1,1,1,1,1,0,0,0,0,0,1,1,0,0,1,0,1,1
RoomPractice,3CupForcedChoice,OP-RP-Allo-PCTB-3CupFreeTrans-1G3RClose-NA-0-OpLava.yml,3CupLikeTasks,1,0,1,0,0,0,,1,,,0,3.0,1,0,0,0,23,0,,,,1,1,0,0,1,0,1,1,1,1,0,1,0,1,1,1,1,1,0,0,0,0,1,1,0,0,1,1,1,0
RoomPractice,3CupForcedChoice,OP-RP-Allo-PCTB-3CupFreeTrans-1G3RClose-NA-0-OPQ.yml,3CupLikeTasks,1,0,0,0,0,0,,1,,,0,3.0,1,0,0,0,23,0,,,,1,1,0,0,1,1,1,1,1,1,1,1,0,1,1,1,1,1,0,1,0,0,1,1,0,0,1,1,1,1
RoomPractice,3CupForcedChoice,OP-RP-Allo-PCTB-3CupFreeTrans-1G3RFar-NA-0-OpLava.yml,3CupLikeTasks,1,0,1,0,0,0,,1,,,0,3.0,1,0,0,0,33,0,,,,1,0,0,0,1,1,1,1,1,0,1,1,0,0,1,1,1,1,0,0,0,1,1,0,0,0,1,1,1,1
RoomPractice,3CupForcedChoice,OP-RP-Allo-PCTB-3CupFreeTrans-1G3RFar-NA-0-OPQ.yml,3CupLikeTasks,1,0,0,0,0,0,,1,,,0,3.0,1,0,0,0,33,0,,,,1,1,1,0,1,1,1,1,1,1,1,1,0,0,1,1,1,1,0,0,0,0,1,1,0,0,1,1,1,1
RoomPractice,CVChick,OP-RP-Allo-CVChick-G1.51OccluderContra-Left-Beige-0-OPQ.yml,CVChickLikeTasks,1,0,1,1,0,0,Beige,1,,,0,1.5,0,0,1,1,46,0,236.0,195.0,153.0,1,1,0,0,1,0,0,1,1,1,0,1,0,1,1,1,1,1,1,1,0,0,0,0,1,1,0,0,1,1
RoomPractice,CVChick,OP-RP-Allo-CVChick-G1.51OccluderContra-Left-Brown-0-OPQ.yml,CVChickLikeTasks,1,0,1,1,0,0,Brown,1,,,0,1.5,0,0,1,1,46,0,102.0,51.0,1.0,1,1,0,0,1,0,1,1,1,1,0,1,1,1,1,1,1,1,1,1,0,0,0,0,1,1,0,0,1,0
RoomPractice,CVChick,OP-RP-Allo-CVChick-G1.51OccluderContra-Left-DarkBlue-0-OPQ.yml,CVChickLikeTasks,1,0,1,1,0,0,DarkBlue,1,,,0,1.5,0,0,1,1,46,0,1.0,1.0,153.0,1,0,0,0,1,0,0,1,1,1,1,1,0,1,1,1,1,1,1,1,0,1,0,0,1,1,0,0,1,1
RoomPractice,CVChick,OP-RP-Allo-CVChick-G1.51OccluderContra-Left-DarkGreen-0-OPQ.yml,CVChickLikeTasks,1,0,1,1,0,0,DarkGreen,1,,,0,1.5,0,0,1,1,46,0,1.0,100.0,1.0,1,0,0,0,1,0,1,1,1,0,1,1,0,1,1,1,1,1,1,1,0,0,0,0,1,1,0,0,1,1
RoomPractice,CVChick,OP-RP-Allo-CVChick-G1.51OccluderContra-Left-Grey-0-OPQ.yml,CVChickLikeTasks,1,0,1,1,0,0,Grey,1,,,0,1.5,0,0,1,1,46,0,153.0,153.0,153.0,1,1,0,0,1,0,1,1,1,1,1,1,1,1,1,1,1,1,1,1,0,0,0,0,1,0,0,0,1,1
RoomPractice,CVChick,OP-RP-Allo-CVChick-G1.51OccluderContra-Left-OffWhite-0-OPQ.yml,CVChickLikeTasks,1,0,1,1,0,0,OffWhite,1,,,0,1.5,0,0,1,1,46,0,248.0,253.0,212.0,1,0,1,0,1,0,0,0,1,1,0,1,0,1,1,1,1,1,1,1,0,0,0,1,1,1,0,1,1,1
RoomPractice,CVChick,OP-RP-Allo-CVChick-G1.51OccluderContra-Right-Beige-0-OPQ.yml,CVChickLikeTasks,1,0,1,1,0,0,Beige,-1,,,0,1.5,0,0,1,1,46,0,236.0,195.0,153.0,1,0,0,0,1,0,1,1,1,0,1,0,1,1,1,1,1,1,1,1,0,1,0,0,1,0,0,0,1,1
RoomPractice,CVChick,OP-RP-Allo-CVChick-G1.51OccluderContra-Right-Brown-0-OPQ.yml,CVChickLikeTasks,1,0,1,1,0,0,Brown,-1,,,0,1.5,0,0,1,1,46,0,102.0,51.0,1.0,1,0,0,0,1,0,1,1,1,1,0,0,1,1,1,1,1,1,1,1,0,0,0,0,1,1,0,0,1,1
RoomPractice,CVChick,OP-RP-Allo-CVChick-G1.51OccluderContra-Right-DarkBlue-0-OPQ.yml,CVChickLikeTasks,1,0,1,1,0,0,DarkBlue,-1,,,0,1.5,0,0,1,1,46,0,1.0,1.0,153.0,1,1,0,0,1,0,1,1,1,1,1,0,1,1,1,1,0,1,1,1,0,0,0,0,1,1,0,0,1,0
RoomPractice,CVChick,OP-RP-Allo-CVChick-G1.51OccluderContra-Right-DarkGreen-0-OPQ.yml,CVChickLikeTasks,1,0,1,1,0,0,DarkGreen,-1,,,0,1.5,0,0,1,1,46,0,1.0,100.0,1.0,1,0,0,0,1,0,1,1,1,0,1,0,1,0,1,1,1,1,1,1,0,0,0,0,1,1,0,0,1,1
RoomPractice,CVChick,OP-RP-Allo-CVChick-G1.51OccluderContra-Right-Grey-0-OPQ.yml,CVChickLikeTasks,1,0,1,1,0,0,Grey,-1,,,0,1.5,0,0,1,1,46,0,153.0,153.0,153.0,1,1,0,0,1,0,1,1,0,1,0,0,1,1,1,1,1,1,1,0,0,0,0,0,1,1,0,0,1,1
RoomPractice,CVChick,OP-RP-Allo-CVChick-G1.51OccluderContra-Right-OffWhite-0-OPQ.yml,CVChickLikeTasks,1,0,1,1,0,0,OffWhite,-1,,,0,1.5,0,0,1,1,46,0,248.0,253.0,212.0,1,1,0,0,1,0,0,0,1,1,1,1,1,1,1,0,1,1,1,1,0,0,0,0,1,0,0,0,1,1
RoomPractice,CVChick,OP-RP-Allo-CVChick-G1.51OccluderIpsi-Left-Beige-0-OPQ.yml,CVChickLikeTasks,1,0,1,1,0,0,Beige,-1,,,0,1.5,0,0,1,1,46,0,236.0,195.0,153.0,1,0,1,0,1,0,0,1,1,0,1,0,1,0,1,1,1,1,1,1,0,0,0,0,1,1,0,0,1,1
RoomPractice,CVChick,OP-RP-Allo-CVChick-G1.51OccluderIpsi-Left-Brown-0-OPQ.yml,CVChickLikeTasks,1,0,1,1,0,0,Brown,-1,,,0,1.5,0,0,1,1,46,0,102.0,51.0,1.0,1,1,0,0,0,0,1,1,1,1,1,1,1,1,1,1,1,1,1,0,0,0,0,0,1,0,0,0,1,1
RoomPractice,CVChick,OP-RP-Allo-CVChick-G1.51OccluderIpsi-Left-DarkBlue-0-OPQ.yml,CVChickLikeTasks,1,0,1,1,0,0,DarkBlue,-1,,,0,1.5,0,0,1,1,46,0,1.0,1.0,153.0,1,0,0,0,1,1,1,1,1,0,1,1,0,1,1,1,1,1,1,0,0,0,0,0,1,1,0,0,1,1
RoomPractice,CVChick,OP-RP-Allo-CVChick-G1.51OccluderIpsi-Left-DarkGreen-0-OPQ.yml,CVChickLikeTasks,1,0,1,1,0,0,DarkGreen,-1,,,0,1.5,0,0,1,1,46,0,1.0,100.0,1.0,1,1,0,0,1,0,1,1,1,0,0,0,1,0,1,1,0,1,1,1,0,0,0,0,1,1,0,0,1,1
RoomPractice,CVChick,OP-RP-Allo-CVChick-G1.51OccluderIpsi-Left-Grey-0-OPQ.yml,CVChickLikeTasks,1,0,1,1,0,0,Grey,-1,,,0,1.5,0,0,1,1,46,0,153.0,153.0,153.0,1,0,1,0,1,0,1,1,1,0,1,0,1,1,1,1,1,1,1,1,0,1,0,0,1,1,0,0,1,1
RoomPractice,CVChick,OP-RP-Allo-CVChick-G1.51OccluderIpsi-Left-OffWhite-0-OPQ.yml,CVChickLikeTasks,1,0,1,1,0,0,OffWhite,-1,,,0,1.5,0,0,1,1,46,0,248.0,253.0,212.0,1,1,0,0,1,0,0,0,1,0,1,1,1,1,1,1,1,1,1,1,0,0,0,0,1,1,0,0,1,1
RoomPractice,CVChick,OP-RP-Allo-CVChick-G1.51OccluderIpsi-Right-Beige-0-OPQ.yml,CVChickLikeTasks,1,0,1,1,0,0,Beige,1,,,0,1.5,0,0,1,1,46,0,236.0,195.0,153.0,1,1,0,0,1,0,0,1,1,0,0,1,0,1,1,1,1,1,1,0,0,0,0,0,1,1,0,0,1,1
RoomPractice,CVChick,OP-RP-Allo-CVChick-G1.51OccluderIpsi-Right-Brown-0-OPQ.yml,CVChickLikeTasks,1,0,1,1,0,0,Brown,1,,,0,1.5,0,0,1,1,46,0,102.0,51.0,1.0,1,1,0,0,1,0,1,1,1,1,0,1,0,1,1,1,0,0,1,0,0,0,0,0,1,1,0,0,1,1
RoomPractice,CVChick,OP-RP-Allo-CVChick-G1.51OccluderIpsi-Right-DarkBlue-0-OPQ.yml,CVChickLikeTasks,1,0,1,1,0,0,DarkBlue,1,,,0,1.5,0,0,1,1,46,0,1.0,1.0,153.0,1,0,0,0,1,0,0,1,1,0,0,1,0,1,1,1,1,1,1,0,0,0,0,0,1,1,0,0,1,1
RoomPractice,CVChick,OP-RP-Allo-CVChick-G1.51OccluderIpsi-Right-DarkGreen-0-OPQ.yml,CVChickLikeTasks,1,0,1,1,0,0,DarkGreen,1,,,0,1.5,0,0,1,1,46,0,1.0,100.0,1.0,1,0,0,0,1,0,1,1,1,1,0,1,0,1,1,1,0,0,1,1,0,0,0,0,1,1,0,0,1,1
RoomPractice,CVChick,OP-RP-Allo-CVChick-G1.51OccluderIpsi-Right-Grey-0-OPQ.yml,CVChickLikeTasks,1,0,1,1,0,0,Grey,1,,,0,1.5,0,0,1,1,46,0,153.0,153.0,153.0,1,0,0,0,1,0,1,1,1,0,0,1,0,1,1,1,1,1,1,1,0,0,0,0,1,1,0,1,1,1
RoomPractice,CVChick,OP-RP-Allo-CVChick-G1.51OccluderIpsi-Right-OffWhite-0-OPQ.yml,CVChickLikeTasks,1,0,1,1,0,0,OffWhite,1,,,0,1.5,0,0,1,1,46,0,248.0,253.0,212.0,1,0,0,0,1,0,0,0,1,0,1,1,0,1,1,1,1,1,1,1,0,0,0,0,1,1,0,0,1,0
RoomPractice,CVChick,OP-RP-Allo-CVChick-G1.51ThinContra-Right-Beige-0-OPQ.yml,CVChickLikeTasks,1,0,1,1,0,0,Beige,-1,,,0,1.5,0,0,1,1,46,0,236.0,195.0,153.0,1,0,0,0,1,0,0,0,1,0,1,1,1,1,1,1,1,1,1,1,0,0,0,1,1,1,0,0,1,1
RoomPractice,CVChick,OP-RP-Allo-CVChick-G1.51ThinContra-Right-Brown-0-OPQ.yml,CVChickLikeTasks,1,0,1,1,0,0,Brown,-1,,,0,1.5,0,0,1,1,46,0,102.0,51.0,1.0,1,0,0,0,1,0,1,1,1,1,1,0,1,1,1,1,1,1,1,1,0,0,0,0,1,1,0,0,1,1
RoomPractice,CVChick,OP-RP-Allo-CVChick-G1.51ThinContra-Right-DarkBlue-0-OPQ.yml,CVChickLikeTasks,1,0,1,1,0,0,DarkBlue,-1,,,0,1.5,0,0,1,1,46,0,1.0,1.0,153.0,1,1,0,0,1,0,1,1,1,0,0,1,1,1,1,1,1,1,1,1,0,0,0,1,1,1,0,0,1,1
RoomPractice,CVChick,OP-RP-Allo-CVChick-G1.51ThinContra-Right-DarkGreen-0-OPQ.yml,CVChickLikeTasks,1,0,1,1,0,0,DarkGreen,-1,,,0,1.5,0,0,1,1,46,0,1.0,100.0,1.0,1,0,0,0,1,0,1,1,1,0,1,1,1,1,1,1,1,1,1,1,0,0,0,0,1,0,0,0,1,1
RoomPractice,CVChick,OP-RP-Allo-CVChick-G1.51ThinContra-Right-Grey-0-OPQ.yml,CVChickLikeTasks,1,0,1,1,0,0,Grey,-1,,,0,1.5,0,0,1,1,46,0,153.0,153.0,153.0,1,1,0,0,1,0,1,1,1,0,1,0,1,1,1,1,1,1,1,1,0,0,0,0,1,1,0,0,1,1
RoomPractice,CVChick,OP-RP-Allo-CVChick-G1.51ThinContra-Right-OffWhite-0-OPQ.yml,CVChickLikeTasks,1,0,1,1,0,0,OffWhite,-1,,,0,1.5,0,0,1,1,46,0,248.0,253.0,212.0,1,1,1,0,1,0,0,0,1,1,0,0,1,1,1,1,1,1,1,0,0,0,0,0,1,1,0,0,1,1
RoomPractice,CVChick,OP-RP-Allo-CVChick-G1.51ThinIpsi-Left-Beige-0-OPQ.yml,CVChickLikeTasks,1,0,1,1,0,0,Beige,-1,,,0,1.5,0,0,1,1,46,0,236.0,195.0,153.0,1,1,0,0,1,0,0,1,1,0,0,0,1,1,1,1,1,1,1,0,0,0,0,0,1,1,0,0,1,1
RoomPractice,CVChick,OP-RP-Allo-CVChick-G1.51ThinIpsi-Left-Brown-0-OPQ.yml,CVChickLikeTasks,1,0,1,1,0,0,Brown,-1,,,0,1.5,0,0,1,1,46,0,102.0,51.0,1.0,1,0,0,0,1,0,1,1,1,0,0,0,1,1,1,1,1,1,1,1,0,1,0,0,1,0,0,0,1,1
RoomPractice,CVChick,OP-RP-Allo-CVChick-G1.51ThinIpsi-Left-DarkBlue-0-OPQ.yml,CVChickLikeTasks,1,0,1,1,0,0,DarkBlue,-1,,,0,1.5,0,0,1,1,46,0,1.0,1.0,153.0,1,1,0,0,0,0,1,1,1,1,0,0,1,1,1,1,1,1,1,1,0,0,0,1,1,1,0,0,1,0
RoomPractice,CVChick,OP-RP-Allo-CVChick-G1.51ThinIpsi-Left-DarkGreen-0-OPQ.yml,CVChickLikeTasks,1,0,1,1,0,0,DarkGreen,-1,,,0,1.5,0,0,1,1,46,0,1.0,100.0,1.0,1,1,1,0,1,0,1,1,1,0,1,0,1,1,1,1,1,1,1,0,0,0,0,0,1,1,0,0,1,1
RoomPractice,CVChick,OP-RP-Allo-CVChick-G1.51ThinIpsi-Left-Grey-0-OPQ.yml,CVChickLikeTasks,1,0,1,1,0,0,Grey,-1,,,0,1.5,0,0,1,1,46,0,153.0,153.0,153.0,1,0,0,0,1,0,1,1,1,1,0,0,1,0,1,1,1,1,1,1,0,0,0,0,1,1,0,0,1,1
RoomPractice,CVChick,OP-RP-Allo-CVChick-G1.51ThinIpsi-Left-OffWhite-0-OPQ.yml,CVChickLikeTasks,1,0,1,1,0,0,OffWhite,-1,,,0,1.5,0,0,1,1,46,0,248.0,253.0,212.0,1,0,0,0,1,0,0,0,1,0,1,0,1,1,1,1,1,1,1,0,0,1,0,0,1,1,0,0,1,0
RoomPractice,CVChick,OP-RP-Allo-CVChick-G1.51ThinIpsi-Right-Beige-0-OPQ.yml,CVChickLikeTasks,1,0,1,1,0,0,Beige,1,,,0,1.5,0,0,1,1,46,0,236.0,195.0,153.0,1,1,0,0,1,0,0,0,0,1,0,1,1,1,1,1,1,0,1,0,0,0,0,1,1,1,0,0,1,1
RoomPractice,CVChick,OP-RP-Allo-CVChick-G1.51ThinIpsi-Right-Brown-0-OPQ.yml,CVChickLikeTasks,1,0,1,1,0,0,Brown,1,,,0,1.5,0,0,1,1,46,0,102.0,51.0,1.0,1,0,0,0,1,0,1,1,1,0,1,1,0,1,1,1,0,1,1,1,0,0,0,0,1,1,0,0,1,1
RoomPractice,CVChick,OP-RP-Allo-CVChick-G1.51ThinIpsi-Right-DarkBlue-0-OPQ.yml,CVChickLikeTasks,1,0,1,1,0,0,DarkBlue,1,,,0,1.5,0,0,1,1,46,0,1.0,1.0,153.0,1,1,0,0,1,1,1,1,1,0,1,1,0,1,1,1,1,1,1,1,0,0,0,0,1,1,0,0,1,1
RoomPractice,CVChick,OP-RP-Allo-CVChick-G1.51ThinIpsi-Right-DarkGreen-0-OPQ.yml,CVChickLikeTasks,1,0,1,1,0,0,DarkGreen,1,,,0,1.5,0,0,1,1,46,0,1.0,100.0,1.0,1,0,0,0,1,0,1,1,1,1,0,1,0,1,1,1,1,1,1,1,0,0,0,0,1,1,0,0,1,1
RoomPractice,CVChick,OP-RP-Allo-CVChick-G1.51ThinIpsi-Right-Grey-0-OPQ.yml,CVChickLikeTasks,1,0,1,1,0,0,Grey,1,,,0,1.5,0,0,1,1,46,0,153.0,153.0,153.0,1,1,0,0,1,0,1,1,0,1,1,1,0,1,1,1,1,1,1,0,0,0,0,0,1,1,0,0,1,0
RoomPractice,CVChick,OP-RP-Allo-CVChick-G1.51ThinIpsi-Right-OffWhite-0-OPQ.yml,CVChickLikeTasks,1,0,1,1,0,0,OffWhite,1,,,0,1.5,0,0,1,1,46,0,248.0,253.0,212.0,1,0,0,0,1,0,0,0,1,1,0,1,0,1,1,1,0,1,1,1,0,1,0,0,1,0,0,1,1,1
RoomPractice,CVChick,OP-RP-Allo-CVChick-G1.51TransContra-Left-NA-0-Trans.yml,CVChickLikeTasks,1,0,1,1,0,0,,1,,,0,1.5,1,0,1,1,46,0,,,,1,0,0,0,1,0,1,0,1,1,1,1,0,0,1,1,1,1,1,1,0,0,0,0,1,1,0,0,1,1
RoomPractice,CVChick,OP-RP-Allo-CVChick-G1.51TransContra-Right-NA-0-Trans.yml,CVChickLikeTasks,1,0,1,1,0,0,,-1,,,0,1.5,1,0,1,1,46,0,,,,1,0,0,0,1,0,1,1,1,1,0,0,1,1,1,1,1,1,1,1,0,0,0,0,1,1,0,0,1,1
RoomPractice,CVChick,OP-RP-Allo-CVChick-G1.51TransIpsi-Left-NA-0-Trans.yml,CVChickLikeTasks,1,0,1,1,0,0,,-1,,,0,1.5,1,0,1,1,46,0,,,,1,0,0,0,1,0,1,1,1,1,1,1,1,1,1,1,1,1,1,1,0,0,0,0,1,1,0,0,1,1
RoomPractice,CVChick,OP-RP-Allo-CVChick-G1.51TransIpsi-Right-NA-0-Trans.yml,CVChickLikeTasks,1,0,1,1,0,0,,1,,,0,1.5,1,0,1,1,46,0,,,,1,1,0,0,1,0,1,1,1,1,1,1,1,1,1,1,1,1,1,1,0,0,0,0,1,0,0,0,1,1
RoomPractice,CVChick,OP-RP-Allo-CVChick-G1.51XtraLowContra-Left-Beige-0-OPQ.yml,CVChickLikeTasks,1,0,1,1,0,0,Beige,1,,,0,1.5,0,0,1,1,46,0,236.0,195.0,153.0,1,0,1,0,1,0,0,1,1,1,1,1,1,1,1,1,1,1,1,1,0,0,0,0,1,1,0,0,1,1
RoomPractice,CVChick,OP-RP-Allo-CVChick-G1.51XtraLowContra-Left-Brown-0-OPQ.yml,CVChickLikeTasks,1,0,1,1,0,0,Brown,1,,,0,1.5,0,0,1,1,46,0,102.0,51.0,1.0,1,0,0,0,1,0,0,1,1,1,0,1,0,1,1,1,1,1,1,1,0,1,0,0,1,1,0,0,1,0
RoomPractice,CVChick,OP-RP-Allo-CVChick-G1.51XtraLowContra-Left-DarkBlue-0-OPQ.yml,CVChickLikeTasks,1,0,1,1,0,0,DarkBlue,1,,,0,1.5,0,0,1,1,46,0,1.0,1.0,153.0,1,0,0,0,1,0,1,1,1,1,0,1,0,0,1,1,1,1,1,0,0,0,0,0,1,1,0,0,1,1
RoomPractice,CVChick,OP-RP-Allo-CVChick-G1.51XtraLowContra-Left-DarkGreen-0-OPQ.yml,CVChickLikeTasks,1,0,1,1,0,0,DarkGreen,1,,,0,1.5,0,0,1,1,46,0,1.0,100.0,1.0,1,1,0,0,1,0,1,1,1,0,0,1,0,1,1,1,1,1,1,0,0,0,0,0,1,1,0,0,1,1
RoomPractice,CVChick,OP-RP-Allo-CVChick-G1.51XtraLowContra-Left-Grey-0-OPQ.yml,CVChickLikeTasks,1,0,1,1,0,0,Grey,1,,,0,1.5,0,0,1,1,46,0,153.0,153.0,153.0,1,0,0,0,1,0,0,1,1,1,1,1,0,0,1,1,1,1,1,1,0,0,0,0,1,1,0,0,1,1
RoomPractice,CVChick,OP-RP-Allo-CVChick-G1.51XtraLowContra-Left-OffWhite-0-OPQ.yml,CVChickLikeTasks,1,0,1,1,0,0,OffWhite,1,,,0,1.5,0,0,1,1,46,0,248.0,253.0,212.0,1,1,0,0,1,0,0,0,1,1,1,1,0,1,1,1,1,1,1,1,0,0,0,0,1,1,0,0,1,1
RoomPractice,CVChick,OP-RP-Allo-CVChick-G1.51XtraLowContra-Right-Beige-0-OPQ.yml,CVChickLikeTasks,1,0,1,1,0,0,Beige,-1,,,0,1.5,0,0,1,1,46,0,236.0,195.0,153.0,1,1,0,0,1,0,0,1,1,0,1,0,1,1,1,1,1,1,1,1,0,0,0,0,1,1,0,1,1,0
RoomPractice,CVChick,OP-RP-Allo-CVChick-G1.51XtraLowContra-Right-Brown-0-OPQ.yml,CVChickLikeTasks,1,0,1,1,0,0,Brown,-1,,,0,1.5,0,0,1,1,46,0,102.0,51.0,1.0,1,1,0,0,1,0,1,1,1,1,1,0,1,1,1,0,1,1,1,1,0,0,0,0,1,1,0,0,1,1
RoomPractice,CVChick,OP-RP-Allo-CVChick-G1.51XtraLowContra-Right-DarkBlue-0-OPQ.yml,CVChickLikeTasks,1,0,1,1,0,0,DarkBlue,-1,,,0,1.5,0,0,1,1,46,0,1.0,1.0,153.0,1,0,0,0,1,0,1,0,1,0,0,1,1,1,1,1,1,1,1,1,0,0,0,0,1,1,0,0,1,1
RoomPractice,CVChick,OP-RP-Allo-CVChick-G1.51XtraLowContra-Right-DarkGreen-0-OPQ.yml,CVChickLikeTasks,1,0,1,1,0,0,DarkGreen,-1,,,0,1.5,0,0,1,1,46,0,1.0,100.0,1.0,1,1,0,0,0,1,1,1,1,1,1,0,1,1,1,1,1,1,1,0,0,1,0,0,1,1,0,0,1,0
RoomPractice,CVChick,OP-RP-Allo-CVChick-G1.51XtraLowContra-Right-Grey-0-OPQ.yml,CVChickLikeTasks,1,0,1,1,0,0,Grey,-1,,,0,1.5,0,0,1,1,46,0,153.0,153.0,153.0,1,0,0,0,1,0,1,1,1,0,1,0,1,1,1,0,1,1,1,1,0,0,0,0,1,1,0,0,1,1
RoomPractice,CVChick,OP-RP-Allo-CVChick-G1.51XtraLowContra-Right-OffWhite-0-OPQ.yml,CVChickLikeTasks,1,0,1,1,0,0,OffWhite,-1,,,0,1.5,0,0,1,1,46,0,248.0,253.0,212.0,1,1,0,0,1,0,0,0,1,1,0,0,1,1,1,1,1,1,1,1,0,1,0,0,1,0,0,0,1,1
RoomPractice,CVChick,OP-RP-Allo-CVChick-G1.51XtraLowIpsi-Left-Beige-0-OPQ.yml,CVChickLikeTasks,1,0,1,1,0,0,Beige,-1,,,0,1.5,0,0,1,1,46,0,236.0,195.0,153.0,1,0,1,0,1,0,0,1,1,0,0,0,1,1,1,1,1,1,1,1,0,0,0,0,1,1,0,0,1,1
RoomPractice,CVChick,OP-RP-Allo-CVChick-G1.51XtraLowIpsi-Left-Brown-0-OPQ.yml,CVChickLikeTasks,1,0,1,1,0,0,Brown,-1,,,0,1.5,0,0,1,1,46,0,102.0,51.0,1.0,1,0,0,0,1,0,1,1,1,1,1,1,1,1,1,1,1,1,1,1,0,0,0,0,1,1,0,1,1,1
RoomPractice,CVChick,OP-RP-Allo-CVChick-G1.51XtraLowIpsi-Left-DarkBlue-0-OPQ.yml,CVChickLikeTasks,1,0,1,1,0,0,DarkBlue,-1,,,0,1.5,0,0,1,1,46,0,1.0,1.0,153.0,1,1,0,0,1,0,1,1,1,0,1,0,0,1,1,1,1,1,1,0,0,0,0,0,1,1,0,0,1,1
RoomPractice,CVChick,OP-RP-Allo-CVChick-G1.51XtraLowIpsi-Left-DarkGreen-0-OPQ.yml,CVChickLikeTasks,1,0,1,1,0,0,DarkGreen,-1,,,0,1.5,0,0,1,1,46,0,1.0,100.0,1.0,1,1,0,0,1,0,1,1,1,0,0,0,1,1,1,1,1,1,1,1,0,0,0,1,1,1,0,0,1,1
RoomPractice,CVChick,OP-RP-Allo-CVChick-G1.51XtraLowIpsi-Left-Grey-0-OPQ.yml,CVChickLikeTasks,1,0,1,1,0,0,Grey,-1,,,0,1.5,0,0,1,1,46,0,153.0,153.0,153.0,1,0,0,0,0,0,1,1,1,1,1,1,1,1,1,1,1,1,1,1,0,0,0,0,1,1,0,0,1,1
RoomPractice,CVChick,OP-RP-Allo-CVChick-G1.51XtraLowIpsi-Left-OffWhite-0-OPQ.yml,CVChickLikeTasks,1,0,1,1,0,0,OffWhite,-1,,,0,1.5,0,0,1,1,46,0,248.0,253.0,212.0,1,1,1,1,1,0,0,0,1,0,1,1,1,1,1,1,1,1,1,1,0,0,0,0,1,1,0,0,1,0
RoomPractice,CVChick,OP-RP-Allo-CVChick-G1.51XtraLowIpsi-Right-Beige-0-OPQ.yml,CVChickLikeTasks,1,0,1,1,0,0,Beige,1,,,0,1.5,0,0,1,1,46,0,236.0,195.0,153.0,1,0,0,0,1,0,1,1,1,0,0,1,0,1,1,1,1,1,1,1,0,0,0,0,1,1,0,0,1,1
RoomPractice,CVChick,OP-RP-Allo-CVChick-G1.51XtraLowIpsi-Right-Brown-0-OPQ.yml,CVChickLikeTasks,1,0,1,1,0,0,Brown,1,,,0,1.5,0,0,1,1,46,0,102.0,51.0,1.0,1,1,0,0,1,0,1,1,1,0,0,1,1,1,1,1,1,1,1,1,0,0,0,0,1,1,0,0,1,1
RoomPractice,CVChick,OP-RP-Allo-CVChick-G1.51XtraLowIpsi-Right-DarkBlue-0-OPQ.yml,CVChickLikeTasks,1,0,1,1,0,0,DarkBlue,1,,,0,1.5,0,0,1,1,46,0,1.0,1.0,153.0,1,0,1,0,1,0,1,1,1,1,0,1,1,1,1,1,1,1,1,1,0,0,0,1,1,0,0,1,1,0
RoomPractice,CVChick,OP-RP-Allo-CVChick-G1.51XtraLowIpsi-Right-DarkGreen-0-OPQ.yml,CVChickLikeTasks,1,0,1,1,0,0,DarkGreen,1,,,0,1.5,0,0,1,1,46,0,1.0,100.0,1.0,1,1,0,0,1,0,1,1,1,0,0,1,0,1,1,1,1,0,1,1,0,0,0,1,1,0,0,0,1,1
RoomPractice,CVChick,OP-RP-Allo-CVChick-G1.51XtraLowIpsi-Right-Grey-0-OPQ.yml,CVChickLikeTasks,1,0,1,1,0,0,Grey,1,,,0,1.5,0,0,1,1,46,0,153.0,153.0,153.0,1,0,1,0,1,0,1,1,1,0,0,1,0,1,1,1,1,1,1,1,0,0,0,0,1,1,0,0,1,1
RoomPractice,CVChick,OP-RP-Allo-CVChick-G1.51XtraLowIpsi-Right-OffWhite-0-OPQ.yml,CVChickLikeTasks,1,0,1,1,0,0,OffWhite,1,,,0,1.5,0,0,1,1,46,0,248.0,253.0,212.0,1,1,0,0,1,0,1,0,1,1,0,1,0,1,1,1,1,1,1,0,0,0,0,0,1,1,0,1,1,1
RoomPractice,CVChick,OP-RP-Allo-CVChick-G1.52Occluder-Left-Beige-0-OPQ.yml,CVChickLikeTasks,1,0,1,1,0,0,Beige,-1,,,0,1.5,0,0,1,1,46,0,236.0,195.0,153.0,1,0,1,0,1,0,0,1,1,0,0,0,1,1,1,1,1,1,1,1,0,0,0,1,1,0,0,0,1,1
RoomPractice,CVChick,OP-RP-Allo-CVChick-G1.52Occluder-Left-Brown-0-OPQ.yml,CVChickLikeTasks,1,0,1,1,0,0,Brown,-1,,,0,1.5,0,0,1,1,46,0,102.0,51.0,1.0,1,0,0,0,1,0,1,1,1,1,0,1,1,0,1,1,1,1,1,1,0,0,0,1,1,1,0,0,1,1
RoomPractice,CVChick,OP-RP-Allo-CVChick-G1.52Occluder-Left-DarkBlue-0-OPQ.yml,CVChickLikeTasks,1,0,1,1,0,0,DarkBlue,-1,,,0,1.5,0,0,1,1,46,0,1.0,1.0,153.0,1,1,0,0,1,0,1,1,1,0,1,0,1,1,1,1,1,1,1,1,0,1,0,0,1,1,0,0,1,1
RoomPractice,CVChick,OP-RP-Allo-CVChick-G1.52Occluder-Left-DarkGreen-0-OPQ.yml,CVChickLikeTasks,1,0,1,1,0,0,DarkGreen,-1,,,0,1.5,0,0,1,1,46,0,1.0,100.0,1.0,1,0,0,0,1,0,1,1,1,1,0,1,1,1,1,1,1,1,1,0,0,0,0,0,1,0,0,0,1,1
RoomPractice,CVChick,OP-RP-Allo-CVChick-G1.52Occluder-Left-Grey-0-OPQ.yml,CVChickLikeTasks,1,0,1,1,0,0,Grey,-1,,,0,1.5,0,0,1,1,46,0,153.0,153.0,153.0,1,0,0,0,1,0,1,1,1,1,1,0,1,1,1,1,1,1,1,1,0,1,0,0,1,1,0,1,1,0
RoomPractice,CVChick,OP-RP-Allo-CVChick-G1.52Occluder-Left-OffWhite-0-OPQ.yml,CVChickLikeTasks,1,0,1,1,0,0,OffWhite,-1,,,0,1.5,0,0,1,1,46,0,248.0,253.0,212.0,1,0,0,0,1,0,0,0,1,1,0,0,1,1,1,1,1,1,1,1,0,0,0,0,1,1,0,0,1,1
RoomPractice,CVChick,OP-RP-Allo-CVChick-G1.52Occluder-Right-Beige-0-OPQ.yml,CVChickLikeTasks,1,0,1,1,0,0,Beige,1,,,0,1.5,0,0,1,1,46,0,236.0,195.0,153.0,1,1,0,0,1,0,1,1,1,1,1,1,0,1,1,1,1,1,1,1,0,1,0,0,1,1,0,0,1,1
RoomPractice,CVChick,OP-RP-Allo-CVChick-G1.52Occluder-Right-Brown-0-OPQ.yml,CVChickLikeTasks,1,0,1,1,0,0,Brown,1,,,0,1.5,0,0,1,1,46,0,102.0,51.0,1.0,1,0,0,0,1,0,1,1,1,1,1,1,0,0,1,1,1,1,1,1,0,0,0,0,1,0,0,0,1,0
RoomPractice,CVChick,OP-RP-Allo-CVChick-G1.52Occluder-Right-DarkBlue-0-OPQ.yml,CVChickLikeTasks,1,0,1,1,0,0,DarkBlue,1,,,0,1.5,0,0,1,1,46,0,1.0,1.0,153.0,1,1,0,0,1,0,1,1,1,0,0,1,1,1,1,1,1,1,1,1,0,0,0,0,1,1,0,0,1,0
RoomPractice,CVChick,OP-RP-Allo-CVChick-G1.52Occluder-Right-DarkGreen-0-OPQ.yml,CVChickLikeTasks,1,0,1,1,0,0,DarkGreen,1,,,0,1.5,0,0,1,1,46,0,1.0,100.0,1.0,1,0,0,0,1,1,1,1,1,1,0,1,0,1,1,1,1,1,1,1,0,0,0,0,1,1,0,0,1,1
RoomPractice,CVChick,OP-RP-Allo-CVChick-G1.52Occluder-Right-Grey-0-OPQ.yml,CVChickLikeTasks,1,0,1,1,0,0,Grey,1,,,0,1.5,0,0,1,1,46,0,153.0,153.0,153.0,1,0,0,0,1,1,1,1,1,1,0,1,0,1,1,1,1,1,1,1,0,0,0,0,1,1,0,0,1,1
RoomPractice,CVChick,OP-RP-Allo-CVChick-G1.52Occluder-Right-OffWhite-0-OPQ.yml,CVChickLikeTasks,1,0,1,1,0,0,OffWhite,1,,,0,1.5,0,0,1,1,46,0,248.0,253.0,212.0,1,1,0,0,1,0,0,0,1,1,1,1,0,1,1,1,1,1,1,0,0,0,0,0,1,1,0,0,1,1
RoomPractice,CVChick,OP-RP-Allo-CVChick-G1.52Thin-Left-Beige-0-OPQ.yml,CVChickLikeTasks,1,0,1,1,0,0,Beige,-1,,,0,1.5,0,0,1,1,46,0,236.0,195.0,153.0,1,1,0,0,1,0,0,1,1,1,1,0,0,1,1,1,1,0,1,1,0,0,0,0,1,1,0,0,1,1
RoomPractice,CVChick,OP-RP-Allo-CVChick-G1.52Thin-Left-Brown-0-OPQ.yml,CVChickLikeTasks,1,0,1,1,0,0,Brown,-1,,,0,1.5,0,0,1,1,46,0,102.0,51.0,1.0,1,1,0,0,1,0,1,1,1,1,1,0,0,1,1,1,1,1,1,0,0,1,0,0,1,1,0,0,1,1
RoomPractice,CVChick,OP-RP-Allo-CVChick-G1.52Thin-Left-DarkBlue-0-OPQ.yml,CVChickLikeTasks,1,0,1,1,0,0,DarkBlue,-1,,,0,1.5,0,0,1,1,46,0,1.0,1.0,153.0,1,1,0,0,1,1,1,1,1,0,1,1,1,1,1,1,1,1,1,1,0,0,0,0,1,1,0,0,1,0
RoomPractice,CVChick,OP-RP-Allo-CVChick-G1.52Thin-Left-DarkGreen-0-OPQ.yml,CVChickLikeTasks,1,0,1,1,0,0,DarkGreen,-1,,,0,1.5,0,0,1,1,46,0,1.0,100.0,1.0,1,0,0,0,1,0,1,1,1,1,0,0,1,1,1,1,1,1,1,1,0,0,0,0,1,1,0,0,1,0
RoomPractice,CVChick,OP-RP-Allo-CVChick-G1.52Thin-Left-Grey-0-OPQ.yml,CVChickLikeTasks,1,0,1,1,0,0,Grey,-1,,,0,1.5,0,0,1,1,46,0,153.0,153.0,153.0,1,0,0,0,0,0,1,1,1,0,0,1,1,0,1,1,0,1,1,0,0,0,0,0,1,1,0,0,1,0
RoomPractice,CVChick,OP-RP-Allo-CVChick-G1.52Thin-Left-OffWhite-0-OPQ.yml,CVChickLikeTasks,1,0,1,1,0,0,OffWhite,-1,,,0,1.5,0,0,1,1,46,0,248.0,253.0,212.0,1,1,0,0,1,1,1,0,1,0,0,0,1,0,1,1,1,1,1,1,0,0,0,1,1,0,0,0,1,1
RoomPractice,CVChick,OP-RP-Allo-CVChick-G1.52Thin-Right-Beige-0-OPQ.yml,CVChickLikeTasks,1,0,1,1,0,0,Beige,1,,,0,1.5,0,0,1,1,46,0,236.0,195.0,153.0,1,1,1,0,1,0,0,1,1,1,1,1,1,1,1,1,1,1,1,1,0,0,0,0,1,1,0,0,1,1
RoomPractice,CVChick,OP-RP-Allo-CVChick-G1.52Thin-Right-Brown-0-OPQ.yml,CVChickLikeTasks,1,0,1,1,0,0,Brown,1,,,0,1.5,0,0,1,1,46,0,102.0,51.0,1.0,1,1,0,0,1,0,1,1,1,0,1,1,0,1,1,1,1,1,1,0,0,0,0,0,1,1,0,1,1,1
RoomPractice,CVChick,OP-RP-Allo-CVChick-G1.52Thin-Right-DarkBlue-0-OPQ.yml,CVChickLikeTasks,1,0,1,1,0,0,DarkBlue,1,,,0,1.5,0,0,1,1,46,0,1.0,1.0,153.0,1,1,0,0,1,0,1,1,1,1,0,1,0,1,1,1,1,1,1,1,0,1,0,0,1,1,0,0,1,1
RoomPractice,CVChick,OP-RP-Allo-CVChick-G1.52Thin-Right-DarkGreen-0-OPQ.yml,CVChickLikeTasks,1,0,1,1,0,0,DarkGreen,1,,,0,1.5,0,0,1,1,46,0,1.0,100.0,1.0,1,0,0,0,1,0,1,1,1,1,0,1,0,1,1,1,1,1,1,0,0,0,0,0,1,1,0,0,1,1
RoomPractice,CVChick,OP-RP-Allo-CVChick-G1.52Thin-Right-Grey-0-OPQ.yml,CVChickLikeTasks,1,0,1,1,0,0,Grey,1,,,0,1.5,0,0,1,1,46,0,153.0,153.0,153.0,1,0,0,0,1,0,1,1,1,1,0,1,0,1,1,1,1,1,1,1,0,1,0,0,1,0,0,0,1,1
RoomPractice,CVChick,OP-RP-Allo-CVChick-G1.52Thin-Right-OffWhite-0-OPQ.yml,CVChickLikeTasks,1,0,1,1,0,0,OffWhite,1,,,0,1.5,0,0,1,1,46,0,248.0,253.0,212.0,1,1,0,0,1,0,1,0,1,0,0,1,1,1,1,1,1,1,1,0,0,0,0,0,1,1,0,0,1,1
RoomPractice,CVChick,OP-RP-Allo-CVChick-G1.52Trans-Left-NA-0-Trans.yml,CVChickLikeTasks,1,0,1,1,0,0,,-1,,,0,1.5,1,0,1,1,46,0,,,,1,0,0,0,1,0,1,1,1,0,1,0,0,1,1,1,1,1,1,1,0,0,0,0,1,1,0,0,1,1
RoomPractice,CVChick,OP-RP-Allo-CVChick-G1.52Trans-Right-NA-0-Trans.yml,CVChickLikeTasks,1,0,1,1,0,0,,1,,,0,1.5,1,0,1,1,46,0,,,,1,1,0,0,1,0,1,1,1,1,0,1,0,1,1,1,1,1,1,1,0,0,0,0,1,1,0,0,1,1
RoomPractice,CVChick,OP-RP-Allo-CVChick-G1.52XtraLow-Left-Beige-0-OPQ.yml,CVChickLikeTasks,1,0,1,1,0,0,Beige,-1,,,0,1.5,0,0,1,1,46,0,236.0,195.0,153.0,1,1,0,0,1,1,0,1,1,1,1,1,1,1,1,1,1,1,1,0,0,0,0,0,1,0,0,0,1,1
RoomPractice,CVChick,OP-RP-Allo-CVChick-G1.52XtraLow-Left-Brown-0-OPQ.yml,CVChickLikeTasks,1,0,1,1,0,0,Brown,-1,,,0,1.5,0,0,1,1,46,0,102.0,51.0,1.0,1,0,0,0,1,0,1,1,1,1,0,0,1,1,1,1,0,1,1,1,0,0,0,0,1,0,0,0,1,0
RoomPractice,CVChick,OP-RP-Allo-CVChick-G1.52XtraLow-Left-DarkBlue-0-OPQ.yml,CVChickLikeTasks,1,0,1,1,0,0,DarkBlue,-1,,,0,1.5,0,0,1,1,46,0,1.0,1.0,153.0,1,0,0,0,1,0,1,1,1,0,1,0,0,1,1,1,1,1,1,0,0,0,0,0,1,0,0,0,1,1
RoomPractice,CVChick,OP-RP-Allo-CVChick-G1.52XtraLow-Left-DarkGreen-0-OPQ.yml,CVChickLikeTasks,1,0,1,1,0,0,DarkGreen,-1,,,0,1.5,0,0,1,1,46,0,1.0,100.0,1.0,1,1,0,0,1,0,1,1,1,0,0,0,1,1,1,1,1,1,1,1,0,0,0,0,1,0,0,0,1,1
RoomPractice,CVChick,OP-RP-Allo-CVChick-G1.52XtraLow-Left-Grey-0-OPQ.yml,CVChickLikeTasks,1,0,1,1,0,0,Grey,-1,,,0,1.5,0,0,1,1,46,0,153.0,153.0,153.0,1,1,0,0,1,0,1,1,1,1,0,1,1,1,1,1,0,1,1,0,0,0,0,0,1,0,0,0,1,1
RoomPractice,CVChick,OP-RP-Allo-CVChick-G1.52XtraLow-Left-OffWhite-0-OPQ.yml,CVChickLikeTasks,1,0,1,1,0,0,OffWhite,-1,,,0,1.5,0,0,1,1,46,0,248.0,253.0,212.0,1,0,0,0,1,0,0,0,1,1,0,1,0,0,1,1,1,1,1,1,0,0,0,1,1,1,0,0,1,1
RoomPractice,CVChick,OP-RP-Allo-CVChick-G1.52XtraLow-Right-Beige-0-OPQ.yml,CVChickLikeTasks,1,0,1,1,0,0,Beige,1,,,0,1.5,0,0,1,1,46,0,236.0,195.0,153.0,1,0,0,0,1,0,0,1,1,1,1,1,0,1,1,1,1,1,1,1,0,0,0,0,1,0,0,0,1,0
RoomPractice,CVChick,OP-RP-Allo-CVChick-G1.52XtraLow-Right-Brown-0-OPQ.yml,CVChickLikeTasks,1,0,1,1,0,0,Brown,1,,,0,1.5,0,0,1,1,46,0,102.0,51.0,1.0,1,1,0,0,1,0,1,1,1,1,0,1,1,1,1,1,1,1,1,1,0,1,0,1,1,1,0,1,1,1
RoomPractice,CVChick,OP-RP-Allo-CVChick-G1.52XtraLow-Right-DarkBlue-0-OPQ.yml,CVChickLikeTasks,1,0,1,1,0,0,DarkBlue,1,,,0,1.5,0,0,1,1,46,0,1.0,1.0,153.0,1,0,0,0,1,0,1,1,1,0,0,1,0,1,1,1,1,1,1,0,0,0,0,0,1,1,0,0,1,1
RoomPractice,CVChick,OP-RP-Allo-CVChick-G1.52XtraLow-Right-DarkGreen-0-OPQ.yml,CVChickLikeTasks,1,0,1,1,0,0,DarkGreen,1,,,0,1.5,0,0,1,1,46,0,1.0,100.0,1.0,1,0,0,0,1,0,1,1,1,1,1,0,0,1,1,1,1,1,1,0,0,0,0,0,1,1,0,0,1,1
RoomPractice,CVChick,OP-RP-Allo-CVChick-G1.52XtraLow-Right-Grey-0-OPQ.yml,CVChickLikeTasks,1,0,1,1,0,0,Grey,1,,,0,1.5,0,0,1,1,46,0,153.0,153.0,153.0,1,0,1,0,1,0,1,1,1,1,0,1,0,1,1,1,1,1,1,0,0,0,0,0,1,1,0,0,1,1
RoomPractice,CVChick,OP-RP-Allo-CVChick-G1.52XtraLow-Right-OffWhite-0-OPQ.yml,CVChickLikeTasks,1,0,1,1,0,0,OffWhite,1,,,0,1.5,0,0,1,1,46,0,248.0,253.0,212.0,1,0,0,0,1,0,0,0,1,0,0,1,0,1,1,1,1,1,1,0,0,0,0,0,1,1,0,0,1,1
RoomPractice,CVChick,OP-RP-Allo-CVChick-G1.5NoOccluder-Left-NA-0-NA.yml,CVChickLikeTasks,1,0,1,1,0,0,,-1,,,0,1.5,0,0,1,1,46,0,,,,1,1,0,0,1,0,1,1,1,1,0,0,1,1,1,1,1,1,1,1,0,1,0,0,1,0,0,0,1,1
RoomPractice,CVChick,OP-RP-Allo-CVChick-G1.5NoOccluder-Right-NA-0-NA.yml,CVChickLikeTasks,1,0,1,1,0,0,,1,,,0,1.5,0,0,1,1,46,0,,,,1,0,1,0,1,0,1,1,1,1,1,1,0,1,1,1,1,0,1,0,0,0,0,0,1,0,0,0,1,0
RoomPractice,CVChick,OP-RP-Allo-CVChick-G11OccluderContra-Left-Beige-0-OPQ.yml,CVChickLikeTasks,1,0,1,1,0,0,Beige,-1,,,0,1.0,0,0,1,1,46,0,236.0,195.0,153.0,1,0,1,0,1,0,1,1,1,1,0,0,0,1,1,1,1,1,1,1,0,0,0,0,1,0,0,0,1,1
RoomPractice,CVChick,OP-RP-Allo-CVChick-G11OccluderContra-Left-Brown-0-OPQ.yml,CVChickLikeTasks,1,0,1,1,0,0,Brown,-1,,,0,1.0,0,0,1,1,46,0,102.0,51.0,1.0,1,1,0,0,1,0,1,0,1,0,1,0,1,1,1,1,1,1,1,1,0,0,0,0,1,0,0,0,1,1
RoomPractice,CVChick,OP-RP-Allo-CVChick-G11OccluderContra-Left-DarkBlue-0-OPQ.yml,CVChickLikeTasks,1,0,1,1,0,0,DarkBlue,-1,,,0,1.0,0,0,1,1,46,0,1.0,1.0,153.0,1,0,0,0,1,0,1,1,1,0,0,1,1,1,1,0,1,1,1,0,0,0,0,0,1,1,0,1,1,1
RoomPractice,CVChick,OP-RP-Allo-CVChick-G11OccluderContra-Left-DarkGreen-0-OPQ.yml,CVChickLikeTasks,1,0,1,1,0,0,DarkGreen,-1,,,0,1.0,0,0,1,1,46,0,1.0,100.0,1.0,1,0,1,0,1,0,1,1,1,0,0,0,1,1,1,1,1,1,1,1,0,0,0,0,1,1,0,0,1,1
RoomPractice,CVChick,OP-RP-Allo-CVChick-G11OccluderContra-Left-Grey-0-OPQ.yml,CVChickLikeTasks,1,0,1,1,0,0,Grey,-1,,,0,1.0,0,0,1,1,46,0,153.0,153.0,153.0,1,0,0,0,0,1,1,1,1,0,0,1,1,1,1,1,1,1,1,0,0,0,0,0,1,1,0,0,1,1
RoomPractice,CVChick,OP-RP-Allo-CVChick-G11OccluderContra-Left-OffWhite-0-OPQ.yml,CVChickLikeTasks,1,0,1,1,0,0,OffWhite,-1,,,0,1.0,0,0,1,1,46,0,248.0,253.0,212.0,1,1,0,0,0,0,0,0,1,0,1,1,0,1,1,1,1,1,1,0,0,0,0,0,1,0,0,0,1,0
RoomPractice,CVChick,OP-RP-Allo-CVChick-G11OccluderContra-Right-Beige-0-OPQ.yml,CVChickLikeTasks,1,0,1,1,0,0,Beige,1,,,0,1.0,0,0,1,1,46,0,236.0,195.0,153.0,1,1,0,0,1,0,0,1,1,1,0,1,0,1,1,1,1,1,1,1,0,0,0,1,1,1,0,0,1,1
RoomPractice,CVChick,OP-RP-Allo-CVChick-G11OccluderContra-Right-Brown-0-OPQ.yml,CVChickLikeTasks,1,0,1,1,0,0,Brown,1,,,0,1.0,0,0,1,1,46,0,102.0,51.0,1.0,1,0,0,0,1,0,0,1,1,1,0,1,1,1,1,1,1,1,1,0,0,0,0,0,1,1,0,0,1,1
RoomPractice,CVChick,OP-RP-Allo-CVChick-G11OccluderContra-Right-DarkBlue-0-OPQ.yml,CVChickLikeTasks,1,0,1,1,0,0,DarkBlue,1,,,0,1.0,0,0,1,1,46,0,1.0,1.0,153.0,1,0,0,0,1,0,1,1,1,0,0,1,0,1,1,1,1,1,1,1,0,0,0,1,1,1,0,0,1,1
RoomPractice,CVChick,OP-RP-Allo-CVChick-G11OccluderContra-Right-DarkGreen-0-OPQ.yml,CVChickLikeTasks,1,0,1,1,0,0,DarkGreen,1,,,0,1.0,0,0,1,1,46,0,1.0,100.0,1.0,1,1,0,0,1,0,1,1,1,1,0,1,1,1,1,1,1,1,1,0,0,1,0,0,1,1,0,0,1,0
RoomPractice,CVChick,OP-RP-Allo-CVChick-G11OccluderContra-Right-Grey-0-OPQ.yml,CVChickLikeTasks,1,0,1,1,0,0,Grey,1,,,0,1.0,0,0,1,1,46,0,153.0,153.0,153.0,1,1,0,0,1,1,1,1,1,0,1,1,1,1,1,1,1,1,1,1,0,0,0,0,1,0,0,0,1,1
RoomPractice,CVChick,OP-RP-Allo-CVChick-G11OccluderContra-Right-OffWhite-0-OPQ.yml,CVChickLikeTasks,1,0,1,1,0,0,OffWhite,1,,,0,1.0,0,0,1,1,46,0,248.0,253.0,212.0,1,1,0,0,1,0,0,0,1,0,0,1,0,1,1,1,1,0,1,1,0,0,0,0,1,0,0,0,1,1
RoomPractice,CVChick,OP-RP-Allo-CVChick-G11OccluderIpsi-Left-Beige-0-OPQ.yml,CVChickLikeTasks,1,0,1,1,0,0,Beige,-1,,,0,1.0,0,0,1,1,46,0,236.0,195.0,153.0,1,1,1,0,1,0,0,1,1,0,1,0,1,1,1,1,0,1,1,0,0,0,0,1,1,1,0,0,1,1
RoomPractice,CVChick,OP-RP-Allo-CVChick-G11OccluderIpsi-Left-Brown-0-OPQ.yml,CVChickLikeTasks,1,0,1,1,0,0,Brown,-1,,,0,1.0,0,0,1,1,46,0,102.0,51.0,1.0,1,0,1,0,1,0,1,1,1,1,1,0,1,1,1,1,1,1,1,1,0,0,0,0,1,0,0,0,1,1
RoomPractice,CVChick,OP-RP-Allo-CVChick-G11OccluderIpsi-Left-DarkBlue-0-OPQ.yml,CVChickLikeTasks,1,0,1,1,0,0,DarkBlue,-1,,,0,1.0,0,0,1,1,46,0,1.0,1.0,153.0,1,0,0,0,1,0,1,1,1,1,0,1,1,1,1,1,1,1,1,0,0,0,0,0,1,1,0,1,1,1
RoomPractice,CVChick,OP-RP-Allo-CVChick-G11OccluderIpsi-Left-DarkGreen-0-OPQ.yml,CVChickLikeTasks,1,0,1,1,0,0,DarkGreen,-1,,,0,1.0,0,0,1,1,46,0,1.0,100.0,1.0,1,0,0,0,1,0,1,1,1,0,0,0,1,1,1,1,0,1,1,1,0,0,0,0,1,1,0,0,1,1
RoomPractice,CVChick,OP-RP-Allo-CVChick-G11OccluderIpsi-Left-Grey-0-OPQ.yml,CVChickLikeTasks,1,0,1,1,0,0,Grey,-1,,,0,1.0,0,0,1,1,46,0,153.0,153.0,153.0,1,0,0,0,1,0,1,1,1,0,1,1,1,1,1,0,1,0,1,0,0,0,0,0,1,1,0,0,1,1
RoomPractice,CVChick,OP-RP-Allo-CVChick-G11OccluderIpsi-Left-OffWhite-0-OPQ.yml,CVChickLikeTasks,1,0,1,1,0,0,OffWhite,-1,,,0,1.0,0,0,1,1,46,0,248.0,253.0,212.0,1,1,0,0,1,0,0,0,1,0,1,0,1,1,1,1,1,1,1,1,0,0,0,0,1,1,0,0,1,0
RoomPractice,CVChick,OP-RP-Allo-CVChick-G11OccluderIpsi-Right-Beige-0-OPQ.yml,CVChickLikeTasks,1,0,1,1,0,0,Beige,1,,,0,1.0,0,0,1,1,46,0,236.0,195.0,153.0,1,1,0,0,1,0,0,1,1,0,0,1,1,0,1,1,1,1,1,1,0,0,0,0,1,1,0,0,1,0
RoomPractice,CVChick,OP-RP-Allo-CVChick-G11OccluderIpsi-Right-Brown-0-OPQ.yml,CVChickLikeTasks,1,0,1,1,0,0,Brown,1,,,0,1.0,0,0,1,1,46,0,102.0,51.0,1.0,1,1,0,0,1,0,1,1,1,0,0,1,0,1,1,1,1,1,1,1,0,0,0,0,1,1,0,0,1,1
RoomPractice,CVChick,OP-RP-Allo-CVChick-G11OccluderIpsi-Right-DarkBlue-0-OPQ.yml,CVChickLikeTasks,1,0,1,1,0,0,DarkBlue,1,,,0,1.0,0,0,1,1,46,0,1.0,1.0,153.0,1,1,0,0,1,0,1,1,1,1,0,1,0,1,1,1,1,1,1,1,0,0,0,0,1,1,0,0,1,1
RoomPractice,CVChick,OP-RP-Allo-CVChick-G11OccluderIpsi-Right-DarkGreen-0-OPQ.yml,CVChickLikeTasks,1,0,1,1,0,0,DarkGreen,1,,,0,1.0,0,0,1,1,46,0,1.0,100.0,1.0,1,1,0,0,1,0,1,1,1,0,0,1,0,1,1,1,1,1,1,1,0,0,0,0,1,1,0,0,1,1
RoomPractice,CVChick,OP-RP-Allo-CVChick-G11OccluderIpsi-Right-Grey-0-OPQ.yml,CVChickLikeTasks,1,0,1,1,0,0,Grey,1,,,0,1.0,0,0,1,1,46,0,153.0,153.0,153.0,1,1,0,0,1,0,1,1,1,1,0,1,0,1,1,1,1,1,1,0,0,0,0,1,1,1,0,0,1,0
RoomPractice,CVChick,OP-RP-Allo-CVChick-G11OccluderIpsi-Right-OffWhite-0-OPQ.yml,CVChickLikeTasks,1,0,1,1,0,0,OffWhite,1,,,0,1.0,0,0,1,1,46,0,248.0,253.0,212.0,1,1,0,0,1,0,0,0,1,0,0,1,0,1,1,1,1,1,1,1,0,0,0,0,1,1,0,0,1,1
RoomPractice,CVChick,OP-RP-Allo-CVChick-G11ThinContra-Right-Beige-0-OPQ.yml,CVChickLikeTasks,1,0,1,1,0,0,Beige,-1,,,0,1.0,0,0,1,1,46,0,236.0,195.0,153.0,1,0,0,0,1,0,0,1,1,0,0,0,1,1,1,1,1,1,1,1,0,0,0,0,1,1,0,0,1,1
RoomPractice,CVChick,OP-RP-Allo-CVChick-G11ThinContra-Right-Brown-0-OPQ.yml,CVChickLikeTasks,1,0,1,1,0,0,Brown,-1,,,0,1.0,0,0,1,1,46,0,102.0,51.0,1.0,1,1,0,0,1,0,1,1,1,1,0,1,1,1,1,1,1,1,1,1,0,0,0,0,1,1,0,0,1,1
RoomPractice,CVChick,OP-RP-Allo-CVChick-G11ThinContra-Right-DarkBlue-0-OPQ.yml,CVChickLikeTasks,1,0,1,1,0,0,DarkBlue,-1,,,0,1.0,0,0,1,1,46,0,1.0,1.0,153.0,1,0,0,0,1,0,1,1,1,1,0,1,1,1,1,1,1,0,1,1,0,1,0,0,1,1,0,0,1,1
RoomPractice,CVChick,OP-RP-Allo-CVChick-G11ThinContra-Right-DarkGreen-0-OPQ.yml,CVChickLikeTasks,1,0,1,1,0,0,DarkGreen,-1,,,0,1.0,0,0,1,1,46,0,1.0,100.0,1.0,1,1,0,0,1,0,1,1,1,0,0,0,1,1,1,1,1,1,1,1,0,0,0,1,1,1,0,0,1,1
RoomPractice,CVChick,OP-RP-Allo-CVChick-G11ThinContra-Right-Grey-0-OPQ.yml,CVChickLikeTasks,1,0,1,1,0,0,Grey,-1,,,0,1.0,0,0,1,1,46,0,153.0,153.0,153.0,1,0,0,0,0,0,1,1,1,0,0,0,0,1,1,1,1,1,1,1,0,0,0,0,1,1,0,0,1,0
RoomPractice,CVChick,OP-RP-Allo-CVChick-G11ThinContra-Right-OffWhite-0-OPQ.yml,CVChickLikeTasks,1,0,1,1,0,0,OffWhite,-1,,,0,1.0,0,0,1,1,46,0,248.0,253.0,212.0,1,1,0,0,1,0,0,0,1,0,1,0,0,1,1,1,1,1,1,1,0,0,0,0,1,0,0,0,1,1
RoomPractice,CVChick,OP-RP-Allo-CVChick-G11ThinIpsi-Left-Beige-0-OPQ.yml,CVChickLikeTasks,1,0,1,1,0,0,Beige,-1,,,0,1.0,0,0,1,1,46,0,236.0,195.0,153.0,1,0,0,0,1,0,0,1,1,0,0,1,1,1,1,1,1,1,1,1,0,0,0,0,1,0,0,1,1,1
RoomPractice,CVChick,OP-RP-Allo-CVChick-G11ThinIpsi-Left-Brown-0-OPQ.yml,CVChickLikeTasks,1,0,1,1,0,0,Brown,-1,,,0,1.0,0,0,1,1,46,0,102.0,51.0,1.0,1,0,0,0,1,0,1,1,1,1,0,0,1,0,1,1,1,0,1,1,0,0,0,0,1,1,0,0,1,1
RoomPractice,CVChick,OP-RP-Allo-CVChick-G11ThinIpsi-Left-DarkBlue-0-OPQ.yml,CVChickLikeTasks,1,0,1,1,0,0,DarkBlue,-1,,,0,1.0,0,0,1,1,46,0,1.0,1.0,153.0,1,1,0,0,1,0,1,1,1,0,0,0,1,1,1,1,1,0,1,1,0,0,0,0,1,1,0,0,1,1
RoomPractice,CVChick,OP-RP-Allo-CVChick-G11ThinIpsi-Left-DarkGreen-0-OPQ.yml,CVChickLikeTasks,1,0,1,1,0,0,DarkGreen,-1,,,0,1.0,0,0,1,1,46,0,1.0,100.0,1.0,1,0,1,0,1,0,1,1,1,0,0,0,1,1,1,1,1,1,1,1,0,0,0,0,1,0,0,0,1,1
RoomPractice,CVChick,OP-RP-Allo-CVChick-G11ThinIpsi-Left-Grey-0-OPQ.yml,CVChickLikeTasks,1,0,1,1,0,0,Grey,-1,,,0,1.0,0,0,1,1,46,0,153.0,153.0,153.0,1,1,0,0,1,1,1,1,1,0,0,0,1,1,1,1,1,1,1,1,0,0,0,0,1,1,0,0,1,1
RoomPractice,CVChick,OP-RP-Allo-CVChick-G11ThinIpsi-Left-OffWhite-0-OPQ.yml,CVChickLikeTasks,1,0,1,1,0,0,OffWhite,-1,,,0,1.0,0,0,1,1,46,0,248.0,253.0,212.0,1,0,0,0,1,1,0,0,1,1,0,0,1,1,1,1,0,1,1,1,0,0,0,0,1,0,0,0,1,1
RoomPractice,CVChick,OP-RP-Allo-CVChick-G11ThinIpsi-Right-Beige-0-OPQ.yml,CVChickLikeTasks,1,0,1,1,0,0,Beige,1,,,0,1.0,0,0,1,1,46,0,236.0,195.0,153.0,1,0,0,0,0,0,0,1,1,1,0,1,0,1,1,1,1,1,1,1,0,0,0,1,1,1,0,0,1,1
RoomPractice,CVChick,OP-RP-Allo-CVChick-G11ThinIpsi-Right-Brown-0-OPQ.yml,CVChickLikeTasks,1,0,1,1,0,0,Brown,1,,,0,1.0,0,0,1,1,46,0,102.0,51.0,1.0,1,1,0,0,0,1,0,1,1,1,0,1,0,1,1,1,0,1,1,1,0,0,0,0,1,1,0,0,1,1
RoomPractice,CVChick,OP-RP-Allo-CVChick-G11ThinIpsi-Right-DarkBlue-0-OPQ.yml,CVChickLikeTasks,1,0,1,1,0,0,DarkBlue,1,,,0,1.0,0,0,1,1,46,0,1.0,1.0,153.0,1,1,0,0,1,0,1,1,1,0,1,1,1,1,1,1,1,1,1,1,0,0,0,0,1,1,0,0,1,1
RoomPractice,CVChick,OP-RP-Allo-CVChick-G11ThinIpsi-Right-DarkGreen-0-OPQ.yml,CVChickLikeTasks,1,0,1,1,0,0,DarkGreen,1,,,0,1.0,0,0,1,1,46,0,1.0,100.0,1.0,1,1,0,0,1,0,1,1,1,0,1,1,1,1,1,1,1,1,1,1,0,0,0,0,1,1,0,0,1,1
RoomPractice,CVChick,OP-RP-Allo-CVChick-G11ThinIpsi-Right-Grey-0-OPQ.yml,CVChickLikeTasks,1,0,1,1,0,0,Grey,1,,,0,1.0,0,0,1,1,46,0,153.0,153.0,153.0,1,1,0,0,1,0,1,1,1,1,1,1,1,1,1,1,1,1,1,0,0,0,0,0,1,0,0,1,1,1
RoomPractice,CVChick,OP-RP-Allo-CVChick-G11ThinIpsi-Right-OffWhite-0-OPQ.yml,CVChickLikeTasks,1,0,1,1,0,0,OffWhite,1,,,0,1.0,0,0,1,1,46,0,248.0,253.0,212.0,1,1,0,0,1,0,1,0,1,0,1,1,0,1,1,1,1,0,1,1,0,1,0,0,1,1,0,0,1,1
RoomPractice,CVChick,OP-RP-Allo-CVChick-G11TransContra-Left-NA-0-Trans.yml,CVChickLikeTasks,1,0,1,1,0,0,,1,,,0,1.0,1,0,1,1,46,0,,,,1,0,0,0,1,0,1,1,1,0,1,1,0,1,1,1,1,1,1,0,0,0,0,0,1,1,0,0,1,0
RoomPractice,CVChick,OP-RP-Allo-CVChick-G11TransContra-Right-NA-0-Trans.yml,CVChickLikeTasks,1,0,1,1,0,0,,-1,,,0,1.0,1,0,1,1,46,0,,,,1,0,0,0,1,0,1,1,0,0,0,0,1,1,1,1,1,1,1,1,0,0,0,0,1,1,0,0,1,0
RoomPractice,CVChick,OP-RP-Allo-CVChick-G11TransIpsi-Left-NA-0-Trans.yml,CVChickLikeTasks,1,0,1,1,0,0,,-1,,,0,1.0,1,0,1,1,46,0,,,,1,0,0,0,1,0,1,1,1,0,1,0,1,1,1,1,1,1,1,1,0,0,0,0,1,0,0,0,1,1
RoomPractice,CVChick,OP-RP-Allo-CVChick-G11TransIpsi-Right-NA-0-Trans.yml,CVChickLikeTasks,1,0,1,1,0,0,,1,,,0,1.0,1,0,1,1,46,0,,,,1,0,0,0,1,0,1,1,1,0,1,1,0,1,1,1,1,1,1,0,0,0,0,1,1,1,0,1,1,1
RoomPractice,CVChick,OP-RP-Allo-CVChick-G11XtraLowContra-Left-Beige-0-OPQ.yml,CVChickLikeTasks,1,0,1,1,0,0,Beige,1,,,0,1.0,0,0,1,1,46,0,236.0,195.0,153.0,1,1,0,0,1,0,0,1,1,1,0,1,0,1,1,1,1,1,1,1,0,1,0,0,1,1,0,0,1,1
RoomPractice,CVChick,OP-RP-Allo-CVChick-G11XtraLowContra-Left-Brown-0-OPQ.yml,CVChickLikeTasks,1,0,1,1,0,0,Brown,1,,,0,1.0,0,0,1,1,46,0,102.0,51.0,1.0,1,1,0,0,1,0,1,1,1,0,1,1,1,1,1,1,1,0,1,0,0,0,0,0,1,0,0,0,1,1
RoomPractice,CVChick,OP-RP-Allo-CVChick-G11XtraLowContra-Left-DarkBlue-0-OPQ.yml,CVChickLikeTasks,1,0,1,1,0,0,DarkBlue,1,,,0,1.0,0,0,1,1,46,0,1.0,1.0,153.0,1,0,0,0,1,1,0,1,1,1,1,1,0,0,1,1,1,1,1,0,0,0,0,0,1,1,0,0,1,1
RoomPractice,CVChick,OP-RP-Allo-CVChick-G11XtraLowContra-Left-DarkGreen-0-OPQ.yml,CVChickLikeTasks,1,0,1,1,0,0,DarkGreen,1,,,0,1.0,0,0,1,1,46,0,1.0,100.0,1.0,1,0,0,0,1,0,1,1,1,1,0,1,0,1,1,1,1,1,1,1,0,0,0,0,1,0,0,1,1,1
RoomPractice,CVChick,OP-RP-Allo-CVChick-G11XtraLowContra-Left-Grey-0-OPQ.yml,CVChickLikeTasks,1,0,1,1,0,0,Grey,1,,,0,1.0,0,0,1,1,46,0,153.0,153.0,153.0,1,0,0,0,1,0,1,1,1,1,0,1,1,1,1,1,1,1,1,1,0,0,0,0,1,1,0,0,1,0
RoomPractice,CVChick,OP-RP-Allo-CVChick-G11XtraLowContra-Left-OffWhite-0-OPQ.yml,CVChickLikeTasks,1,0,1,1,0,0,OffWhite,1,,,0,1.0,0,0,1,1,46,0,248.0,253.0,212.0,1,1,1,0,1,0,0,0,1,1,1,1,0,1,1,0,1,1,1,1,0,0,0,0,1,0,0,1,1,0
RoomPractice,CVChick,OP-RP-Allo-CVChick-G11XtraLowContra-Right-Beige-0-OPQ.yml,CVChickLikeTasks,1,0,1,1,0,0,Beige,-1,,,0,1.0,0,0,1,1,46,0,236.0,195.0,153.0,1,0,1,0,1,0,0,1,1,0,1,0,1,1,1,1,1,1,1,1,0,0,0,0,1,1,0,0,1,0
RoomPractice,CVChick,OP-RP-Allo-CVChick-G11XtraLowContra-Right-Brown-0-OPQ.yml,CVChickLikeTasks,1,0,1,1,0,0,Brown,-1,,,0,1.0,0,0,1,1,46,0,102.0,51.0,1.0,1,1,0,0,1,0,1,1,1,0,0,0,1,1,1,1,1,1,1,0,0,0,0,0,1,0,0,0,1,0
RoomPractice,CVChick,OP-RP-Allo-CVChick-G11XtraLowContra-Right-DarkBlue-0-OPQ.yml,CVChickLikeTasks,1,0,1,1,0,0,DarkBlue,-1,,,0,1.0,0,0,1,1,46,0,1.0,1.0,153.0,1,0,0,0,1,0,1,1,1,1,1,0,1,1,1,1,1,0,1,1,0,0,0,0,1,1,0,0,1,1
RoomPractice,CVChick,OP-RP-Allo-CVChick-G11XtraLowContra-Right-DarkGreen-0-OPQ.yml,CVChickLikeTasks,1,0,1,1,0,0,DarkGreen,-1,,,0,1.0,0,0,1,1,46,0,1.0,100.0,1.0,1,0,0,0,1,1,1,1,1,1,0,0,1,1,1,1,1,1,1,1,0,0,0,0,1,0,0,0,1,1
RoomPractice,CVChick,OP-RP-Allo-CVChick-G11XtraLowContra-Right-Grey-0-OPQ.yml,CVChickLikeTasks,1,0,1,1,0,0,Grey,-1,,,0,1.0,0,0,1,1,46,0,153.0,153.0,153.0,1,0,0,0,1,0,1,0,1,1,1,0,1,1,1,1,1,1,1,1,0,0,0,0,1,1,0,0,1,1
RoomPractice,CVChick,OP-RP-Allo-CVChick-G11XtraLowContra-Right-OffWhite-0-OPQ.yml,CVChickLikeTasks,1,0,1,1,0,0,OffWhite,-1,,,0,1.0,0,0,1,1,46,0,248.0,253.0,212.0,1,0,1,0,0,0,0,0,1,0,0,0,1,1,1,1,1,1,1,1,0,0,0,0,1,1,0,0,1,1
RoomPractice,CVChick,OP-RP-Allo-CVChick-G11XtraLowIpsi-Left-Beige-0-OPQ.yml,CVChickLikeTasks,1,0,1,1,0,0,Beige,-1,,,0,1.0,0,0,1,1,46,0,236.0,195.0,153.0,1,0,0,0,1,0,0,1,1,1,0,1,1,1,1,1,1,1,1,1,0,0,0,0,1,1,0,0,1,0
RoomPractice,CVChick,OP-RP-Allo-CVChick-G11XtraLowIpsi-Left-Brown-0-OPQ.yml,CVChickLikeTasks,1,0,1,1,0,0,Brown,-1,,,0,1.0,0,0,1,1,46,0,102.0,51.0,1.0,1,1,0,0,1,0,1,1,1,0,0,0,1,1,1,1,0,1,1,0,0,0,0,0,1,0,0,0,1,1
RoomPractice,CVChick,OP-RP-Allo-CVChick-G11XtraLowIpsi-Left-DarkBlue-0-OPQ.yml,CVChickLikeTasks,1,0,1,1,0,0,DarkBlue,-1,,,0,1.0,0,0,1,1,46,0,1.0,1.0,153.0,1,0,0,0,1,0,1,1,1,0,0,1,1,0,1,1,1,1,1,1,0,0,0,0,1,1,0,0,1,1
RoomPractice,CVChick,OP-RP-Allo-CVChick-G11XtraLowIpsi-Left-DarkGreen-0-OPQ.yml,CVChickLikeTasks,1,0,1,1,0,0,DarkGreen,-1,,,0,1.0,0,0,1,1,46,0,1.0,100.0,1.0,1,0,0,0,1,0,1,1,1,1,0,0,1,1,1,1,1,1,1,1,0,0,0,1,1,1,0,0,1,0
RoomPractice,CVChick,OP-RP-Allo-CVChick-G11XtraLowIpsi-Left-Grey-0-OPQ.yml,CVChickLikeTasks,1,0,1,1,0,0,Grey,-1,,,0,1.0,0,0,1,1,46,0,153.0,153.0,153.0,1,1,0,0,0,0,1,0,1,0,0,0,1,0,1,1,0,1,1,1,0,0,0,1,1,1,0,0,1,1
RoomPractice,CVChick,OP-RP-Allo-CVChick-G11XtraLowIpsi-Left-OffWhite-0-OPQ.yml,CVChickLikeTasks,1,0,1,1,0,0,OffWhite,-1,,,0,1.0,0,0,1,1,46,0,248.0,253.0,212.0,1,1,0,0,1,0,1,0,1,0,0,1,1,1,1,1,1,1,1,0,0,0,0,0,1,1,0,0,1,1
RoomPractice,CVChick,OP-RP-Allo-CVChick-G11XtraLowIpsi-Right-Beige-0-OPQ.yml,CVChickLikeTasks,1,0,1,1,0,0,Beige,1,,,0,1.0,0,0,1,1,46,0,236.0,195.0,153.0,1,0,0,0,1,0,0,1,1,0,0,1,0,1,1,1,1,1,1,1,0,0,0,0,1,1,0,0,1,1
RoomPractice,CVChick,OP-RP-Allo-CVChick-G11XtraLowIpsi-Right-Brown-0-OPQ.yml,CVChickLikeTasks,1,0,1,1,0,0,Brown,1,,,0,1.0,0,0,1,1,46,0,102.0,51.0,1.0,1,1,0,0,1,0,1,0,1,1,1,1,0,1,1,1,1,1,1,1,0,0,0,0,1,1,0,0,1,1
RoomPractice,CVChick,OP-RP-Allo-CVChick-G11XtraLowIpsi-Right-DarkBlue-0-OPQ.yml,CVChickLikeTasks,1,0,1,1,0,0,DarkBlue,1,,,0,1.0,0,0,1,1,46,0,1.0,1.0,153.0,1,0,0,0,1,1,1,1,1,0,1,1,0,1,1,1,1,1,1,1,0,0,0,0,1,1,0,0,1,1
RoomPractice,CVChick,OP-RP-Allo-CVChick-G11XtraLowIpsi-Right-DarkGreen-0-OPQ.yml,CVChickLikeTasks,1,0,1,1,0,0,DarkGreen,1,,,0,1.0,0,0,1,1,46,0,1.0,100.0,1.0,1,0,0,0,1,0,1,1,1,1,0,1,0,0,1,1,1,1,1,0,0,0,0,0,1,0,0,0,1,1
RoomPractice,CVChick,OP-RP-Allo-CVChick-G11XtraLowIpsi-Right-Grey-0-OPQ.yml,CVChickLikeTasks,1,0,1,1,0,0,Grey,1,,,0,1.0,0,0,1,1,46,0,153.0,153.0,153.0,1,1,0,0,1,0,1,1,1,0,0,1,1,1,1,1,1,1,1,1,0,0,0,0,1,1,0,0,1,1
RoomPractice,CVChick,OP-RP-Allo-CVChick-G11XtraLowIpsi-Right-OffWhite-0-OPQ.yml,CVChickLikeTasks,1,0,1,1,0,0,OffWhite,1,,,0,1.0,0,0,1,1,46,0,248.0,253.0,212.0,1,0,0,0,1,0,0,0,1,0,1,1,0,1,1,1,1,1,1,0,0,0,0,0,1,0,0,0,1,1
RoomPractice,CVChick,OP-RP-Allo-CVChick-G12Occluder-Left-Beige-0-OPQ.yml,CVChickLikeTasks,1,0,1,1,0,0,Beige,-1,,,0,1.0,0,0,1,1,46,0,236.0,195.0,153.0,1,1,0,0,1,0,0,0,1,0,1,0,1,1,1,1,1,1,1,0,0,0,0,0,1,1,0,0,1,1
RoomPractice,CVChick,OP-RP-Allo-CVChick-G12Occluder-Left-Brown-0-OPQ.yml,CVChickLikeTasks,1,0,1,1,0,0,Brown,-1,,,0,1.0,0,0,1,1,46,0,102.0,51.0,1.0,1,1,0,0,1,0,0,0,1,0,0,0,1,1,1,1,1,1,1,1,0,0,0,0,1,1,0,0,1,1
RoomPractice,CVChick,OP-RP-Allo-CVChick-G12Occluder-Left-DarkBlue-0-OPQ.yml,CVChickLikeTasks,1,0,1,1,0,0,DarkBlue,-1,,,0,1.0,0,0,1,1,46,0,1.0,1.0,153.0,1,0,0,0,1,0,1,1,1,0,1,0,1,1,1,1,1,1,1,0,0,0,0,0,1,1,0,0,1,1
RoomPractice,CVChick,OP-RP-Allo-CVChick-G12Occluder-Left-DarkGreen-0-OPQ.yml,CVChickLikeTasks,1,0,1,1,0,0,DarkGreen,-1,,,0,1.0,0,0,1,1,46,0,1.0,100.0,1.0,1,0,0,0,1,0,1,1,1,0,0,0,1,1,1,1,0,1,1,1,0,0,0,0,1,0,0,0,1,0
RoomPractice,CVChick,OP-RP-Allo-CVChick-G12Occluder-Left-Grey-0-OPQ.yml,CVChickLikeTasks,1,0,1,1,0,0,Grey,-1,,,0,1.0,0,0,1,1,46,0,153.0,153.0,153.0,1,0,1,0,1,0,1,1,1,0,0,0,1,1,1,1,1,1,1,1,0,0,0,0,1,1,0,0,1,1
RoomPractice,CVChick,OP-RP-Allo-CVChick-G12Occluder-Left-OffWhite-0-OPQ.yml,CVChickLikeTasks,1,0,1,1,0,0,OffWhite,-1,,,0,1.0,0,0,1,1,46,0,248.0,253.0,212.0,1,1,0,0,1,0,0,0,1,1,1,0,1,1,1,1,1,1,1,1,0,0,0,0,1,1,0,0,1,1
RoomPractice,CVChick,OP-RP-Allo-CVChick-G12Occluder-Right-Beige-0-OPQ.yml,CVChickLikeTasks,1,0,1,1,0,0,Beige,1,,,0,1.0,0,0,1,1,46,0,236.0,195.0,153.0,1,1,1,0,1,0,1,1,1,0,1,1,0,0,1,1,1,1,1,0,0,0,0,1,1,1,0,0,1,0
RoomPractice,CVChick,OP-RP-Allo-CVChick-G12Occluder-Right-Brown-0-OPQ.yml,CVChickLikeTasks,1,0,1,1,0,0,Brown,1,,,0,1.0,0,0,1,1,46,0,102.0,51.0,1.0,1,1,0,0,1,1,1,1,1,1,0,1,0,1,1,1,1,1,1,1,0,0,0,0,1,1,0,0,1,0
RoomPractice,CVChick,OP-RP-Allo-CVChick-G12Occluder-Right-DarkBlue-0-OPQ.yml,CVChickLikeTasks,1,0,1,1,0,0,DarkBlue,1,,,0,1.0,0,0,1,1,46,0,1.0,1.0,153.0,1,1,0,0,1,0,1,1,1,1,0,0,0,1,1,1,1,1,1,1,0,0,0,0,1,1,0,0,1,1
RoomPractice,CVChick,OP-RP-Allo-CVChick-G12Occluder-Right-DarkGreen-0-OPQ.yml,CVChickLikeTasks,1,0,1,1,0,0,DarkGreen,1,,,0,1.0,0,0,1,1,46,0,1.0,100.0,1.0,1,0,0,0,1,0,1,1,1,0,0,1,0,1,1,1,1,1,1,1,0,0,0,1,1,1,0,0,1,1
RoomPractice,CVChick,OP-RP-Allo-CVChick-G12Occluder-Right-Grey-0-OPQ.yml,CVChickLikeTasks,1,0,1,1,0,0,Grey,1,,,0,1.0,0,0,1,1,46,0,153.0,153.0,153.0,1,0,0,0,1,0,1,1,1,1,0,1,0,1,1,1,1,0,1,1,0,0,0,0,1,0,0,1,1,1
RoomPractice,CVChick,OP-RP-Allo-CVChick-G12Occluder-Right-OffWhite-0-OPQ.yml,CVChickLikeTasks,1,0,1,1,0,0,OffWhite,1,,,0,1.0,0,0,1,1,46,0,248.0,253.0,212.0,1,1,1,0,1,0,0,0,1,1,0,1,0,1,1,1,1,1,1,1,0,0,0,1,1,1,0,0,1,0
RoomPractice,CVChick,OP-RP-Allo-CVChick-G12Thin-Left-Beige-0-OPQ.yml,CVChickLikeTasks,1,0,1,1,0,0,Beige,-1,,,0,1.0,0,0,1,1,46,0,236.0,195.0,153.0,1,1,1,0,1,0,0,1,1,1,1,1,1,1,1,1,1,0,1,1,0,0,0,0,1,1,0,1,1,0
RoomPractice,CVChick,OP-RP-Allo-CVChick-G12Thin-Left-Brown-0-OPQ.yml,CVChickLikeTasks,1,0,1,1,0,0,Brown,-1,,,0,1.0,0,0,1,1,46,0,102.0,51.0,1.0,1,1,0,0,1,0,1,1,1,1,1,0,1,1,1,1,1,1,1,1,0,0,0,0,1,1,0,0,1,1
RoomPractice,CVChick,OP-RP-Allo-CVChick-G12Thin-Left-DarkBlue-0-OPQ.yml,CVChickLikeTasks,1,0,1,1,0,0,DarkBlue,-1,,,0,1.0,0,0,1,1,46,0,1.0,1.0,153.0,1,0,0,0,1,0,1,1,1,1,1,1,1,1,1,1,1,1,1,1,0,1,0,0,1,0,0,0,1,1
RoomPractice,CVChick,OP-RP-Allo-CVChick-G12Thin-Left-DarkGreen-0-OPQ.yml,CVChickLikeTasks,1,0,1,1,0,0,DarkGreen,-1,,,0,1.0,0,0,1,1,46,0,1.0,100.0,1.0,1,0,1,0,1,0,1,1,1,1,0,0,0,1,1,1,1,1,1,1,0,0,0,0,1,1,0,0,1,1
RoomPractice,CVChick,OP-RP-Allo-CVChick-G12Thin-Left-Grey-0-OPQ.yml,CVChickLikeTasks,1,0,1,1,0,0,Grey,-1,,,0,1.0,0,0,1,1,46,0,153.0,153.0,153.0,1,1,0,0,1,0,1,1,1,1,0,1,1,1,1,1,1,1,1,1,0,0,0,0,1,1,0,0,1,1
RoomPractice,CVChick,OP-RP-Allo-CVChick-G12Thin-Left-OffWhite-0-OPQ.yml,CVChickLikeTasks,1,0,1,1,0,0,OffWhite,-1,,,0,1.0,0,0,1,1,46,0,248.0,253.0,212.0,1,1,0,0,1,0,0,0,1,1,0,0,1,1,1,1,1,1,1,0,0,0,0,0,1,1,0,0,1,1
RoomPractice,CVChick,OP-RP-Allo-CVChick-G12Thin-Right-Beige-0-OPQ.yml,CVChickLikeTasks,1,0,1,1,0,0,Beige,1,,,0,1.0,0,0,1,1,46,0,236.0,195.0,153.0,1,0,0,0,1,0,0,1,1,0,1,1,0,1,1,1,1,1,1,0,0,0,0,0,1,1,0,0,1,0
RoomPractice,CVChick,OP-RP-Allo-CVChick-G12Thin-Right-Brown-0-OPQ.yml,CVChickLikeTasks,1,0,1,1,0,0,Brown,1,,,0,1.0,0,0,1,1,46,0,102.0,51.0,1.0,1,1,1,0,1,0,1,1,1,0,0,1,0,1,1,1,1,1,1,1,0,0,0,0,1,1,0,0,1,0
RoomPractice,CVChick,OP-RP-Allo-CVChick-G12Thin-Right-DarkBlue-0-OPQ.yml,CVChickLikeTasks,1,0,1,1,0,0,DarkBlue,1,,,0,1.0,0,0,1,1,46,0,1.0,1.0,153.0,1,0,0,0,1,0,1,1,1,1,0,1,0,1,1,1,1,1,1,0,0,0,0,0,1,1,0,0,1,1
RoomPractice,CVChick,OP-RP-Allo-CVChick-G12Thin-Right-DarkGreen-0-OPQ.yml,CVChickLikeTasks,1,0,1,1,0,0,DarkGreen,1,,,0,1.0,0,0,1,1,46,0,1.0,100.0,1.0,1,1,0,0,1,0,1,1,1,0,0,1,0,1,1,1,1,1,1,1,0,1,0,1,1,1,0,0,1,0
RoomPractice,CVChick,OP-RP-Allo-CVChick-G12Thin-Right-Grey-0-OPQ.yml,CVChickLikeTasks,1,0,1,1,0,0,Grey,1,,,0,1.0,0,0,1,1,46,0,153.0,153.0,153.0,1,0,0,0,1,0,1,1,1,1,0,1,0,1,1,1,1,1,1,0,0,0,0,0,1,1,0,0,1,1
RoomPractice,CVChick,OP-RP-Allo-CVChick-G12Thin-Right-OffWhite-0-OPQ.yml,CVChickLikeTasks,1,0,1,1,0,0,OffWhite,1,,,0,1.0,0,0,1,1,46,0,248.0,253.0,212.0,1,0,0,0,1,0,0,0,1,0,0,1,1,1,1,0,1,1,1,0,0,0,0,0,1,1,0,0,1,1
RoomPractice,CVChick,OP-RP-Allo-CVChick-G12Trans-Left-NA-0-Trans.yml,CVChickLikeTasks,1,0,1,1,0,0,,-1,,,0,1.0,1,0,1,1,46,0,,,,1,0,0,0,1,0,1,1,0,0,0,1,0,1,1,1,1,1,1,1,0,1,0,1,1,1,0,0,1,1
RoomPractice,CVChick,OP-RP-Allo-CVChick-G12Trans-Right-NA-0-Trans.yml,CVChickLikeTasks,1,0,1,1,0,0,,1,,,0,1.0,1,0,1,1,46,0,,,,1,0,0,0,1,0,1,1,1,0,0,1,0,1,1,1,1,1,1,0,0,0,0,0,1,1,0,0,1,1
RoomPractice,CVChick,OP-RP-Allo-CVChick-G12XtraLow-Left-Beige-0-OPQ.yml,CVChickLikeTasks,1,0,1,1,0,0,Beige,-1,,,0,1.0,0,0,1,1,46,0,236.0,195.0,153.0,1,0,0,0,1,1,0,1,0,1,0,0,1,1,1,1,1,1,1,0,0,1,0,0,1,1,0,0,1,1
RoomPractice,CVChick,OP-RP-Allo-CVChick-G12XtraLow-Left-Brown-0-OPQ.yml,CVChickLikeTasks,1,0,1,1,0,0,Brown,-1,,,0,1.0,0,0,1,1,46,0,102.0,51.0,1.0,1,1,0,0,1,0,1,1,0,1,1,0,1,1,1,1,1,1,1,0,0,0,0,0,1,0,0,0,1,0
RoomPractice,CVChick,OP-RP-Allo-CVChick-G12XtraLow-Left-DarkBlue-0-OPQ.yml,CVChickLikeTasks,1,0,1,1,0,0,DarkBlue,-1,,,0,1.0,0,0,1,1,46,0,1.0,1.0,153.0,1,1,0,0,1,0,1,1,1,0,0,1,1,1,1,1,1,1,1,1,0,0,0,0,1,1,0,0,1,1
RoomPractice,CVChick,OP-RP-Allo-CVChick-G12XtraLow-Left-DarkGreen-0-OPQ.yml,CVChickLikeTasks,1,0,1,1,0,0,DarkGreen,-1,,,0,1.0,0,0,1,1,46,0,1.0,100.0,1.0,1,0,0,0,1,0,1,1,1,1,0,1,1,1,1,1,1,1,1,0,0,0,0,0,1,1,0,0,1,1
RoomPractice,CVChick,OP-RP-Allo-CVChick-G12XtraLow-Left-Grey-0-OPQ.yml,CVChickLikeTasks,1,0,1,1,0,0,Grey,-1,,,0,1.0,0,0,1,1,46,0,153.0,153.0,153.0,1,1,1,0,1,0,1,1,1,1,0,0,1,1,1,1,1,1,1,1,0,0,0,0,1,1,0,1,1,1
RoomPractice,CVChick,OP-RP-Allo-CVChick-G12XtraLow-Left-OffWhite-0-OPQ.yml,CVChickLikeTasks,1,0,1,1,0,0,OffWhite,-1,,,0,1.0,0,0,1,1,46,0,248.0,253.0,212.0,1,0,0,0,1,0,0,0,1,1,1,0,1,0,1,1,1,1,1,1,0,0,0,0,1,1,0,0,1,1
RoomPractice,CVChick,OP-RP-Allo-CVChick-G12XtraLow-Right-Beige-0-OPQ.yml,CVChickLikeTasks,1,0,1,1,0,0,Beige,1,,,0,1.0,0,0,1,1,46,0,236.0,195.0,153.0,1,0,0,0,1,0,0,1,1,0,1,1,0,1,1,1,1,1,1,0,0,0,0,0,1,1,0,0,1,1
RoomPractice,CVChick,OP-RP-Allo-CVChick-G12XtraLow-Right-Brown-0-OPQ.yml,CVChickLikeTasks,1,0,1,1,0,0,Brown,1,,,0,1.0,0,0,1,1,46,0,102.0,51.0,1.0,1,1,0,0,0,0,1,1,1,0,0,1,1,1,1,1,1,1,1,1,0,0,0,0,1,0,0,0,1,1
RoomPractice,CVChick,OP-RP-Allo-CVChick-G12XtraLow-Right-DarkBlue-0-OPQ.yml,CVChickLikeTasks,1,0,1,1,0,0,DarkBlue,1,,,0,1.0,0,0,1,1,46,0,1.0,1.0,153.0,1,0,0,0,0,0,1,1,1,1,0,1,0,1,1,1,0,1,1,1,0,0,0,0,1,1,0,0,1,1
RoomPractice,CVChick,OP-RP-Allo-CVChick-G12XtraLow-Right-DarkGreen-0-OPQ.yml,CVChickLikeTasks,1,0,1,1,0,0,DarkGreen,1,,,0,1.0,0,0,1,1,46,0,1.0,100.0,1.0,1,0,0,0,1,0,1,1,1,1,0,1,0,1,1,1,1,1,1,1,0,0,0,0,1,1,0,1,1,1
RoomPractice,CVChick,OP-RP-Allo-CVChick-G12XtraLow-Right-Grey-0-OPQ.yml,CVChickLikeTasks,1,0,1,1,0,0,Grey,1,,,0,1.0,0,0,1,1,46,0,153.0,153.0,153.0,1,1,0,0,1,0,1,1,1,1,1,1,0,1,1,1,1,1,1,1,0,0,0,0,1,1,0,1,1,1
RoomPractice,CVChick,OP-RP-Allo-CVChick-G12XtraLow-Right-OffWhite-0-OPQ.yml,CVChickLikeTasks,1,0,1,1,0,0,OffWhite,1,,,0,1.0,0,0,1,1,46,0,248.0,253.0,212.0,1,1,0,0,1,0,0,0,1,1,1,1,1,1,1,1,1,1,1,1,0,0,0,0,1,1,0,0,1,1
RoomPractice,CVChick,OP-RP-Allo-CVChick-G1NoOccluder-Left-NA-0-NA.yml,CVChickLikeTasks,1,0,1,1,0,0,,-1,,,0,1.0,0,0,1,1,46,0,,,,1,1,0,0,1,0,1,1,1,1,0,0,1,1,1,1,1,1,1,1,0,0,0,0,1,0,0,0,1,0
RoomPractice,CVChick,OP-RP-Allo-CVChick-G1NoOccluder-Right-NA-0-NA.yml,CVChickLikeTasks,1,0,1,1,0,0,,1,,,0,1.0,0,0,1,1,46,0,,,,1,1,0,0,1,0,1,1,1,1,0,1,0,1,1,1,0,1,1,1,0,0,0,0,1,1,0,0,1,1
RoomPractice,CVChick,OP-RP-Allo-CVChick-G2.51OccluderContra-Left-Beige-0-OPQ.yml,CVChickLikeTasks,1,0,1,1,0,0,Beige,1,,,0,2.5,0,0,1,1,46,0,236.0,195.0,153.0,1,0,0,0,1,0,0,1,1,1,1,1,1,1,1,1,1,1,1,1,0,0,0,0,1,1,0,0,1,1
RoomPractice,CVChick,OP-RP-Allo-CVChick-G2.51OccluderContra-Left-Brown-0-OPQ.yml,CVChickLikeTasks,1,0,1,1,0,0,Brown,1,,,0,2.5,0,0,1,1,46,0,102.0,51.0,1.0,1,1,0,0,1,0,0,1,1,0,1,1,0,0,1,1,1,1,1,1,0,0,0,0,1,1,0,0,1,0
RoomPractice,CVChick,OP-RP-Allo-CVChick-G2.51OccluderContra-Left-DarkBlue-0-OPQ.yml,CVChickLikeTasks,1,0,1,1,0,0,DarkBlue,1,,,0,2.5,0,0,1,1,46,0,1.0,1.0,153.0,1,0,0,0,0,0,1,1,1,0,1,1,0,1,1,1,1,1,1,1,0,0,0,0,1,1,0,0,1,1
RoomPractice,CVChick,OP-RP-Allo-CVChick-G2.51OccluderContra-Left-DarkGreen-0-OPQ.yml,CVChickLikeTasks,1,0,1,1,0,0,DarkGreen,1,,,0,2.5,0,0,1,1,46,0,1.0,100.0,1.0,1,0,1,0,1,0,1,1,1,1,1,1,0,1,1,1,1,1,1,1,0,0,0,0,1,1,0,0,1,0
RoomPractice,CVChick,OP-RP-Allo-CVChick-G2.51OccluderContra-Left-Grey-0-OPQ.yml,CVChickLikeTasks,1,0,1,1,0,0,Grey,1,,,0,2.5,0,0,1,1,46,0,153.0,153.0,153.0,1,0,0,0,1,0,1,1,1,0,1,1,0,1,1,1,1,1,1,1,0,1,0,0,1,1,0,0,1,1
RoomPractice,CVChick,OP-RP-Allo-CVChick-G2.51OccluderContra-Left-OffWhite-0-OPQ.yml,CVChickLikeTasks,1,0,1,1,0,0,OffWhite,1,,,0,2.5,0,0,1,1,46,0,248.0,253.0,212.0,1,1,0,0,1,0,0,0,1,0,1,1,1,1,1,1,1,1,1,1,0,0,0,0,1,1,0,0,1,0
RoomPractice,CVChick,OP-RP-Allo-CVChick-G2.51OccluderContra-Right-Beige-0-OPQ.yml,CVChickLikeTasks,1,0,1,1,0,0,Beige,-1,,,0,2.5,0,0,1,1,46,0,236.0,195.0,153.0,1,0,0,0,1,0,0,1,1,1,1,0,1,1,1,1,1,0,1,1,0,0,0,0,1,1,0,0,1,1
RoomPractice,CVChick,OP-RP-Allo-CVChick-G2.51OccluderContra-Right-Brown-0-OPQ.yml,CVChickLikeTasks,1,0,1,1,0,0,Brown,-1,,,0,2.5,0,0,1,1,46,0,102.0,51.0,1.0,1,1,0,0,1,0,1,1,1,1,0,1,1,1,1,1,1,1,1,0,0,0,0,0,1,1,0,0,1,1
RoomPractice,CVChick,OP-RP-Allo-CVChick-G2.51OccluderContra-Right-DarkBlue-0-OPQ.yml,CVChickLikeTasks,1,0,1,1,0,0,DarkBlue,-1,,,0,2.5,0,0,1,1,46,0,1.0,1.0,153.0,1,1,1,0,1,0,1,1,1,0,1,0,1,1,1,1,0,1,1,1,0,0,0,0,1,1,0,0,1,1
RoomPractice,CVChick,OP-RP-Allo-CVChick-G2.51OccluderContra-Right-DarkGreen-0-OPQ.yml,CVChickLikeTasks,1,0,1,1,0,0,DarkGreen,-1,,,0,2.5,0,0,1,1,46,0,1.0,100.0,1.0,1,0,0,0,1,0,1,1,0,0,1,0,1,1,1,1,1,1,1,0,0,0,0,0,1,1,0,0,1,1
RoomPractice,CVChick,OP-RP-Allo-CVChick-G2.51OccluderContra-Right-Grey-0-OPQ.yml,CVChickLikeTasks,1,0,1,1,0,0,Grey,-1,,,0,2.5,0,0,1,1,46,0,153.0,153.0,153.0,1,0,0,0,0,0,1,1,1,1,1,1,1,1,1,1,1,1,1,1,0,0,0,0,1,0,0,0,1,1
RoomPractice,CVChick,OP-RP-Allo-CVChick-G2.51OccluderContra-Right-OffWhite-0-OPQ.yml,CVChickLikeTasks,1,0,1,1,0,0,OffWhite,-1,,,0,2.5,0,0,1,1,46,0,248.0,253.0,212.0,1,0,1,0,0,0,1,0,1,1,1,0,1,1,1,1,1,1,1,0,0,0,0,0,1,1,0,0,1,1
RoomPractice,CVChick,OP-RP-Allo-CVChick-G2.51OccluderIpsi-Left-Beige-0-OPQ.yml,CVChickLikeTasks,1,0,1,1,0,0,Beige,-1,,,0,2.5,0,0,1,1,46,0,236.0,195.0,153.0,1,0,0,0,1,0,0,1,1,0,0,0,1,1,1,1,1,1,1,1,0,0,0,0,1,0,0,0,1,1
RoomPractice,CVChick,OP-RP-Allo-CVChick-G2.51OccluderIpsi-Left-Brown-0-OPQ.yml,CVChickLikeTasks,1,0,1,1,0,0,Brown,-1,,,0,2.5,0,0,1,1,46,0,102.0,51.0,1.0,1,0,0,0,1,0,1,1,1,1,1,0,0,1,1,1,1,0,1,1,0,0,0,0,1,0,0,0,1,1
RoomPractice,CVChick,OP-RP-Allo-CVChick-G2.51OccluderIpsi-Left-DarkBlue-0-OPQ.yml,CVChickLikeTasks,1,0,1,1,0,0,DarkBlue,-1,,,0,2.5,0,0,1,1,46,0,1.0,1.0,153.0,1,1,1,0,1,0,1,1,1,0,0,0,1,1,1,1,1,1,1,1,0,0,0,0,1,1,0,0,1,1
RoomPractice,CVChick,OP-RP-Allo-CVChick-G2.51OccluderIpsi-Left-DarkGreen-0-OPQ.yml,CVChickLikeTasks,1,0,1,1,0,0,DarkGreen,-1,,,0,2.5,0,0,1,1,46,0,1.0,100.0,1.0,1,0,0,0,1,0,1,1,1,1,1,0,1,1,1,1,1,1,1,1,0,0,0,0,1,1,0,0,1,1
RoomPractice,CVChick,OP-RP-Allo-CVChick-G2.51OccluderIpsi-Left-Grey-0-OPQ.yml,CVChickLikeTasks,1,0,1,1,0,0,Grey,-1,,,0,2.5,0,0,1,1,46,0,153.0,153.0,153.0,1,0,0,0,1,0,0,1,1,1,0,1,1,1,1,1,1,1,1,1,0,0,0,0,1,0,0,0,1,0
RoomPractice,CVChick,OP-RP-Allo-CVChick-G2.51OccluderIpsi-Left-OffWhite-0-OPQ.yml,CVChickLikeTasks,1,0,1,1,0,0,OffWhite,-1,,,0,2.5,0,0,1,1,46,0,248.0,253.0,212.0,1,1,0,0,1,1,1,0,1,0,1,1,1,1,1,1,1,1,1,1,0,0,0,0,1,1,0,0,1,0
RoomPractice,CVChick,OP-RP-Allo-CVChick-G2.51OccluderIpsi-Right-Beige-0-OPQ.yml,CVChickLikeTasks,1,0,1,1,0,0,Beige,1,,,0,2.5,0,0,1,1,46,0,236.0,195.0,153.0,1,0,0,0,1,0,1,1,1,0,1,1,0,1,1,1,1,1,1,1,0,0,0,0,1,1,0,0,1,0
RoomPractice,CVChick,OP-RP-Allo-CVChick-G2.51OccluderIpsi-Right-Brown-0-OPQ.yml,CVChickLikeTasks,1,0,1,1,0,0,Brown,1,,,0,2.5,0,0,1,1,46,0,102.0,51.0,1.0,1,0,0,0,1,0,1,1,1,0,0,1,0,0,1,1,1,1,1,1,0,0,0,0,1,1,0,0,1,1
RoomPractice,CVChick,OP-RP-Allo-CVChick-G2.51OccluderIpsi-Right-DarkBlue-0-OPQ.yml,CVChickLikeTasks,1,0,1,1,0,0,DarkBlue,1,,,0,2.5,0,0,1,1,46,0,1.0,1.0,153.0,1,1,0,0,1,0,1,1,1,0,1,1,1,1,1,1,1,1,1,1,0,0,0,1,1,1,0,0,1,1
RoomPractice,CVChick,OP-RP-Allo-CVChick-G2.51OccluderIpsi-Right-DarkGreen-0-OPQ.yml,CVChickLikeTasks,1,0,1,1,0,0,DarkGreen,1,,,0,2.5,0,0,1,1,46,0,1.0,100.0,1.0,1,1,1,0,1,0,1,1,1,0,1,1,0,1,1,1,1,1,1,0,0,0,0,0,1,1,0,1,1,1
RoomPractice,CVChick,OP-RP-Allo-CVChick-G2.51OccluderIpsi-Right-Grey-0-OPQ.yml,CVChickLikeTasks,1,0,1,1,0,0,Grey,1,,,0,2.5,0,0,1,1,46,0,153.0,153.0,153.0,1,1,0,0,1,0,1,0,1,0,1,1,0,1,1,1,1,1,1,1,0,0,0,0,1,1,0,0,1,1
RoomPractice,CVChick,OP-RP-Allo-CVChick-G2.51OccluderIpsi-Right-OffWhite-0-OPQ.yml,CVChickLikeTasks,1,0,1,1,0,0,OffWhite,1,,,0,2.5,0,0,1,1,46,0,248.0,253.0,212.0,1,1,0,0,1,0,0,0,1,0,0,1,1,1,1,1,1,1,1,1,0,0,0,0,1,0,0,0,1,1
RoomPractice,CVChick,OP-RP-Allo-CVChick-G2.51ThinContra-Right-Beige-0-OPQ.yml,CVChickLikeTasks,1,0,1,1,0,0,Beige,-1,,,0,2.5,0,0,1,1,46,0,236.0,195.0,153.0,1,0,0,0,1,0,0,1,1,1,1,0,1,1,1,1,1,1,1,1,0,0,0,0,1,1,0,0,1,1
RoomPractice,CVChick,OP-RP-Allo-CVChick-G2.51ThinContra-Right-Brown-0-OPQ.yml,CVChickLikeTasks,1,0,1,1,0,0,Brown,-1,,,0,2.5,0,0,1,1,46,0,102.0,51.0,1.0,1,1,0,0,1,0,1,1,1,1,1,1,1,1,1,1,1,1,1,1,0,0,0,0,1,1,0,0,1,1
RoomPractice,CVChick,OP-RP-Allo-CVChick-G2.51ThinContra-Right-DarkBlue-0-OPQ.yml,CVChickLikeTasks,1,0,1,1,0,0,DarkBlue,-1,,,0,2.5,0,0,1,1,46,0,1.0,1.0,153.0,1,1,0,0,1,0,1,1,1,0,1,0,1,1,1,1,1,1,1,1,0,0,0,0,1,1,0,1,1,1
RoomPractice,CVChick,OP-RP-Allo-CVChick-G2.51ThinContra-Right-DarkGreen-0-OPQ.yml,CVChickLikeTasks,1,0,1,1,0,0,DarkGreen,-1,,,0,2.5,0,0,1,1,46,0,1.0,100.0,1.0,1,0,0,0,1,0,1,1,1,1,1,1,1,1,1,1,1,1,1,0,0,0,0,0,1,0,0,0,1,1
RoomPractice,CVChick,OP-RP-Allo-CVChick-G2.51ThinContra-Right-Grey-0-OPQ.yml,CVChickLikeTasks,1,0,1,1,0,0,Grey,-1,,,0,2.5,0,0,1,1,46,0,153.0,153.0,153.0,1,0,0,0,1,0,1,1,1,0,1,0,1,1,1,1,1,1,1,1,0,0,0,0,1,1,0,0,1,1
RoomPractice,CVChick,OP-RP-Allo-CVChick-G2.51ThinContra-Right-OffWhite-0-OPQ.yml,CVChickLikeTasks,1,0,1,1,0,0,OffWhite,-1,,,0,2.5,0,0,1,1,46,0,248.0,253.0,212.0,1,0,0,0,1,0,0,0,1,0,0,1,1,1,1,1,1,1,1,0,0,0,0,0,1,1,0,0,1,1
RoomPractice,CVChick,OP-RP-Allo-CVChick-G2.51ThinIpsi-Left-Beige-0-OPQ.yml,CVChickLikeTasks,1,0,1,1,0,0,Beige,-1,,,0,2.5,0,0,1,1,46,0,236.0,195.0,153.0,1,1,0,0,0,0,0,1,1,0,0,0,1,1,1,1,1,1,1,1,0,0,0,0,1,1,0,0,1,0
RoomPractice,CVChick,OP-RP-Allo-CVChick-G2.51ThinIpsi-Left-Brown-0-OPQ.yml,CVChickLikeTasks,1,0,1,1,0,0,Brown,-1,,,0,2.5,0,0,1,1,46,0,102.0,51.0,1.0,1,1,0,0,0,0,1,1,1,0,1,1,1,1,1,1,1,1,1,1,0,0,0,0,1,0,0,1,1,1
RoomPractice,CVChick,OP-RP-Allo-CVChick-G2.51ThinIpsi-Left-DarkBlue-0-OPQ.yml,CVChickLikeTasks,1,0,1,1,0,0,DarkBlue,-1,,,0,2.5,0,0,1,1,46,0,1.0,1.0,153.0,1,1,0,0,1,0,1,1,1,0,0,0,1,1,1,1,1,1,1,1,0,0,0,0,1,1,0,0,1,0
RoomPractice,CVChick,OP-RP-Allo-CVChick-G2.51ThinIpsi-Left-DarkGreen-0-OPQ.yml,CVChickLikeTasks,1,0,1,1,0,0,DarkGreen,-1,,,0,2.5,0,0,1,1,46,0,1.0,100.0,1.0,1,1,0,0,1,0,1,1,1,0,1,1,1,1,1,1,1,1,1,1,0,0,0,0,1,1,0,0,1,1
RoomPractice,CVChick,OP-RP-Allo-CVChick-G2.51ThinIpsi-Left-Grey-0-OPQ.yml,CVChickLikeTasks,1,0,1,1,0,0,Grey,-1,,,0,2.5,0,0,1,1,46,0,153.0,153.0,153.0,1,0,0,0,1,0,1,1,1,0,1,1,1,1,1,1,1,1,1,1,0,0,0,0,1,1,0,0,1,1
RoomPractice,CVChick,OP-RP-Allo-CVChick-G2.51ThinIpsi-Left-OffWhite-0-OPQ.yml,CVChickLikeTasks,1,0,1,1,0,0,OffWhite,-1,,,0,2.5,0,0,1,1,46,0,248.0,253.0,212.0,1,0,0,0,1,0,0,0,1,1,1,0,1,1,1,1,0,1,1,1,0,0,0,0,1,0,0,1,1,1
RoomPractice,CVChick,OP-RP-Allo-CVChick-G2.51ThinIpsi-Right-Beige-0-OPQ.yml,CVChickLikeTasks,1,0,1,1,0,0,Beige,1,,,0,2.5,0,0,1,1,46,0,236.0,195.0,153.0,1,0,0,0,1,0,0,1,1,1,1,0,1,0,1,0,1,1,1,0,0,0,0,0,1,1,0,0,1,1
RoomPractice,CVChick,OP-RP-Allo-CVChick-G2.51ThinIpsi-Right-Brown-0-OPQ.yml,CVChickLikeTasks,1,0,1,1,0,0,Brown,1,,,0,2.5,0,0,1,1,46,0,102.0,51.0,1.0,1,0,0,0,1,0,1,1,1,0,1,1,1,1,1,0,1,1,1,0,0,1,0,1,1,1,0,0,1,1
RoomPractice,CVChick,OP-RP-Allo-CVChick-G2.51ThinIpsi-Right-DarkBlue-0-OPQ.yml,CVChickLikeTasks,1,0,1,1,0,0,DarkBlue,1,,,0,2.5,0,0,1,1,46,0,1.0,1.0,153.0,1,1,0,0,1,0,1,1,1,1,1,1,0,1,1,1,1,1,1,1,0,0,0,0,1,1,0,1,1,1
RoomPractice,CVChick,OP-RP-Allo-CVChick-G2.51ThinIpsi-Right-DarkGreen-0-OPQ.yml,CVChickLikeTasks,1,0,1,1,0,0,DarkGreen,1,,,0,2.5,0,0,1,1,46,0,1.0,100.0,1.0,1,0,0,0,1,0,1,1,1,0,0,1,0,1,1,0,1,1,1,1,0,0,0,0,1,1,0,0,1,1
RoomPractice,CVChick,OP-RP-Allo-CVChick-G2.51ThinIpsi-Right-Grey-0-OPQ.yml,CVChickLikeTasks,1,0,1,1,0,0,Grey,1,,,0,2.5,0,0,1,1,46,0,153.0,153.0,153.0,1,1,0,0,1,0,1,0,1,0,0,1,0,1,1,1,1,1,1,1,0,0,0,0,1,1,0,0,1,1
RoomPractice,CVChick,OP-RP-Allo-CVChick-G2.51ThinIpsi-Right-OffWhite-0-OPQ.yml,CVChickLikeTasks,1,0,1,1,0,0,OffWhite,1,,,0,2.5,0,0,1,1,46,0,248.0,253.0,212.0,1,1,0,0,1,0,0,0,1,0,1,1,1,1,1,1,1,1,1,1,0,0,0,0,1,1,0,0,1,0
RoomPractice,CVChick,OP-RP-Allo-CVChick-G2.51TransContra-Left-NA-0-Trans.yml,CVChickLikeTasks,1,0,1,1,0,0,,1,,,0,2.5,1,0,1,1,46,0,,,,1,0,0,0,1,1,1,1,1,1,0,1,0,0,1,1,1,1,1,0,0,0,0,0,1,0,0,0,1,1
RoomPractice,CVChick,OP-RP-Allo-CVChick-G2.51TransContra-Right-NA-0-Trans.yml,CVChickLikeTasks,1,0,1,1,0,0,,-1,,,0,2.5,1,0,1,1,46,0,,,,1,1,0,0,1,0,1,1,0,1,1,0,1,1,1,1,1,0,1,0,0,0,0,1,1,1,0,0,1,1
RoomPractice,CVChick,OP-RP-Allo-CVChick-G2.51TransIpsi-Left-NA-0-Trans.yml,CVChickLikeTasks,1,0,1,1,0,0,,-1,,,0,2.5,1,0,1,1,46,0,,,,1,0,0,0,1,0,1,1,1,0,0,0,1,1,1,1,1,1,1,1,0,0,0,0,1,1,0,0,1,1
RoomPractice,CVChick,OP-RP-Allo-CVChick-G2.51TransIpsi-Right-NA-0-Trans.yml,CVChickLikeTasks,1,0,1,1,0,0,,1,,,0,2.5,1,0,1,1,46,0,,,,1,1,0,0,1,0,0,0,1,0,1,1,0,1,1,1,1,1,1,0,0,0,0,1,1,1,0,0,1,1
RoomPractice,CVChick,OP-RP-Allo-CVChick-G2.51XtraLowContra-Left-Beige-0-OPQ.yml,CVChickLikeTasks,1,0,1,1,0,0,Beige,1,,,0,2.5,0,0,1,1,46,0,236.0,195.0,153.0,1,0,0,0,1,1,0,1,1,0,1,1,0,1,1,1,1,1,1,1,0,0,0,1,1,0,0,0,1,0
RoomPractice,CVChick,OP-RP-Allo-CVChick-G2.51XtraLowContra-Left-Brown-0-OPQ.yml,CVChickLikeTasks,1,0,1,1,0,0,Brown,1,,,0,2.5,0,0,1,1,46,0,102.0,51.0,1.0,1,0,0,0,1,0,1,1,1,1,1,1,0,1,1,1,1,1,1,0,0,0,0,0,1,1,0,0,1,0
RoomPractice,CVChick,OP-RP-Allo-CVChick-G2.51XtraLowContra-Left-DarkBlue-0-OPQ.yml,CVChickLikeTasks,1,0,1,1,0,0,DarkBlue,1,,,0,2.5,0,0,1,1,46,0,1.0,1.0,153.0,1,1,1,0,0,0,0,1,1,0,0,1,1,1,1,1,1,1,1,0,0,1,0,0,1,1,0,0,1,0
RoomPractice,CVChick,OP-RP-Allo-CVChick-G2.51XtraLowContra-Left-DarkGreen-0-OPQ.yml,CVChickLikeTasks,1,0,1,1,0,0,DarkGreen,1,,,0,2.5,0,0,1,1,46,0,1.0,100.0,1.0,1,1,1,0,0,0,1,0,1,0,1,1,0,1,1,1,1,1,1,1,0,0,0,0,1,1,0,0,1,1
RoomPractice,CVChick,OP-RP-Allo-CVChick-G2.51XtraLowContra-Left-Grey-0-OPQ.yml,CVChickLikeTasks,1,0,1,1,0,0,Grey,1,,,0,2.5,0,0,1,1,46,0,153.0,153.0,153.0,1,0,1,0,1,0,1,1,0,1,1,1,1,1,1,1,1,1,1,1,0,0,0,0,1,1,0,0,1,1
RoomPractice,CVChick,OP-RP-Allo-CVChick-G2.51XtraLowContra-Left-OffWhite-0-OPQ.yml,CVChickLikeTasks,1,0,1,1,0,0,OffWhite,1,,,0,2.5,0,0,1,1,46,0,248.0,253.0,212.0,1,1,0,0,1,0,0,1,1,1,1,1,0,1,1,1,1,1,1,1,0,0,0,0,1,1,0,0,1,1
RoomPractice,CVChick,OP-RP-Allo-CVChick-G2.51XtraLowContra-Right-Beige-0-OPQ.yml,CVChickLikeTasks,1,0,1,1,0,0,Beige,-1,,,0,2.5,0,0,1,1,46,0,236.0,195.0,153.0,1,1,0,0,1,0,0,1,1,0,1,0,1,1,1,1,1,0,1,0,0,0,0,0,1,1,0,0,1,1
RoomPractice,CVChick,OP-RP-Allo-CVChick-G2.51XtraLowContra-Right-Brown-0-OPQ.yml,CVChickLikeTasks,1,0,1,1,0,0,Brown,-1,,,0,2.5,0,0,1,1,46,0,102.0,51.0,1.0,1,0,0,0,1,0,1,1,1,0,1,1,1,1,1,1,1,1,1,0,0,0,0,0,1,1,0,0,1,0
RoomPractice,CVChick,OP-RP-Allo-CVChick-G2.51XtraLowContra-Right-DarkBlue-0-OPQ.yml,CVChickLikeTasks,1,0,1,1,0,0,DarkBlue,-1,,,0,2.5,0,0,1,1,46,0,1.0,1.0,153.0,1,0,1,0,1,0,1,1,1,1,1,0,1,1,1,1,1,1,1,1,0,0,0,0,1,1,0,0,1,1
RoomPractice,CVChick,OP-RP-Allo-CVChick-G2.51XtraLowContra-Right-DarkGreen-0-OPQ.yml,CVChickLikeTasks,1,0,1,1,0,0,DarkGreen,-1,,,0,2.5,0,0,1,1,46,0,1.0,100.0,1.0,1,0,0,0,1,0,1,1,1,1,0,0,1,1,1,1,1,1,1,0,0,0,0,0,1,1,0,0,1,1
RoomPractice,CVChick,OP-RP-Allo-CVChick-G2.51XtraLowContra-Right-Grey-0-OPQ.yml,CVChickLikeTasks,1,0,1,1,0,0,Grey,-1,,,0,2.5,0,0,1,1,46,0,153.0,153.0,153.0,1,0,0,0,1,0,1,1,1,0,1,1,1,1,1,1,1,1,1,0,0,1,0,0,1,1,0,0,1,1
RoomPractice,CVChick,OP-RP-Allo-CVChick-G2.51XtraLowContra-Right-OffWhite-0-OPQ.yml,CVChickLikeTasks,1,0,1,1,0,0,OffWhite,-1,,,0,2.5,0,0,1,1,46,0,248.0,253.0,212.0,1,1,0,0,1,0,0,0,1,1,1,0,1,1,1,1,1,1,1,1,0,0,0,0,1,1,0,1,1,1
RoomPractice,CVChick,OP-RP-Allo-CVChick-G2.51XtraLowIpsi-Left-Beige-0-OPQ.yml,CVChickLikeTasks,1,0,1,1,0,0,Beige,-1,,,0,2.5,0,0,1,1,46,0,236.0,195.0,153.0,1,0,0,0,1,0,0,0,1,0,1,1,1,1,1,1,1,0,1,0,0,0,0,0,1,1,0,0,1,1
RoomPractice,CVChick,OP-RP-Allo-CVChick-G2.51XtraLowIpsi-Left-Brown-0-OPQ.yml,CVChickLikeTasks,1,0,1,1,0,0,Brown,-1,,,0,2.5,0,0,1,1,46,0,102.0,51.0,1.0,1,0,0,0,1,0,1,1,1,0,1,0,1,1,1,1,1,0,1,0,0,0,0,0,1,1,0,0,1,1
RoomPractice,CVChick,OP-RP-Allo-CVChick-G2.51XtraLowIpsi-Left-DarkBlue-0-OPQ.yml,CVChickLikeTasks,1,0,1,1,0,0,DarkBlue,-1,,,0,2.5,0,0,1,1,46,0,1.0,1.0,153.0,1,0,1,0,0,0,0,1,1,1,1,0,1,1,1,1,1,1,1,1,0,0,0,0,1,1,0,0,1,1
RoomPractice,CVChick,OP-RP-Allo-CVChick-G2.51XtraLowIpsi-Left-DarkGreen-0-OPQ.yml,CVChickLikeTasks,1,0,1,1,0,0,DarkGreen,-1,,,0,2.5,0,0,1,1,46,0,1.0,100.0,1.0,1,1,1,0,1,0,1,1,1,0,0,1,1,1,1,1,1,1,1,0,0,0,0,0,1,1,0,0,1,0
RoomPractice,CVChick,OP-RP-Allo-CVChick-G2.51XtraLowIpsi-Left-Grey-0-OPQ.yml,CVChickLikeTasks,1,0,1,1,0,0,Grey,-1,,,0,2.5,0,0,1,1,46,0,153.0,153.0,153.0,1,0,0,0,1,0,1,1,1,0,1,1,1,1,1,1,1,1,1,1,0,0,0,0,1,1,0,0,1,1
RoomPractice,CVChick,OP-RP-Allo-CVChick-G2.51XtraLowIpsi-Left-OffWhite-0-OPQ.yml,CVChickLikeTasks,1,0,1,1,0,0,OffWhite,-1,,,0,2.5,0,0,1,1,46,0,248.0,253.0,212.0,1,1,0,1,1,0,0,0,1,1,1,0,1,1,1,1,1,1,1,1,0,0,0,0,1,0,0,0,1,0
RoomPractice,CVChick,OP-RP-Allo-CVChick-G2.51XtraLowIpsi-Right-Beige-0-OPQ.yml,CVChickLikeTasks,1,0,1,1,0,0,Beige,1,,,0,2.5,0,0,1,1,46,0,236.0,195.0,153.0,1,1,0,0,1,0,0,1,1,1,1,1,1,1,1,0,1,1,1,1,0,0,0,0,1,1,0,0,1,0
RoomPractice,CVChick,OP-RP-Allo-CVChick-G2.51XtraLowIpsi-Right-Brown-0-OPQ.yml,CVChickLikeTasks,1,0,1,1,0,0,Brown,1,,,0,2.5,0,0,1,1,46,0,102.0,51.0,1.0,1,0,0,0,1,0,1,1,1,0,0,1,1,1,1,1,1,0,1,1,0,0,0,0,1,1,0,0,1,1
RoomPractice,CVChick,OP-RP-Allo-CVChick-G2.51XtraLowIpsi-Right-DarkBlue-0-OPQ.yml,CVChickLikeTasks,1,0,1,1,0,0,DarkBlue,1,,,0,2.5,0,0,1,1,46,0,1.0,1.0,153.0,1,1,0,0,1,0,1,1,1,1,0,1,0,1,1,1,1,1,1,1,0,0,0,0,1,0,0,0,1,1
RoomPractice,CVChick,OP-RP-Allo-CVChick-G2.51XtraLowIpsi-Right-DarkGreen-0-OPQ.yml,CVChickLikeTasks,1,0,1,1,0,0,DarkGreen,1,,,0,2.5,0,0,1,1,46,0,1.0,100.0,1.0,1,0,0,0,1,0,1,1,1,1,1,1,1,1,1,1,1,1,1,0,0,1,0,0,1,0,0,0,1,1
RoomPractice,CVChick,OP-RP-Allo-CVChick-G2.51XtraLowIpsi-Right-Grey-0-OPQ.yml,CVChickLikeTasks,1,0,1,1,0,0,Grey,1,,,0,2.5,0,0,1,1,46,0,153.0,153.0,153.0,1,1,0,0,0,0,1,1,1,1,1,1,0,1,1,1,1,1,1,1,0,1,0,0,1,1,0,1,1,1
RoomPractice,CVChick,OP-RP-Allo-CVChick-G2.51XtraLowIpsi-Right-OffWhite-0-OPQ.yml,CVChickLikeTasks,1,0,1,1,0,0,OffWhite,1,,,0,2.5,0,0,1,1,46,0,248.0,253.0,212.0,1,0,0,0,1,0,1,0,1,0,1,1,1,1,1,1,1,1,1,1,0,0,0,0,1,1,0,0,1,1
RoomPractice,CVChick,OP-RP-Allo-CVChick-G2.52Occluder-Left-Beige-0-OPQ.yml,CVChickLikeTasks,1,0,1,1,0,0,Beige,-1,,,0,2.5,0,0,1,1,46,0,236.0,195.0,153.0,1,1,0,0,1,0,0,1,1,0,0,1,1,1,1,1,1,1,1,1,0,0,0,0,1,1,0,0,1,1
RoomPractice,CVChick,OP-RP-Allo-CVChick-G2.52Occluder-Left-Brown-0-OPQ.yml,CVChickLikeTasks,1,0,1,1,0,0,Brown,-1,,,0,2.5,0,0,1,1,46,0,102.0,51.0,1.0,1,1,0,0,1,0,1,1,1,0,1,0,1,1,1,1,1,1,1,0,0,0,0,0,1,0,0,0,1,1
RoomPractice,CVChick,OP-RP-Allo-CVChick-G2.52Occluder-Left-DarkBlue-0-OPQ.yml,CVChickLikeTasks,1,0,1,1,0,0,DarkBlue,-1,,,0,2.5,0,0,1,1,46,0,1.0,1.0,153.0,1,1,0,1,1,0,1,1,1,1,1,0,1,1,1,1,0,1,1,1,0,0,0,0,1,1,0,0,1,1
RoomPractice,CVChick,OP-RP-Allo-CVChick-G2.52Occluder-Left-DarkGreen-0-OPQ.yml,CVChickLikeTasks,1,0,1,1,0,0,DarkGreen,-1,,,0,2.5,0,0,1,1,46,0,1.0,100.0,1.0,1,0,0,0,1,0,1,1,1,1,1,1,1,1,1,1,1,1,1,1,0,0,0,0,1,1,0,0,1,1
RoomPractice,CVChick,OP-RP-Allo-CVChick-G2.52Occluder-Left-Grey-0-OPQ.yml,CVChickLikeTasks,1,0,1,1,0,0,Grey,-1,,,0,2.5,0,0,1,1,46,0,153.0,153.0,153.0,1,1,0,0,1,0,1,1,1,0,1,0,1,1,1,1,0,1,1,1,0,0,0,1,1,1,0,0,1,1
RoomPractice,CVChick,OP-RP-Allo-CVChick-G2.52Occluder-Left-OffWhite-0-OPQ.yml,CVChickLikeTasks,1,0,1,1,0,0,OffWhite,-1,,,0,2.5,0,0,1,1,46,0,248.0,253.0,212.0,1,1,0,0,1,0,0,0,1,1,1,0,0,1,1,1,1,1,1,0,0,0,0,0,1,1,0,0,1,1
RoomPractice,CVChick,OP-RP-Allo-CVChick-G2.52Occluder-Right-Beige-0-OPQ.yml,CVChickLikeTasks,1,0,1,1,0,0,Beige,1,,,0,2.5,0,0,1,1,46,0,236.0,195.0,153.0,1,1,0,0,1,0,1,1,1,1,1,1,0,1,1,1,1,1,1,1,0,0,0,0,1,1,0,0,1,1
RoomPractice,CVChick,OP-RP-Allo-CVChick-G2.52Occluder-Right-Brown-0-OPQ.yml,CVChickLikeTasks,1,0,1,1,0,0,Brown,1,,,0,2.5,0,0,1,1,46,0,102.0,51.0,1.0,1,1,0,0,0,0,1,1,1,1,1,1,0,1,1,1,1,1,1,0,0,1,0,1,1,1,0,1,1,1
RoomPractice,CVChick,OP-RP-Allo-CVChick-G2.52Occluder-Right-DarkBlue-0-OPQ.yml,CVChickLikeTasks,1,0,1,1,0,0,DarkBlue,1,,,0,2.5,0,0,1,1,46,0,1.0,1.0,153.0,1,0,0,0,1,0,1,1,1,0,1,1,0,1,1,1,0,1,1,1,0,0,0,0,1,0,0,0,1,1
RoomPractice,CVChick,OP-RP-Allo-CVChick-G2.52Occluder-Right-DarkGreen-0-OPQ.yml,CVChickLikeTasks,1,0,1,1,0,0,DarkGreen,1,,,0,2.5,0,0,1,1,46,0,1.0,100.0,1.0,1,0,0,0,1,0,1,1,1,1,1,1,1,1,1,1,1,1,1,1,0,0,0,0,1,1,0,0,1,0
RoomPractice,CVChick,OP-RP-Allo-CVChick-G2.52Occluder-Right-Grey-0-OPQ.yml,CVChickLikeTasks,1,0,1,1,0,0,Grey,1,,,0,2.5,0,0,1,1,46,0,153.0,153.0,153.0,1,1,0,0,1,0,1,1,1,1,1,1,1,1,1,1,1,1,1,1,0,0,0,0,1,1,0,1,1,0
RoomPractice,CVChick,OP-RP-Allo-CVChick-G2.52Occluder-Right-OffWhite-0-OPQ.yml,CVChickLikeTasks,1,0,1,1,0,0,OffWhite,1,,,0,2.5,0,0,1,1,46,0,248.0,253.0,212.0,1,0,0,0,1,0,0,0,1,1,1,1,1,1,1,1,1,1,1,1,0,0,0,1,1,1,0,0,1,1
RoomPractice,CVChick,OP-RP-Allo-CVChick-G2.52Thin-Left-Beige-0-OPQ.yml,CVChickLikeTasks,1,0,1,1,0,0,Beige,-1,,,0,2.5,0,0,1,1,46,0,236.0,195.0,153.0,1,1,1,0,1,0,0,1,1,0,1,0,1,1,1,1,1,1,1,0,0,0,0,0,1,1,0,0,1,1
RoomPractice,CVChick,OP-RP-Allo-CVChick-G2.52Thin-Left-Brown-0-OPQ.yml,CVChickLikeTasks,1,0,1,1,0,0,Brown,-1,,,0,2.5,0,0,1,1,46,0,102.0,51.0,1.0,1,1,0,0,1,0,1,1,1,1,1,0,1,1,1,1,1,1,1,1,0,0,0,0,1,1,0,0,1,0
RoomPractice,CVChick,OP-RP-Allo-CVChick-G2.52Thin-Left-DarkBlue-0-OPQ.yml,CVChickLikeTasks,1,0,1,1,0,0,DarkBlue,-1,,,0,2.5,0,0,1,1,46,0,1.0,1.0,153.0,1,1,0,0,1,0,1,1,1,1,1,0,1,1,1,1,1,0,1,1,0,0,0,0,1,1,0,0,1,1
RoomPractice,CVChick,OP-RP-Allo-CVChick-G2.52Thin-Left-DarkGreen-0-OPQ.yml,CVChickLikeTasks,1,0,1,1,0,0,DarkGreen,-1,,,0,2.5,0,0,1,1,46,0,1.0,100.0,1.0,1,0,0,0,1,0,1,1,1,1,1,0,1,1,1,1,1,1,1,1,0,0,0,0,1,0,0,0,1,1
RoomPractice,CVChick,OP-RP-Allo-CVChick-G2.52Thin-Left-Grey-0-OPQ.yml,CVChickLikeTasks,1,0,1,1,0,0,Grey,-1,,,0,2.5,0,0,1,1,46,0,153.0,153.0,153.0,1,0,0,0,1,0,0,1,1,1,1,0,1,1,1,1,1,1,1,1,0,0,0,0,1,0,0,0,1,1
RoomPractice,CVChick,OP-RP-Allo-CVChick-G2.52Thin-Left-OffWhite-0-OPQ.yml,CVChickLikeTasks,1,0,1,1,0,0,OffWhite,-1,,,0,2.5,0,0,1,1,46,0,248.0,253.0,212.0,1,0,0,0,1,0,0,1,1,0,1,0,1,1,1,1,1,1,1,1,0,0,0,0,1,0,0,0,1,1
RoomPractice,CVChick,OP-RP-Allo-CVChick-G2.52Thin-Right-Beige-0-OPQ.yml,CVChickLikeTasks,1,0,1,1,0,0,Beige,1,,,0,2.5,0,0,1,1,46,0,236.0,195.0,153.0,1,1,0,0,1,0,0,1,1,1,1,1,1,1,1,1,1,1,1,1,0,1,0,0,1,0,0,0,1,1
RoomPractice,CVChick,OP-RP-Allo-CVChick-G2.52Thin-Right-Brown-0-OPQ.yml,CVChickLikeTasks,1,0,1,1,0,0,Brown,1,,,0,2.5,0,0,1,1,46,0,102.0,51.0,1.0,1,0,0,0,1,0,1,0,1,0,1,1,0,1,1,1,1,0,1,0,0,1,0,1,1,1,0,0,1,1
RoomPractice,CVChick,OP-RP-Allo-CVChick-G2.52Thin-Right-DarkBlue-0-OPQ.yml,CVChickLikeTasks,1,0,1,1,0,0,DarkBlue,1,,,0,2.5,0,0,1,1,46,0,1.0,1.0,153.0,1,1,1,0,1,0,1,1,1,1,1,1,0,1,1,1,1,1,1,1,0,0,0,0,1,1,0,0,1,1
RoomPractice,CVChick,OP-RP-Allo-CVChick-G2.52Thin-Right-DarkGreen-0-OPQ.yml,CVChickLikeTasks,1,0,1,1,0,0,DarkGreen,1,,,0,2.5,0,0,1,1,46,0,1.0,100.0,1.0,1,1,0,0,1,0,1,1,1,0,1,1,0,0,1,1,1,1,1,1,0,0,0,0,1,1,0,0,1,1
RoomPractice,CVChick,OP-RP-Allo-CVChick-G2.52Thin-Right-Grey-0-OPQ.yml,CVChickLikeTasks,1,0,1,1,0,0,Grey,1,,,0,2.5,0,0,1,1,46,0,153.0,153.0,153.0,1,1,0,0,1,0,1,1,1,0,1,1,1,1,1,1,1,1,1,0,0,1,0,0,1,1,0,0,1,0
RoomPractice,CVChick,OP-RP-Allo-CVChick-G2.52Thin-Right-OffWhite-0-OPQ.yml,CVChickLikeTasks,1,0,1,1,0,0,OffWhite,1,,,0,2.5,0,0,1,1,46,0,248.0,253.0,212.0,1,0,0,0,1,0,0,0,1,1,1,1,1,1,1,1,1,1,1,1,0,0,0,0,1,1,0,0,1,1
RoomPractice,CVChick,OP-RP-Allo-CVChick-G2.52Trans-Left-NA-0-Trans.yml,CVChickLikeTasks,1,0,1,1,0,0,,-1,,,0,2.5,1,0,1,1,46,0,,,,1,1,1,0,1,0,1,0,1,1,0,1,1,1,1,1,1,1,1,1,0,0,0,0,1,1,0,0,1,1
RoomPractice,CVChick,OP-RP-Allo-CVChick-G2.52Trans-Right-NA-0-Trans.yml,CVChickLikeTasks,1,0,1,1,0,0,,1,,,0,2.5,1,0,1,1,46,0,,,,1,0,0,0,1,0,1,0,1,1,1,1,1,1,1,1,1,1,1,1,0,0,0,1,1,1,0,0,1,1
RoomPractice,CVChick,OP-RP-Allo-CVChick-G2.52XtraLow-Left-Beige-0-OPQ.yml,CVChickLikeTasks,1,0,1,1,0,0,Beige,-1,,,0,2.5,0,0,1,1,46,0,236.0,195.0,153.0,1,0,0,0,1,0,0,1,1,0,1,0,1,1,1,1,1,0,1,1,0,0,0,0,1,1,0,0,1,0
RoomPractice,CVChick,OP-RP-Allo-CVChick-G2.52XtraLow-Left-Brown-0-OPQ.yml,CVChickLikeTasks,1,0,1,1,0,0,Brown,-1,,,0,2.5,0,0,1,1,46,0,102.0,51.0,1.0,1,0,1,0,1,0,1,1,1,1,1,0,1,1,1,1,1,1,1,1,0,0,0,0,1,1,0,0,1,1
RoomPractice,CVChick,OP-RP-Allo-CVChick-G2.52XtraLow-Left-DarkBlue-0-OPQ.yml,CVChickLikeTasks,1,0,1,1,0,0,DarkBlue,-1,,,0,2.5,0,0,1,1,46,0,1.0,1.0,153.0,1,1,1,0,1,0,1,1,1,0,0,0,1,1,1,1,1,1,1,1,0,0,0,0,1,0,0,0,1,1
RoomPractice,CVChick,OP-RP-Allo-CVChick-G2.52XtraLow-Left-DarkGreen-0-OPQ.yml,CVChickLikeTasks,1,0,1,1,0,0,DarkGreen,-1,,,0,2.5,0,0,1,1,46,0,1.0,100.0,1.0,1,1,0,0,1,0,1,1,0,1,1,0,1,1,1,1,1,1,1,0,0,0,0,0,1,0,0,0,1,1
RoomPractice,CVChick,OP-RP-Allo-CVChick-G2.52XtraLow-Left-Grey-0-OPQ.yml,CVChickLikeTasks,1,0,1,1,0,0,Grey,-1,,,0,2.5,0,0,1,1,46,0,153.0,153.0,153.0,1,0,0,0,1,0,1,1,1,0,1,0,1,1,1,1,1,1,1,1,0,0,0,0,1,1,0,0,1,1
RoomPractice,CVChick,OP-RP-Allo-CVChick-G2.52XtraLow-Left-OffWhite-0-OPQ.yml,CVChickLikeTasks,1,0,1,1,0,0,OffWhite,-1,,,0,2.5,0,0,1,1,46,0,248.0,253.0,212.0,1,0,0,0,1,0,0,0,1,1,0,0,1,1,1,1,1,1,1,1,0,0,0,0,1,0,0,0,1,1
RoomPractice,CVChick,OP-RP-Allo-CVChick-G2.52XtraLow-Right-Beige-0-OPQ.yml,CVChickLikeTasks,1,0,1,1,0,0,Beige,1,,,0,2.5,0,0,1,1,46,0,236.0,195.0,153.0,1,0,0,0,1,1,0,1,1,0,1,0,0,1,1,1,1,1,1,1,0,0,0,0,1,0,0,0,1,1
RoomPractice,CVChick,OP-RP-Allo-CVChick-G2.52XtraLow-Right-Brown-0-OPQ.yml,CVChickLikeTasks,1,0,1,1,0,0,Brown,1,,,0,2.5,0,0,1,1,46,0,102.0,51.0,1.0,1,1,0,0,1,0,1,1,1,1,1,1,0,1,1,1,1,1,1,1,0,0,0,1,1,1,0,0,1,1
RoomPractice,CVChick,OP-RP-Allo-CVChick-G2.52XtraLow-Right-DarkBlue-0-OPQ.yml,CVChickLikeTasks,1,0,1,1,0,0,DarkBlue,1,,,0,2.5,0,0,1,1,46,0,1.0,1.0,153.0,1,1,0,0,1,0,1,1,1,0,1,1,0,1,1,1,1,1,1,1,0,0,0,0,1,1,0,0,1,0
RoomPractice,CVChick,OP-RP-Allo-CVChick-G2.52XtraLow-Right-DarkGreen-0-OPQ.yml,CVChickLikeTasks,1,0,1,1,0,0,DarkGreen,1,,,0,2.5,0,0,1,1,46,0,1.0,100.0,1.0,1,0,0,0,1,0,1,1,1,1,1,1,0,1,1,1,1,1,1,0,0,0,0,1,1,1,0,0,1,0
RoomPractice,CVChick,OP-RP-Allo-CVChick-G2.52XtraLow-Right-Grey-0-OPQ.yml,CVChickLikeTasks,1,0,1,1,0,0,Grey,1,,,0,2.5,0,0,1,1,46,0,153.0,153.0,153.0,1,1,0,0,1,0,1,1,1,1,1,1,0,1,1,1,1,1,1,0,0,0,0,0,1,0,0,0,1,0
RoomPractice,CVChick,OP-RP-Allo-CVChick-G2.52XtraLow-Right-OffWhite-0-OPQ.yml,CVChickLikeTasks,1,0,1,1,0,0,OffWhite,1,,,0,2.5,0,0,1,1,46,0,248.0,253.0,212.0,1,1,0,0,1,0,0,1,1,1,0,1,1,1,1,1,1,1,1,1,0,1,0,0,1,1,0,0,1,1
RoomPractice,CVChick,OP-RP-Allo-CVChick-G2.5NoOccluder-Left-NA-0-NA.yml,CVChickLikeTasks,1,0,1,1,0,0,,-1,,,0,2.5,0,0,1,1,46,0,,,,1,1,0,0,1,0,1,1,1,1,1,1,1,1,1,1,1,1,1,1,0,0,0,0,1,1,0,0,1,1
RoomPractice,CVChick,OP-RP-Allo-CVChick-G2.5NoOccluder-Right-NA-0-NA.yml,CVChickLikeTasks,1,0,1,1,0,0,,1,,,0,2.5,0,0,1,1,46,0,,,,1,1,0,0,1,0,1,1,1,0,1,1,0,1,1,0,1,1,1,1,0,0,0,0,1,1,0,0,1,0
RoomPractice,CVChick,OP-RP-Allo-CVChick-G21FallingLargeContra-Left-Beige-0-OPQ.yml,CVChickLikeTasks,1,0,1,1,0,0,Beige,1,,,0,2.0,0,0,1,1,46,0,236.0,195.0,153.0,1,1,0,0,1,0,0,1,1,0,0,1,0,1,1,1,1,1,1,0,0,0,0,0,1,1,0,0,1,1
RoomPractice,CVChick,OP-RP-Allo-CVChick-G21FallingLargeContra-Left-Brown-0-OPQ.yml,CVChickLikeTasks,1,0,1,1,0,0,Brown,1,,,0,2.0,0,0,1,1,46,0,102.0,51.0,1.0,1,1,0,0,1,0,1,1,1,1,1,1,0,1,1,1,1,1,1,0,0,1,0,0,1,1,0,0,1,1
RoomPractice,CVChick,OP-RP-Allo-CVChick-G21FallingLargeContra-Left-DarkBlue-0-OPQ.yml,CVChickLikeTasks,1,0,1,1,0,0,DarkBlue,1,,,0,2.0,0,0,1,1,46,0,1.0,1.0,153.0,1,0,0,0,1,0,1,1,1,0,1,1,0,1,1,1,1,1,1,1,0,1,0,0,1,1,0,0,1,1
RoomPractice,CVChick,OP-RP-Allo-CVChick-G21FallingLargeContra-Left-DarkGreen-0-OPQ.yml,CVChickLikeTasks,1,0,1,1,0,0,DarkGreen,1,,,0,2.0,0,0,1,1,46,0,1.0,100.0,1.0,1,0,0,0,1,0,1,1,1,0,0,1,1,1,1,1,1,1,1,1,0,0,0,0,1,1,0,1,1,1
RoomPractice,CVChick,OP-RP-Allo-CVChick-G21FallingLargeContra-Left-Grey-0-OPQ.yml,CVChickLikeTasks,1,0,1,1,0,0,Grey,1,,,0,2.0,0,0,1,1,46,0,153.0,153.0,153.0,1,1,0,0,1,0,1,1,1,1,0,1,0,1,1,1,1,1,1,1,0,0,0,0,1,1,0,0,1,1
RoomPractice,CVChick,OP-RP-Allo-CVChick-G21FallingLargeContra-Left-OffWhite-0-OPQ.yml,CVChickLikeTasks,1,0,1,1,0,0,OffWhite,1,,,0,2.0,0,0,1,1,46,0,248.0,253.0,212.0,1,1,0,0,1,0,0,0,1,1,1,1,0,1,1,1,1,1,1,1,0,0,0,0,1,0,0,0,1,1
RoomPractice,CVChick,OP-RP-Allo-CVChick-G21FallingLargeContra-Right-Beige-0-OPQ.yml,CVChickLikeTasks,1,0,1,1,0,0,Beige,-1,,,0,2.0,0,0,1,1,46,0,236.0,195.0,153.0,1,1,0,0,1,0,0,1,1,1,0,1,1,1,1,1,1,1,1,1,0,0,0,0,1,0,0,0,1,1
RoomPractice,CVChick,OP-RP-Allo-CVChick-G21FallingLargeContra-Right-Brown-0-OPQ.yml,CVChickLikeTasks,1,0,1,1,0,0,Brown,-1,,,0,2.0,0,0,1,1,46,0,102.0,51.0,1.0,1,1,0,0,1,0,1,1,1,0,1,0,1,1,1,1,0,1,1,1,0,0,0,0,1,1,0,0,1,1
RoomPractice,CVChick,OP-RP-Allo-CVChick-G21FallingLargeContra-Right-DarkBlue-0-OPQ.yml,CVChickLikeTasks,1,0,1,1,0,0,DarkBlue,-1,,,0,2.0,0,0,1,1,46,0,1.0,1.0,153.0,1,1,0,0,1,0,1,1,1,1,0,1,1,1,1,1,1,0,1,1,0,0,0,0,1,0,0,0,1,1
RoomPractice,CVChick,OP-RP-Allo-CVChick-G21FallingLargeContra-Right-DarkGreen-0-OPQ.yml,CVChickLikeTasks,1,0,1,1,0,0,DarkGreen,-1,,,0,2.0,0,0,1,1,46,0,1.0,100.0,1.0,1,0,0,0,1,0,1,1,1,1,1,0,1,1,1,1,1,1,1,0,0,0,0,0,1,0,0,0,1,0
RoomPractice,CVChick,OP-RP-Allo-CVChick-G21FallingLargeContra-Right-Grey-0-OPQ.yml,CVChickLikeTasks,1,0,1,1,0,0,Grey,-1,,,0,2.0,0,0,1,1,46,0,153.0,153.0,153.0,1,0,0,0,1,0,1,1,1,1,1,1,1,1,1,1,1,1,1,0,0,0,0,0,1,1,0,0,1,0
RoomPractice,CVChick,OP-RP-Allo-CVChick-G21FallingLargeContra-Right-OffWhite-0-OPQ.yml,CVChickLikeTasks,1,0,1,1,0,0,OffWhite,-1,,,0,2.0,0,0,1,1,46,0,248.0,253.0,212.0,1,1,0,0,1,1,0,0,1,0,1,0,1,1,1,0,1,1,1,1,0,0,0,0,1,1,0,0,1,1
RoomPractice,CVChick,OP-RP-Allo-CVChick-G21FallingLargeIpsi-Left-Beige-0-OPQ.yml,CVChickLikeTasks,1,0,1,1,0,0,Beige,-1,,,0,2.0,0,0,1,1,46,0,236.0,195.0,153.0,1,0,0,0,1,0,0,1,1,1,0,0,1,1,1,1,1,1,1,0,0,0,0,0,1,1,0,0,1,1
RoomPractice,CVChick,OP-RP-Allo-CVChick-G21FallingLargeIpsi-Left-Brown-0-OPQ.yml,CVChickLikeTasks,1,0,1,1,0,0,Brown,-1,,,0,2.0,0,0,1,1,46,0,102.0,51.0,1.0,1,1,0,0,1,0,0,1,1,1,0,1,1,1,1,1,1,1,1,1,0,0,0,0,1,0,0,0,1,0
RoomPractice,CVChick,OP-RP-Allo-CVChick-G21FallingLargeIpsi-Left-DarkBlue-0-OPQ.yml,CVChickLikeTasks,1,0,1,1,0,0,DarkBlue,-1,,,0,2.0,0,0,1,1,46,0,1.0,1.0,153.0,1,0,0,0,1,0,1,1,1,0,1,0,1,1,1,1,1,1,1,1,0,0,0,0,1,1,0,0,1,1
RoomPractice,CVChick,OP-RP-Allo-CVChick-G21FallingLargeIpsi-Left-DarkGreen-0-OPQ.yml,CVChickLikeTasks,1,0,1,1,0,0,DarkGreen,-1,,,0,2.0,0,0,1,1,46,0,1.0,100.0,1.0,1,0,0,0,0,0,1,1,1,1,1,1,1,1,1,1,1,1,1,0,0,0,0,0,1,1,0,0,1,0
RoomPractice,CVChick,OP-RP-Allo-CVChick-G21FallingLargeIpsi-Left-Grey-0-OPQ.yml,CVChickLikeTasks,1,0,1,1,0,0,Grey,-1,,,0,2.0,0,0,1,1,46,0,153.0,153.0,153.0,1,1,0,0,1,0,1,1,1,0,1,0,1,1,1,1,1,1,1,1,0,0,0,0,1,1,0,0,1,1
RoomPractice,CVChick,OP-RP-Allo-CVChick-G21FallingLargeIpsi-Left-OffWhite-0-OPQ.yml,CVChickLikeTasks,1,0,1,1,0,0,OffWhite,-1,,,0,2.0,0,0,1,1,46,0,248.0,253.0,212.0,1,1,0,0,1,0,0,0,1,1,0,0,1,1,1,1,1,1,1,0,0,0,0,0,1,0,0,0,1,1
RoomPractice,CVChick,OP-RP-Allo-CVChick-G21FallingLargeIpsi-Right-Beige-0-OPQ.yml,CVChickLikeTasks,1,0,1,1,0,0,Beige,1,,,0,2.0,0,0,1,1,46,0,236.0,195.0,153.0,1,1,0,0,1,0,0,1,1,1,1,1,1,1,1,1,0,1,1,1,0,0,0,0,1,1,0,0,1,1
RoomPractice,CVChick,OP-RP-Allo-CVChick-G21FallingLargeIpsi-Right-Brown-0-OPQ.yml,CVChickLikeTasks,1,0,1,1,0,0,Brown,1,,,0,2.0,0,0,1,1,46,0,102.0,51.0,1.0,1,0,1,0,1,0,1,1,1,0,1,1,1,1,1,1,1,1,1,0,0,0,0,0,1,1,0,0,1,1
RoomPractice,CVChick,OP-RP-Allo-CVChick-G21FallingLargeIpsi-Right-DarkBlue-0-OPQ.yml,CVChickLikeTasks,1,0,1,1,0,0,DarkBlue,1,,,0,2.0,0,0,1,1,46,0,1.0,1.0,153.0,1,0,0,0,1,0,1,1,1,1,1,1,0,1,1,1,1,1,1,1,0,0,0,0,1,0,0,0,1,1
RoomPractice,CVChick,OP-RP-Allo-CVChick-G21FallingLargeIpsi-Right-DarkGreen-0-OPQ.yml,CVChickLikeTasks,1,0,1,1,0,0,DarkGreen,1,,,0,2.0,0,0,1,1,46,0,1.0,100.0,1.0,1,1,0,0,1,0,1,1,1,1,1,1,0,1,1,1,1,1,1,1,0,0,0,0,1,1,0,0,1,1
RoomPractice,CVChick,OP-RP-Allo-CVChick-G21FallingLargeIpsi-Right-Grey-0-OPQ.yml,CVChickLikeTasks,1,0,1,1,0,0,Grey,1,,,0,2.0,0,0,1,1,46,0,153.0,153.0,153.0,1,0,0,0,1,0,1,1,1,0,0,1,0,1,1,1,1,1,1,1,0,0,0,0,1,1,0,0,1,0
RoomPractice,CVChick,OP-RP-Allo-CVChick-G21FallingLargeIpsi-Right-OffWhite-0-OPQ.yml,CVChickLikeTasks,1,0,1,1,0,0,OffWhite,1,,,0,2.0,0,0,1,1,46,0,248.0,253.0,212.0,1,0,0,0,1,0,1,0,1,0,0,1,1,1,1,1,1,1,1,1,0,0,0,0,1,1,0,1,1,1
RoomPractice,CVChick,OP-RP-Allo-CVChick-G21FallingSmallContra-Left-Beige-0-OPQ.yml,CVChickLikeTasks,1,0,1,1,0,0,Beige,1,,,0,2.0,0,0,1,1,46,0,236.0,195.0,153.0,1,1,0,0,1,0,0,0,1,1,1,1,1,1,1,1,1,1,1,1,0,0,0,0,1,1,0,0,1,0
RoomPractice,CVChick,OP-RP-Allo-CVChick-G21FallingSmallContra-Left-Brown-0-OPQ.yml,CVChickLikeTasks,1,0,1,1,0,0,Brown,1,,,0,2.0,0,0,1,1,46,0,102.0,51.0,1.0,1,1,0,0,1,0,1,1,1,0,0,1,0,1,1,1,1,1,1,1,0,0,0,0,1,1,0,0,1,0
RoomPractice,CVChick,OP-RP-Allo-CVChick-G21FallingSmallContra-Left-DarkBlue-0-OPQ.yml,CVChickLikeTasks,1,0,1,1,0,0,DarkBlue,1,,,0,2.0,0,0,1,1,46,0,1.0,1.0,153.0,1,0,0,0,1,1,1,1,0,0,1,1,0,1,1,1,1,1,1,1,0,0,0,0,1,1,0,0,1,1
RoomPractice,CVChick,OP-RP-Allo-CVChick-G21FallingSmallContra-Left-DarkGreen-0-OPQ.yml,CVChickLikeTasks,1,0,1,1,0,0,DarkGreen,1,,,0,2.0,0,0,1,1,46,0,1.0,100.0,1.0,1,0,0,0,1,0,1,1,1,0,0,1,0,1,1,1,1,1,1,0,0,0,0,0,1,0,0,1,1,1
RoomPractice,CVChick,OP-RP-Allo-CVChick-G21FallingSmallContra-Left-Grey-0-OPQ.yml,CVChickLikeTasks,1,0,1,1,0,0,Grey,1,,,0,2.0,0,0,1,1,46,0,153.0,153.0,153.0,1,1,0,0,1,0,1,1,1,1,1,1,0,1,1,1,1,1,1,0,0,0,0,1,1,1,0,0,1,1
RoomPractice,CVChick,OP-RP-Allo-CVChick-G21FallingSmallContra-Left-OffWhite-0-OPQ.yml,CVChickLikeTasks,1,0,1,1,0,0,OffWhite,1,,,0,2.0,0,0,1,1,46,0,248.0,253.0,212.0,1,0,1,0,1,0,0,1,1,1,1,1,0,1,1,1,1,1,1,1,0,0,0,0,1,1,0,1,1,0
RoomPractice,CVChick,OP-RP-Allo-CVChick-G21FallingSmallContra-Right-Beige-0-OPQ.yml,CVChickLikeTasks,1,0,1,1,0,0,Beige,-1,,,0,2.0,0,0,1,1,46,0,236.0,195.0,153.0,1,0,0,0,1,0,0,1,1,0,1,0,1,1,1,1,1,1,1,1,0,0,0,0,1,1,0,0,1,1
RoomPractice,CVChick,OP-RP-Allo-CVChick-G21FallingSmallContra-Right-Brown-0-OPQ.yml,CVChickLikeTasks,1,0,1,1,0,0,Brown,-1,,,0,2.0,0,0,1,1,46,0,102.0,51.0,1.0,1,0,0,0,1,0,1,1,1,1,0,0,1,1,1,1,1,1,1,1,0,0,0,0,1,1,0,0,1,1
RoomPractice,CVChick,OP-RP-Allo-CVChick-G21FallingSmallContra-Right-DarkBlue-0-OPQ.yml,CVChickLikeTasks,1,0,1,1,0,0,DarkBlue,-1,,,0,2.0,0,0,1,1,46,0,1.0,1.0,153.0,1,1,0,0,1,1,1,1,1,0,1,1,1,1,1,1,1,1,1,1,0,0,0,0,1,1,0,0,1,0
RoomPractice,CVChick,OP-RP-Allo-CVChick-G21FallingSmallContra-Right-DarkGreen-0-OPQ.yml,CVChickLikeTasks,1,0,1,1,0,0,DarkGreen,-1,,,0,2.0,0,0,1,1,46,0,1.0,100.0,1.0,1,1,0,1,0,0,0,1,1,1,1,0,1,1,1,1,1,1,1,1,0,0,0,0,1,1,0,0,1,1
RoomPractice,CVChick,OP-RP-Allo-CVChick-G21FallingSmallContra-Right-Grey-0-OPQ.yml,CVChickLikeTasks,1,0,1,1,0,0,Grey,-1,,,0,2.0,0,0,1,1,46,0,153.0,153.0,153.0,1,0,1,0,1,0,1,1,1,0,1,0,1,1,1,1,1,1,1,1,0,1,0,1,1,1,0,0,1,0
RoomPractice,CVChick,OP-RP-Allo-CVChick-G21FallingSmallContra-Right-OffWhite-0-OPQ.yml,CVChickLikeTasks,1,0,1,1,0,0,OffWhite,-1,,,0,2.0,0,0,1,1,46,0,248.0,253.0,212.0,1,0,0,0,1,0,0,0,1,0,1,0,1,1,1,1,1,1,1,1,0,0,0,0,1,0,0,0,1,0
RoomPractice,CVChick,OP-RP-Allo-CVChick-G21OccluderContra-Left-Beige-0-OPQ.yml,CVChickLikeTasks,1,0,1,1,0,0,Beige,1,,,0,2.0,0,0,1,1,46,0,236.0,195.0,153.0,1,0,0,0,1,1,0,1,1,0,0,1,0,1,1,1,1,1,1,1,0,0,0,0,1,0,0,0,1,1
RoomPractice,CVChick,OP-RP-Allo-CVChick-G21OccluderContra-Left-Brown-0-OPQ.yml,CVChickLikeTasks,1,0,1,1,0,0,Brown,1,,,0,2.0,0,0,1,1,46,0,102.0,51.0,1.0,1,0,0,0,1,0,1,1,1,1,1,1,0,1,1,1,1,1,1,1,0,0,0,1,1,1,0,0,1,1
RoomPractice,CVChick,OP-RP-Allo-CVChick-G21OccluderContra-Left-DarkBlue-0-OPQ.yml,CVChickLikeTasks,1,0,1,1,0,0,DarkBlue,1,,,0,2.0,0,0,1,1,46,0,1.0,1.0,153.0,1,1,0,0,1,0,1,1,1,1,1,0,0,1,1,1,1,1,1,1,0,1,0,1,1,1,0,0,1,1
RoomPractice,CVChick,OP-RP-Allo-CVChick-G21OccluderContra-Left-DarkGreen-0-OPQ.yml,CVChickLikeTasks,1,0,1,1,0,0,DarkGreen,1,,,0,2.0,0,0,1,1,46,0,1.0,100.0,1.0,1,0,0,0,1,0,1,1,1,1,1,1,0,1,1,1,1,1,1,1,0,0,0,0,1,0,0,0,1,1
RoomPractice,CVChick,OP-RP-Allo-CVChick-G21OccluderContra-Left-Grey-0-OPQ.yml,CVChickLikeTasks,1,0,1,1,0,0,Grey,1,,,0,2.0,0,0,1,1,46,0,153.0,153.0,153.0,1,0,0,0,1,0,1,1,1,1,1,1,1,1,1,1,1,1,1,1,0,0,0,0,1,1,0,0,1,1
RoomPractice,CVChick,OP-RP-Allo-CVChick-G21OccluderContra-Left-OffWhite-0-OPQ.yml,CVChickLikeTasks,1,0,1,1,0,0,OffWhite,1,,,0,2.0,0,0,1,1,46,0,248.0,253.0,212.0,1,1,0,0,1,0,0,0,1,0,1,1,1,1,1,1,1,1,1,1,0,0,0,0,1,0,0,0,1,1
RoomPractice,CVChick,OP-RP-Allo-CVChick-G21OccluderContra-Right-Beige-0-OPQ.yml,CVChickLikeTasks,1,0,1,1,0,0,Beige,-1,,,0,2.0,0,0,1,1,46,0,236.0,195.0,153.0,1,1,0,0,1,0,0,1,1,0,1,1,1,1,1,1,1,1,1,0,0,0,0,0,1,0,0,0,1,1
RoomPractice,CVChick,OP-RP-Allo-CVChick-G21OccluderContra-Right-Brown-0-OPQ.yml,CVChickLikeTasks,1,0,1,1,0,0,Brown,-1,,,0,2.0,0,0,1,1,46,0,102.0,51.0,1.0,1,0,0,0,1,0,1,1,1,0,1,0,1,1,1,1,1,1,1,1,0,0,0,0,1,1,0,0,1,1
RoomPractice,CVChick,OP-RP-Allo-CVChick-G21OccluderContra-Right-DarkBlue-0-OPQ.yml,CVChickLikeTasks,1,0,1,1,0,0,DarkBlue,-1,,,0,2.0,0,0,1,1,46,0,1.0,1.0,153.0,1,1,0,0,1,0,1,1,1,1,1,0,1,1,1,1,1,1,1,1,0,1,0,0,1,1,0,0,1,1
RoomPractice,CVChick,OP-RP-Allo-CVChick-G21OccluderContra-Right-DarkGreen-0-OPQ.yml,CVChickLikeTasks,1,0,1,1,0,0,DarkGreen,-1,,,0,2.0,0,0,1,1,46,0,1.0,100.0,1.0,1,1,0,0,1,0,1,1,1,1,0,1,1,1,1,1,0,1,1,1,0,0,0,0,1,1,0,0,1,1
RoomPractice,CVChick,OP-RP-Allo-CVChick-G21OccluderContra-Right-Grey-0-OPQ.yml,CVChickLikeTasks,1,0,1,1,0,0,Grey,-1,,,0,2.0,0,0,1,1,46,0,153.0,153.0,153.0,1,1,0,0,1,0,1,1,1,1,1,0,1,1,1,1,1,1,1,1,0,0,0,0,1,1,0,0,1,1
RoomPractice,CVChick,OP-RP-Allo-CVChick-G21OccluderContra-Right-OffWhite-0-OPQ.yml,CVChickLikeTasks,1,0,1,1,0,0,OffWhite,-1,,,0,2.0,0,0,1,1,46,0,248.0,253.0,212.0,1,0,0,0,1,0,0,0,1,1,0,0,1,1,1,1,0,1,1,0,0,0,0,0,1,1,0,0,1,1
RoomPractice,CVChick,OP-RP-Allo-CVChick-G21OccluderIpsi-Left-Beige-0-OPQ.yml,CVChickLikeTasks,1,0,1,1,0,0,Beige,-1,,,0,2.0,0,0,1,1,46,0,236.0,195.0,153.0,1,1,0,0,1,0,0,1,1,1,1,0,1,1,1,1,1,1,1,1,0,0,0,0,1,0,0,0,1,1
RoomPractice,CVChick,OP-RP-Allo-CVChick-G21OccluderIpsi-Left-Brown-0-OPQ.yml,CVChickLikeTasks,1,0,1,1,0,0,Brown,-1,,,0,2.0,0,0,1,1,46,0,102.0,51.0,1.0,1,1,0,0,1,0,1,1,1,1,1,0,1,1,1,1,1,1,1,1,0,0,0,0,1,1,0,0,1,1
RoomPractice,CVChick,OP-RP-Allo-CVChick-G21OccluderIpsi-Left-DarkBlue-0-OPQ.yml,CVChickLikeTasks,1,0,1,1,0,0,DarkBlue,-1,,,0,2.0,0,0,1,1,46,0,1.0,1.0,153.0,1,1,0,0,1,0,1,0,1,1,1,0,1,1,1,1,1,1,1,1,0,0,0,1,1,0,0,0,1,1
RoomPractice,CVChick,OP-RP-Allo-CVChick-G21OccluderIpsi-Left-DarkGreen-0-OPQ.yml,CVChickLikeTasks,1,0,1,1,0,0,DarkGreen,-1,,,0,2.0,0,0,1,1,46,0,1.0,100.0,1.0,1,0,0,0,1,0,1,1,1,1,1,0,1,1,1,1,1,1,1,1,0,0,0,0,1,1,0,0,1,1
RoomPractice,CVChick,OP-RP-Allo-CVChick-G21OccluderIpsi-Left-Grey-0-OPQ.yml,CVChickLikeTasks,1,0,1,1,0,0,Grey,-1,,,0,2.0,0,0,1,1,46,0,153.0,153.0,153.0,1,1,0,0,1,0,1,1,1,0,1,0,1,1,1,1,1,1,1,1,0,0,0,0,1,1,0,0,1,1
RoomPractice,CVChick,OP-RP-Allo-CVChick-G21OccluderIpsi-Left-OffWhite-0-OPQ.yml,CVChickLikeTasks,1,0,1,1,0,0,OffWhite,-1,,,0,2.0,0,0,1,1,46,0,248.0,253.0,212.0,1,1,0,0,1,1,0,0,1,0,0,0,0,1,1,1,1,1,1,0,0,0,0,0,1,1,0,0,1,1
RoomPractice,CVChick,OP-RP-Allo-CVChick-G21OccluderIpsi-Right-Beige-0-OPQ.yml,CVChickLikeTasks,1,0,1,1,0,0,Beige,1,,,0,2.0,0,0,1,1,46,0,236.0,195.0,153.0,1,1,0,0,1,0,0,1,1,0,0,1,0,1,1,1,1,1,1,0,0,0,0,0,1,1,0,0,1,1
RoomPractice,CVChick,OP-RP-Allo-CVChick-G21OccluderIpsi-Right-Brown-0-OPQ.yml,CVChickLikeTasks,1,0,1,1,0,0,Brown,1,,,0,2.0,0,0,1,1,46,0,102.0,51.0,1.0,1,0,0,0,0,0,0,1,1,0,1,0,0,1,1,0,1,1,1,1,0,0,0,0,1,1,0,1,1,0
RoomPractice,CVChick,OP-RP-Allo-CVChick-G21OccluderIpsi-Right-DarkBlue-0-OPQ.yml,CVChickLikeTasks,1,0,1,1,0,0,DarkBlue,1,,,0,2.0,0,0,1,1,46,0,1.0,1.0,153.0,1,0,0,0,1,0,1,1,1,1,1,1,1,1,1,1,1,1,1,1,0,0,0,0,1,1,0,0,1,1
RoomPractice,CVChick,OP-RP-Allo-CVChick-G21OccluderIpsi-Right-DarkGreen-0-OPQ.yml,CVChickLikeTasks,1,0,1,1,0,0,DarkGreen,1,,,0,2.0,0,0,1,1,46,0,1.0,100.0,1.0,1,1,0,0,1,0,1,1,1,0,1,1,0,1,1,1,1,1,1,1,0,0,0,0,1,0,0,0,1,1
RoomPractice,CVChick,OP-RP-Allo-CVChick-G21OccluderIpsi-Right-Grey-0-OPQ.yml,CVChickLikeTasks,1,0,1,1,0,0,Grey,1,,,0,2.0,0,0,1,1,46,0,153.0,153.0,153.0,1,0,0,0,1,0,1,1,1,1,0,1,1,1,1,1,1,1,1,1,0,0,0,0,1,1,0,0,1,1
RoomPractice,CVChick,OP-RP-Allo-CVChick-G21OccluderIpsi-Right-OffWhite-0-OPQ.yml,CVChickLikeTasks,1,0,1,1,0,0,OffWhite,1,,,0,2.0,0,0,1,1,46,0,248.0,253.0,212.0,1,0,0,0,1,0,0,0,1,0,1,1,1,1,1,1,1,1,1,1,0,0,0,0,1,0,0,0,1,1
RoomPractice,CVChick,OP-RP-Allo-CVChick-G21ThinContra-Right-Beige-0-OPQ.yml,CVChickLikeTasks,1,0,1,1,0,0,Beige,-1,,,0,2.0,0,0,1,1,46,0,236.0,195.0,153.0,1,1,0,0,1,0,0,1,1,0,1,0,1,1,1,1,1,1,1,1,0,0,0,0,1,1,0,0,1,1
RoomPractice,CVChick,OP-RP-Allo-CVChick-G21ThinContra-Right-Brown-0-OPQ.yml,CVChickLikeTasks,1,0,1,1,0,0,Brown,-1,,,0,2.0,0,0,1,1,46,0,102.0,51.0,1.0,1,1,0,0,1,0,1,1,1,1,1,1,1,1,1,1,1,1,1,1,0,0,0,0,1,0,0,1,1,1
RoomPractice,CVChick,OP-RP-Allo-CVChick-G21ThinContra-Right-DarkBlue-0-OPQ.yml,CVChickLikeTasks,1,0,1,1,0,0,DarkBlue,-1,,,0,2.0,0,0,1,1,46,0,1.0,1.0,153.0,1,0,0,0,1,0,1,1,1,0,1,0,1,0,1,1,1,1,1,1,0,0,0,0,1,1,0,0,1,1
RoomPractice,CVChick,OP-RP-Allo-CVChick-G21ThinContra-Right-DarkGreen-0-OPQ.yml,CVChickLikeTasks,1,0,1,1,0,0,DarkGreen,-1,,,0,2.0,0,0,1,1,46,0,1.0,100.0,1.0,1,0,1,0,1,0,1,1,1,1,1,0,0,1,1,0,1,1,1,1,0,0,0,0,1,0,0,0,1,1
RoomPractice,CVChick,OP-RP-Allo-CVChick-G21ThinContra-Right-Grey-0-OPQ.yml,CVChickLikeTasks,1,0,1,1,0,0,Grey,-1,,,0,2.0,0,0,1,1,46,0,153.0,153.0,153.0,1,1,1,0,1,0,1,1,1,0,1,0,1,1,1,1,1,1,1,0,0,0,0,0,1,1,0,1,1,0
RoomPractice,CVChick,OP-RP-Allo-CVChick-G21ThinContra-Right-OffWhite-0-OPQ.yml,CVChickLikeTasks,1,0,1,1,0,0,OffWhite,-1,,,0,2.0,0,0,1,1,46,0,248.0,253.0,212.0,1,0,0,0,1,0,0,0,1,0,1,0,1,1,1,1,1,1,1,1,0,0,0,1,1,1,0,0,1,1
RoomPractice,CVChick,OP-RP-Allo-CVChick-G21ThinIpsi-Left-Beige-0-OPQ.yml,CVChickLikeTasks,1,0,1,1,0,0,Beige,-1,,,0,2.0,0,0,1,1,46,0,236.0,195.0,153.0,1,1,0,0,1,0,0,1,1,0,1,1,1,1,1,1,1,1,1,0,0,0,0,1,1,1,0,0,1,1
RoomPractice,CVChick,OP-RP-Allo-CVChick-G21ThinIpsi-Left-Brown-0-OPQ.yml,CVChickLikeTasks,1,0,1,1,0,0,Brown,-1,,,0,2.0,0,0,1,1,46,0,102.0,51.0,1.0,1,1,0,0,1,0,1,1,1,1,0,0,1,1,1,1,1,1,1,1,0,0,0,1,1,1,0,0,1,0
RoomPractice,CVChick,OP-RP-Allo-CVChick-G21ThinIpsi-Left-DarkBlue-0-OPQ.yml,CVChickLikeTasks,1,0,1,1,0,0,DarkBlue,-1,,,0,2.0,0,0,1,1,46,0,1.0,1.0,153.0,1,1,0,0,1,0,1,1,1,1,1,1,1,1,1,1,1,1,1,0,0,0,0,0,1,1,0,0,1,1
RoomPractice,CVChick,OP-RP-Allo-CVChick-G21ThinIpsi-Left-DarkGreen-0-OPQ.yml,CVChickLikeTasks,1,0,1,1,0,0,DarkGreen,-1,,,0,2.0,0,0,1,1,46,0,1.0,100.0,1.0,1,0,0,0,1,0,1,0,1,1,1,1,1,1,1,1,1,1,1,1,0,0,0,0,1,1,0,0,1,1
RoomPractice,CVChick,OP-RP-Allo-CVChick-G21ThinIpsi-Left-Grey-0-OPQ.yml,CVChickLikeTasks,1,0,1,1,0,0,Grey,-1,,,0,2.0,0,0,1,1,46,0,153.0,153.0,153.0,1,0,1,0,1,0,1,1,1,1,1,0,1,1,1,1,1,1,1,1,0,0,0,0,1,1,0,0,1,1
RoomPractice,CVChick,OP-RP-Allo-CVChick-G21ThinIpsi-Left-OffWhite-0-OPQ.yml,CVChickLikeTasks,1,0,1,1,0,0,OffWhite,-1,,,0,2.0,0,0,1,1,46,0,248.0,253.0,212.0,1,1,0,0,1,1,0,0,1,1,1,0,1,1,1,1,1,1,1,1,0,0,0,0,1,1,0,0,1,1
RoomPractice,CVChick,OP-RP-Allo-CVChick-G21ThinIpsi-Right-Beige-0-OPQ.yml,CVChickLikeTasks,1,0,1,1,0,0,Beige,1,,,0,2.0,0,0,1,1,46,0,236.0,195.0,153.0,1,0,1,0,1,0,0,1,1,0,1,1,1,1,1,1,0,1,1,1,0,0,0,0,1,0,0,1,1,1
RoomPractice,CVChick,OP-RP-Allo-CVChick-G21ThinIpsi-Right-Brown-0-OPQ.yml,CVChickLikeTasks,1,0,1,1,0,0,Brown,1,,,0,2.0,0,0,1,1,46,0,102.0,51.0,1.0,1,0,0,0,1,0,1,1,0,0,1,1,0,1,1,1,1,1,1,0,0,1,0,0,1,1,0,0,1,0
RoomPractice,CVChick,OP-RP-Allo-CVChick-G21ThinIpsi-Right-DarkBlue-0-OPQ.yml,CVChickLikeTasks,1,0,1,1,0,0,DarkBlue,1,,,0,2.0,0,0,1,1,46,0,1.0,1.0,153.0,1,1,0,0,1,0,1,1,1,1,1,1,0,1,1,1,1,1,1,0,0,0,0,0,1,1,0,0,1,1
RoomPractice,CVChick,OP-RP-Allo-CVChick-G21ThinIpsi-Right-DarkGreen-0-OPQ.yml,CVChickLikeTasks,1,0,1,1,0,0,DarkGreen,1,,,0,2.0,0,0,1,1,46,0,1.0,100.0,1.0,1,1,1,0,1,0,1,1,1,0,1,0,1,1,1,1,1,1,1,1,0,0,0,0,1,0,0,0,1,1
RoomPractice,CVChick,OP-RP-Allo-CVChick-G21ThinIpsi-Right-Grey-0-OPQ.yml,CVChickLikeTasks,1,0,1,1,0,0,Grey,1,,,0,2.0,0,0,1,1,46,0,153.0,153.0,153.0,1,1,0,0,1,0,0,1,1,0,1,1,0,1,1,1,1,1,1,1,0,0,0,0,1,1,0,0,1,1
RoomPractice,CVChick,OP-RP-Allo-CVChick-G21ThinIpsi-Right-OffWhite-0-OPQ.yml,CVChickLikeTasks,1,0,1,1,0,0,OffWhite,1,,,0,2.0,0,0,1,1,46,0,248.0,253.0,212.0,1,0,0,0,1,0,0,0,1,0,1,1,0,1,1,0,1,1,1,1,0,0,0,0,1,1,0,0,1,1
RoomPractice,CVChick,OP-RP-Allo-CVChick-G21TransContra-Left-NA-0-Trans.yml,CVChickLikeTasks,1,0,1,1,0,0,,1,,,0,2.0,1,0,1,1,46,0,,,,1,1,0,0,1,0,1,0,1,1,1,1,0,1,1,1,1,1,1,0,0,0,0,0,1,1,0,0,1,1
RoomPractice,CVChick,OP-RP-Allo-CVChick-G21TransContra-Right-NA-0-Trans.yml,CVChickLikeTasks,1,0,1,1,0,0,,-1,,,0,2.0,1,0,1,1,46,0,,,,1,0,0,0,1,0,1,1,1,0,0,0,1,0,1,1,1,1,1,0,0,0,0,1,1,0,0,0,1,1
RoomPractice,CVChick,OP-RP-Allo-CVChick-G21TransIpsi-Left-NA-0-Trans.yml,CVChickLikeTasks,1,0,1,1,0,0,,-1,,,0,2.0,1,0,1,1,46,0,,,,1,0,0,0,1,0,1,1,1,1,1,0,1,1,1,1,1,1,1,1,0,0,0,0,1,1,0,0,1,0
RoomPractice,CVChick,OP-RP-Allo-CVChick-G21TransIpsi-Right-NA-0-Trans.yml,CVChickLikeTasks,1,0,1,1,0,0,,1,,,0,2.0,1,0,1,1,46,0,,,,1,1,0,0,1,1,1,0,1,1,0,1,0,1,1,1,1,1,1,1,0,0,0,0,1,1,0,0,1,1
RoomPractice,CVChick,OP-RP-Allo-CVChick-G21XtraLowContra-Left-Beige-0-OPQ.yml,CVChickLikeTasks,1,0,1,1,0,0,Beige,1,,,0,2.0,0,0,1,1,46,0,236.0,195.0,153.0,1,1,0,0,1,0,0,1,1,1,1,1,0,1,1,1,1,1,1,0,0,0,0,0,1,1,0,0,1,1
RoomPractice,CVChick,OP-RP-Allo-CVChick-G21XtraLowContra-Left-Brown-0-OPQ.yml,CVChickLikeTasks,1,0,1,1,0,0,Brown,1,,,0,2.0,0,0,1,1,46,0,102.0,51.0,1.0,1,1,0,0,1,0,1,1,1,0,1,1,1,1,1,1,1,1,1,1,0,0,0,0,1,1,0,0,1,1
RoomPractice,CVChick,OP-RP-Allo-CVChick-G21XtraLowContra-Left-DarkBlue-0-OPQ.yml,CVChickLikeTasks,1,0,1,1,0,0,DarkBlue,1,,,0,2.0,0,0,1,1,46,0,1.0,1.0,153.0,1,1,0,0,1,0,0,1,1,1,1,1,0,1,1,1,1,1,1,1,0,0,0,1,1,0,0,0,1,1
RoomPractice,CVChick,OP-RP-Allo-CVChick-G21XtraLowContra-Left-DarkGreen-0-OPQ.yml,CVChickLikeTasks,1,0,1,1,0,0,DarkGreen,1,,,0,2.0,0,0,1,1,46,0,1.0,100.0,1.0,1,0,0,0,1,0,1,1,1,1,0,1,0,1,1,1,1,1,1,1,0,0,0,0,1,1,0,1,1,1
RoomPractice,CVChick,OP-RP-Allo-CVChick-G21XtraLowContra-Left-Grey-0-OPQ.yml,CVChickLikeTasks,1,0,1,1,0,0,Grey,1,,,0,2.0,0,0,1,1,46,0,153.0,153.0,153.0,1,1,0,0,1,0,1,1,1,1,1,1,0,1,1,1,1,1,1,1,0,0,0,0,1,0,0,0,1,1
RoomPractice,CVChick,OP-RP-Allo-CVChick-G21XtraLowContra-Left-OffWhite-0-OPQ.yml,CVChickLikeTasks,1,0,1,1,0,0,OffWhite,1,,,0,2.0,0,0,1,1,46,0,248.0,253.0,212.0,1,0,0,0,1,0,0,0,1,0,1,1,0,1,1,1,1,1,1,1,0,0,0,0,1,1,0,0,1,1
RoomPractice,CVChick,OP-RP-Allo-CVChick-G21XtraLowContra-Right-Beige-0-OPQ.yml,CVChickLikeTasks,1,0,1,1,0,0,Beige,-1,,,0,2.0,0,0,1,1,46,0,236.0,195.0,153.0,1,1,1,0,1,0,0,1,1,0,0,0,1,1,1,1,1,1,1,0,0,0,0,0,1,1,0,0,1,0
RoomPractice,CVChick,OP-RP-Allo-CVChick-G21XtraLowContra-Right-Brown-0-OPQ.yml,CVChickLikeTasks,1,0,1,1,0,0,Brown,-1,,,0,2.0,0,0,1,1,46,0,102.0,51.0,1.0,1,1,0,0,0,0,0,1,1,1,1,1,1,1,1,1,1,1,1,1,0,0,0,0,1,1,0,0,1,1
RoomPractice,CVChick,OP-RP-Allo-CVChick-G21XtraLowContra-Right-DarkBlue-0-OPQ.yml,CVChickLikeTasks,1,0,1,1,0,0,DarkBlue,-1,,,0,2.0,0,0,1,1,46,0,1.0,1.0,153.0,1,1,0,0,1,0,1,1,1,0,1,0,1,1,1,1,0,1,1,1,0,0,0,0,1,1,0,0,1,1
RoomPractice,CVChick,OP-RP-Allo-CVChick-G21XtraLowContra-Right-DarkGreen-0-OPQ.yml,CVChickLikeTasks,1,0,1,1,0,0,DarkGreen,-1,,,0,2.0,0,0,1,1,46,0,1.0,100.0,1.0,1,0,0,0,1,0,1,1,1,1,0,1,1,1,1,0,1,1,1,0,0,0,0,0,1,1,0,0,1,1
RoomPractice,CVChick,OP-RP-Allo-CVChick-G21XtraLowContra-Right-Grey-0-OPQ.yml,CVChickLikeTasks,1,0,1,1,0,0,Grey,-1,,,0,2.0,0,0,1,1,46,0,153.0,153.0,153.0,1,1,0,0,1,0,1,1,1,0,1,1,1,1,1,1,1,1,1,0,0,0,0,0,1,1,0,1,1,1
RoomPractice,CVChick,OP-RP-Allo-CVChick-G21XtraLowContra-Right-OffWhite-0-OPQ.yml,CVChickLikeTasks,1,0,1,1,0,0,OffWhite,-1,,,0,2.0,0,0,1,1,46,0,248.0,253.0,212.0,1,0,0,0,1,0,0,0,1,1,0,0,1,1,1,1,1,1,1,1,0,0,0,0,1,1,0,0,1,0
RoomPractice,CVChick,OP-RP-Allo-CVChick-G21XtraLowIpsi-Left-Beige-0-OPQ.yml,CVChickLikeTasks,1,0,1,1,0,0,Beige,-1,,,0,2.0,0,0,1,1,46,0,236.0,195.0,153.0,1,0,0,0,1,0,0,1,1,0,1,0,1,1,1,1,0,1,1,1,0,0,0,0,1,1,0,0,1,1
RoomPractice,CVChick,OP-RP-Allo-CVChick-G21XtraLowIpsi-Left-Brown-0-OPQ.yml,CVChickLikeTasks,1,0,1,1,0,0,Brown,-1,,,0,2.0,0,0,1,1,46,0,102.0,51.0,1.0,1,1,0,0,1,0,1,1,1,1,1,0,1,1,1,0,1,1,1,1,0,1,0,0,1,1,0,0,1,1
RoomPractice,CVChick,OP-RP-Allo-CVChick-G21XtraLowIpsi-Left-DarkBlue-0-OPQ.yml,CVChickLikeTasks,1,0,1,1,0,0,DarkBlue,-1,,,0,2.0,0,0,1,1,46,0,1.0,1.0,153.0,1,0,0,0,1,0,1,0,1,1,1,0,1,1,1,1,1,1,1,1,0,0,0,0,1,1,0,0,1,0
RoomPractice,CVChick,OP-RP-Allo-CVChick-G21XtraLowIpsi-Left-DarkGreen-0-OPQ.yml,CVChickLikeTasks,1,0,1,1,0,0,DarkGreen,-1,,,0,2.0,0,0,1,1,46,0,1.0,100.0,1.0,1,0,0,0,1,0,0,1,1,1,1,0,1,1,1,1,1,1,1,1,0,0,0,1,1,1,0,0,1,1
RoomPractice,CVChick,OP-RP-Allo-CVChick-G21XtraLowIpsi-Left-Grey-0-OPQ.yml,CVChickLikeTasks,1,0,1,1,0,0,Grey,-1,,,0,2.0,0,0,1,1,46,0,153.0,153.0,153.0,1,1,0,0,1,0,1,1,1,1,0,1,1,1,1,1,1,0,1,0,0,0,0,1,1,1,0,0,1,1
RoomPractice,CVChick,OP-RP-Allo-CVChick-G21XtraLowIpsi-Left-OffWhite-0-OPQ.yml,CVChickLikeTasks,1,0,1,1,0,0,OffWhite,-1,,,0,2.0,0,0,1,1,46,0,248.0,253.0,212.0,1,1,1,0,1,1,0,1,1,0,1,0,1,1,1,1,1,1,1,1,0,0,0,0,1,1,0,0,1,1
RoomPractice,CVChick,OP-RP-Allo-CVChick-G21XtraLowIpsi-Right-Beige-0-OPQ.yml,CVChickLikeTasks,1,0,1,1,0,0,Beige,1,,,0,2.0,0,0,1,1,46,0,236.0,195.0,153.0,1,0,1,0,1,0,0,1,1,0,1,1,1,1,1,1,1,1,1,0,0,0,0,0,1,1,0,0,1,1
RoomPractice,CVChick,OP-RP-Allo-CVChick-G21XtraLowIpsi-Right-Brown-0-OPQ.yml,CVChickLikeTasks,1,0,1,1,0,0,Brown,1,,,0,2.0,0,0,1,1,46,0,102.0,51.0,1.0,1,0,0,0,1,0,1,1,1,0,1,1,1,1,1,1,1,0,1,1,0,1,0,0,1,1,0,0,1,1
RoomPractice,CVChick,OP-RP-Allo-CVChick-G21XtraLowIpsi-Right-DarkBlue-0-OPQ.yml,CVChickLikeTasks,1,0,1,1,0,0,DarkBlue,1,,,0,2.0,0,0,1,1,46,0,1.0,1.0,153.0,1,1,1,0,1,0,1,1,1,1,1,1,0,1,1,1,1,1,1,1,0,0,0,0,1,0,0,1,1,1
RoomPractice,CVChick,OP-RP-Allo-CVChick-G21XtraLowIpsi-Right-DarkGreen-0-OPQ.yml,CVChickLikeTasks,1,0,1,1,0,0,DarkGreen,1,,,0,2.0,0,0,1,1,46,0,1.0,100.0,1.0,1,1,1,0,0,0,1,1,1,1,1,1,0,1,1,1,1,1,1,1,0,1,0,1,1,0,0,0,1,1
RoomPractice,CVChick,OP-RP-Allo-CVChick-G21XtraLowIpsi-Right-Grey-0-OPQ.yml,CVChickLikeTasks,1,0,1,1,0,0,Grey,1,,,0,2.0,0,0,1,1,46,0,153.0,153.0,153.0,1,1,0,0,1,1,1,1,1,1,1,1,0,1,1,1,1,1,1,0,0,0,0,0,1,1,0,0,1,1
RoomPractice,CVChick,OP-RP-Allo-CVChick-G21XtraLowIpsi-Right-OffWhite-0-OPQ.yml,CVChickLikeTasks,1,0,1,1,0,0,OffWhite,1,,,0,2.0,0,0,1,1,46,0,248.0,253.0,212.0,1,1,1,0,1,0,0,0,0,0,0,1,1,1,1,1,1,1,1,1,0,0,0,0,1,1,0,0,1,0
RoomPractice,CVChick,OP-RP-Allo-CVChick-G22Falling-Left-Beige-0-OPQ.yml,CVChickLikeTasks,1,0,1,1,0,0,Beige,-1,,,0,2.0,0,0,1,1,46,0,236.0,195.0,153.0,1,0,0,0,1,0,0,1,1,0,1,1,1,1,1,1,1,1,1,0,0,0,0,0,1,0,0,1,1,1
RoomPractice,CVChick,OP-RP-Allo-CVChick-G22Falling-Left-Brown-0-OPQ.yml,CVChickLikeTasks,1,0,1,1,0,0,Brown,-1,,,0,2.0,0,0,1,1,46,0,102.0,51.0,1.0,1,0,0,0,1,0,1,1,1,0,1,0,1,1,1,1,0,1,1,1,0,0,0,0,1,1,0,0,1,1
RoomPractice,CVChick,OP-RP-Allo-CVChick-G22Falling-Left-DarkBlue-0-OPQ.yml,CVChickLikeTasks,1,0,1,1,0,0,DarkBlue,-1,,,0,2.0,0,0,1,1,46,0,1.0,1.0,153.0,1,1,0,0,1,0,1,1,1,0,1,1,1,1,1,1,1,1,1,1,0,0,0,1,1,1,0,0,1,0
RoomPractice,CVChick,OP-RP-Allo-CVChick-G22Falling-Left-DarkGreen-0-OPQ.yml,CVChickLikeTasks,1,0,1,1,0,0,DarkGreen,-1,,,0,2.0,0,0,1,1,46,0,1.0,100.0,1.0,1,0,0,0,1,0,1,1,1,0,1,0,1,1,1,1,1,1,1,1,0,0,0,0,1,1,0,0,1,1
RoomPractice,CVChick,OP-RP-Allo-CVChick-G22Falling-Left-Grey-0-OPQ.yml,CVChickLikeTasks,1,0,1,1,0,0,Grey,-1,,,0,2.0,0,0,1,1,46,0,153.0,153.0,153.0,1,1,0,0,1,0,1,1,1,0,1,1,1,1,1,1,1,1,1,1,0,0,0,0,1,1,0,0,1,1
RoomPractice,CVChick,OP-RP-Allo-CVChick-G22Falling-Left-OffWhite-0-OPQ.yml,CVChickLikeTasks,1,0,1,1,0,0,OffWhite,-1,,,0,2.0,0,0,1,1,46,0,248.0,253.0,212.0,1,0,0,0,1,0,0,0,1,0,1,0,1,1,1,1,1,1,1,1,0,0,0,1,1,0,0,1,1,1
RoomPractice,CVChick,OP-RP-Allo-CVChick-G22Falling-Right-Beige-0-OPQ.yml,CVChickLikeTasks,1,0,1,1,0,0,Beige,1,,,0,2.0,0,0,1,1,46,0,236.0,195.0,153.0,1,1,0,0,1,0,0,1,1,1,1,1,0,1,1,0,1,1,1,1,0,0,0,0,1,1,0,0,1,1
RoomPractice,CVChick,OP-RP-Allo-CVChick-G22Falling-Right-Brown-0-OPQ.yml,CVChickLikeTasks,1,0,1,1,0,0,Brown,1,,,0,2.0,0,0,1,1,46,0,102.0,51.0,1.0,1,0,0,0,1,0,0,1,1,0,0,1,1,1,1,0,1,1,1,0,0,0,0,0,1,0,0,0,1,1
RoomPractice,CVChick,OP-RP-Allo-CVChick-G22Falling-Right-DarkBlue-0-OPQ.yml,CVChickLikeTasks,1,0,1,1,0,0,DarkBlue,1,,,0,2.0,0,0,1,1,46,0,1.0,1.0,153.0,1,1,0,0,0,0,1,1,1,0,0,1,1,1,1,1,1,1,1,1,0,0,0,0,1,0,0,0,1,1
RoomPractice,CVChick,OP-RP-Allo-CVChick-G22Falling-Right-DarkGreen-0-OPQ.yml,CVChickLikeTasks,1,0,1,1,0,0,DarkGreen,1,,,0,2.0,0,0,1,1,46,0,1.0,100.0,1.0,1,0,0,0,1,0,0,0,1,0,0,1,1,1,1,0,1,1,1,1,0,0,0,0,1,0,0,0,1,0
RoomPractice,CVChick,OP-RP-Allo-CVChick-G22Falling-Right-Grey-0-OPQ.yml,CVChickLikeTasks,1,0,1,1,0,0,Grey,1,,,0,2.0,0,0,1,1,46,0,153.0,153.0,153.0,1,0,0,0,1,1,1,1,1,0,1,1,0,1,1,0,1,1,1,1,0,0,0,0,1,0,0,0,1,1
RoomPractice,CVChick,OP-RP-Allo-CVChick-G22Falling-Right-OffWhite-0-OPQ.yml,CVChickLikeTasks,1,0,1,1,0,0,OffWhite,1,,,0,2.0,0,0,1,1,46,0,248.0,253.0,212.0,1,1,0,0,1,0,0,0,1,0,1,1,1,1,1,1,1,1,1,1,0,0,0,0,1,1,0,0,1,1
RoomPractice,CVChick,OP-RP-Allo-CVChick-G22Occluder-Left-Beige-0-OPQ.yml,CVChickLikeTasks,1,0,1,1,0,0,Beige,-1,,,0,2.0,0,0,1,1,46,0,236.0,195.0,153.0,1,0,0,0,1,0,0,1,1,1,1,1,1,0,1,1,1,1,1,1,0,0,0,0,1,1,0,0,1,1
RoomPractice,CVChick,OP-RP-Allo-CVChick-G22Occluder-Left-Brown-0-OPQ.yml,CVChickLikeTasks,1,0,1,1,0,0,Brown,-1,,,0,2.0,0,0,1,1,46,0,102.0,51.0,1.0,1,0,0,0,1,0,1,1,1,0,1,0,1,1,1,1,1,1,1,1,0,0,0,0,1,1,0,0,1,1
RoomPractice,CVChick,OP-RP-Allo-CVChick-G22Occluder-Left-DarkBlue-0-OPQ.yml,CVChickLikeTasks,1,0,1,1,0,0,DarkBlue,-1,,,0,2.0,0,0,1,1,46,0,1.0,1.0,153.0,1,1,0,0,1,0,1,0,1,0,0,0,1,1,1,1,1,0,1,0,0,0,0,0,1,0,0,0,1,1
RoomPractice,CVChick,OP-RP-Allo-CVChick-G22Occluder-Left-DarkGreen-0-OPQ.yml,CVChickLikeTasks,1,0,1,1,0,0,DarkGreen,-1,,,0,2.0,0,0,1,1,46,0,1.0,100.0,1.0,1,0,0,0,1,0,1,1,1,1,0,0,0,1,1,1,1,1,1,1,0,0,0,0,1,1,0,0,1,1
RoomPractice,CVChick,OP-RP-Allo-CVChick-G22Occluder-Left-Grey-0-OPQ.yml,CVChickLikeTasks,1,0,1,1,0,0,Grey,-1,,,0,2.0,0,0,1,1,46,0,153.0,153.0,153.0,1,1,0,0,1,0,1,1,1,0,1,0,1,1,1,1,1,1,1,0,0,0,0,0,1,1,0,1,1,1
RoomPractice,CVChick,OP-RP-Allo-CVChick-G22Occluder-Left-OffWhite-0-OPQ.yml,CVChickLikeTasks,1,0,1,1,0,0,OffWhite,-1,,,0,2.0,0,0,1,1,46,0,248.0,253.0,212.0,1,0,0,0,1,0,1,0,1,1,1,0,1,1,1,0,1,1,1,1,0,0,0,0,1,0,0,0,1,0
RoomPractice,CVChick,OP-RP-Allo-CVChick-G22Occluder-Right-Beige-0-OPQ.yml,CVChickLikeTasks,1,0,1,1,0,0,Beige,1,,,0,2.0,0,0,1,1,46,0,236.0,195.0,153.0,1,0,0,0,1,0,1,1,1,1,1,1,0,1,1,1,1,1,1,0,0,0,0,0,1,1,0,1,1,0
RoomPractice,CVChick,OP-RP-Allo-CVChick-G22Occluder-Right-Brown-0-OPQ.yml,CVChickLikeTasks,1,0,1,1,0,0,Brown,1,,,0,2.0,0,0,1,1,46,0,102.0,51.0,1.0,1,1,0,0,1,0,1,1,1,1,1,1,0,1,1,1,1,1,1,1,0,0,0,0,1,1,0,0,1,1
RoomPractice,CVChick,OP-RP-Allo-CVChick-G22Occluder-Right-DarkBlue-0-OPQ.yml,CVChickLikeTasks,1,0,1,1,0,0,DarkBlue,1,,,0,2.0,0,0,1,1,46,0,1.0,1.0,153.0,1,1,0,0,1,0,1,1,1,1,1,1,0,1,1,1,1,1,1,1,0,1,0,1,1,1,0,0,1,1
RoomPractice,CVChick,OP-RP-Allo-CVChick-G22Occluder-Right-DarkGreen-0-OPQ.yml,CVChickLikeTasks,1,0,1,1,0,0,DarkGreen,1,,,0,2.0,0,0,1,1,46,0,1.0,100.0,1.0,1,0,0,0,1,0,1,1,1,0,1,1,0,1,1,1,1,1,1,1,0,0,0,0,1,1,0,0,1,1
RoomPractice,CVChick,OP-RP-Allo-CVChick-G22Occluder-Right-Grey-0-OPQ.yml,CVChickLikeTasks,1,0,1,1,0,0,Grey,1,,,0,2.0,0,0,1,1,46,0,153.0,153.0,153.0,1,0,0,0,1,1,1,1,1,1,0,1,1,1,1,1,1,1,1,1,0,0,0,0,1,0,0,0,1,0
RoomPractice,CVChick,OP-RP-Allo-CVChick-G22Occluder-Right-OffWhite-0-OPQ.yml,CVChickLikeTasks,1,0,1,1,0,0,OffWhite,1,,,0,2.0,0,0,1,1,46,0,248.0,253.0,212.0,1,0,0,0,1,0,1,0,0,1,0,1,0,1,1,1,1,0,1,1,0,0,0,0,1,1,0,0,1,1
RoomPractice,CVChick,OP-RP-Allo-CVChick-G22Thin-Left-Beige-0-OPQ.yml,CVChickLikeTasks,1,0,1,1,0,0,Beige,-1,,,0,2.0,0,0,1,1,46,0,236.0,195.0,153.0,1,0,0,0,1,0,0,1,1,1,0,0,1,1,1,1,1,1,1,0,0,0,0,1,1,1,0,0,1,1
RoomPractice,CVChick,OP-RP-Allo-CVChick-G22Thin-Left-Brown-0-OPQ.yml,CVChickLikeTasks,1,0,1,1,0,0,Brown,-1,,,0,2.0,0,0,1,1,46,0,102.0,51.0,1.0,1,1,0,0,1,0,1,1,1,1,0,0,1,1,1,1,1,1,1,1,0,0,0,1,1,1,0,0,1,1
RoomPractice,CVChick,OP-RP-Allo-CVChick-G22Thin-Left-DarkBlue-0-OPQ.yml,CVChickLikeTasks,1,0,1,1,0,0,DarkBlue,-1,,,0,2.0,0,0,1,1,46,0,1.0,1.0,153.0,1,0,0,0,0,0,1,1,0,0,0,0,1,1,1,1,1,1,1,1,0,0,0,0,1,1,0,0,1,1
RoomPractice,CVChick,OP-RP-Allo-CVChick-G22Thin-Left-DarkGreen-0-OPQ.yml,CVChickLikeTasks,1,0,1,1,0,0,DarkGreen,-1,,,0,2.0,0,0,1,1,46,0,1.0,100.0,1.0,1,0,0,0,1,0,1,1,1,0,1,0,1,1,1,1,1,1,1,1,0,0,0,0,1,1,0,0,1,0
RoomPractice,CVChick,OP-RP-Allo-CVChick-G22Thin-Left-Grey-0-OPQ.yml,CVChickLikeTasks,1,0,1,1,0,0,Grey,-1,,,0,2.0,0,0,1,1,46,0,153.0,153.0,153.0,1,1,0,0,1,0,1,1,1,1,1,0,1,1,1,1,1,1,1,0,0,0,0,0,1,1,0,0,1,1
RoomPractice,CVChick,OP-RP-Allo-CVChick-G22Thin-Left-OffWhite-0-OPQ.yml,CVChickLikeTasks,1,0,1,1,0,0,OffWhite,-1,,,0,2.0,0,0,1,1,46,0,248.0,253.0,212.0,1,1,0,0,1,0,0,0,1,1,1,0,1,1,1,1,1,1,1,0,0,0,0,0,1,1,0,0,1,1
RoomPractice,CVChick,OP-RP-Allo-CVChick-G22Thin-Right-Beige-0-OPQ.yml,CVChickLikeTasks,1,0,1,1,0,0,Beige,1,,,0,2.0,0,0,1,1,46,0,236.0,195.0,153.0,1,1,0,0,1,0,0,1,1,0,1,1,0,1,1,0,1,1,1,1,0,0,0,0,1,0,0,0,1,1
RoomPractice,CVChick,OP-RP-Allo-CVChick-G22Thin-Right-Brown-0-OPQ.yml,CVChickLikeTasks,1,0,1,1,0,0,Brown,1,,,0,2.0,0,0,1,1,46,0,102.0,51.0,1.0,1,0,0,0,0,0,1,1,1,1,1,1,0,1,1,1,1,0,1,1,0,0,0,0,1,1,0,0,1,1
RoomPractice,CVChick,OP-RP-Allo-CVChick-G22Thin-Right-DarkBlue-0-OPQ.yml,CVChickLikeTasks,1,0,1,1,0,0,DarkBlue,1,,,0,2.0,0,0,1,1,46,0,1.0,1.0,153.0,1,1,0,0,0,0,1,1,1,0,1,1,1,1,1,1,1,1,1,0,0,0,0,0,1,0,0,0,1,1
RoomPractice,CVChick,OP-RP-Allo-CVChick-G22Thin-Right-DarkGreen-0-OPQ.yml,CVChickLikeTasks,1,0,1,1,0,0,DarkGreen,1,,,0,2.0,0,0,1,1,46,0,1.0,100.0,1.0,1,1,0,0,1,0,1,1,0,0,0,1,0,1,1,1,1,1,1,1,0,0,0,0,1,1,0,0,1,1
RoomPractice,CVChick,OP-RP-Allo-CVChick-G22Thin-Right-Grey-0-OPQ.yml,CVChickLikeTasks,1,0,1,1,0,0,Grey,1,,,0,2.0,0,0,1,1,46,0,153.0,153.0,153.0,1,1,0,0,0,0,1,1,1,0,0,1,0,1,1,1,1,1,1,1,0,0,0,1,1,0,0,0,1,0
RoomPractice,CVChick,OP-RP-Allo-CVChick-G22Thin-Right-OffWhite-0-OPQ.yml,CVChickLikeTasks,1,0,1,1,0,0,OffWhite,1,,,0,2.0,0,0,1,1,46,0,248.0,253.0,212.0,1,1,0,0,1,0,0,0,1,1,0,1,0,1,1,1,1,1,1,1,0,0,0,0,1,1,0,0,1,1
RoomPractice,CVChick,OP-RP-Allo-CVChick-G22Trans-Left-NA-0-Trans.yml,CVChickLikeTasks,1,0,1,1,0,0,,-1,,,0,2.0,0,0,1,1,46,0,,,,1,1,0,0,1,0,1,1,1,1,1,0,1,1,1,1,1,1,1,1,0,0,0,0,1,1,0,0,1,1
RoomPractice,CVChick,OP-RP-Allo-CVChick-G22Trans-Right-NA-0-Trans.yml,CVChickLikeTasks,1,0,1,1,0,0,,1,,,0,2.0,0,0,1,1,46,0,,,,1,0,0,0,1,0,1,1,1,1,0,1,0,1,1,1,0,1,1,0,0,0,0,0,1,1,0,0,1,1
RoomPractice,CVChick,OP-RP-Allo-CVChick-G22XtraLow-Left-Beige-0-OPQ.yml,CVChickLikeTasks,1,0,1,1,0,0,Beige,-1,,,0,2.0,0,0,1,1,46,0,236.0,195.0,153.0,1,0,0,0,1,0,0,1,1,0,1,0,1,1,1,1,1,1,1,1,0,1,0,0,1,1,0,0,1,1
RoomPractice,CVChick,OP-RP-Allo-CVChick-G22XtraLow-Left-Brown-0-OPQ.yml,CVChickLikeTasks,1,0,1,1,0,0,Brown,-1,,,0,2.0,0,0,1,1,46,0,102.0,51.0,1.0,1,0,0,0,1,0,1,1,0,0,1,1,1,1,1,1,1,1,1,0,0,0,0,0,1,1,0,0,1,1
RoomPractice,CVChick,OP-RP-Allo-CVChick-G22XtraLow-Left-DarkBlue-0-OPQ.yml,CVChickLikeTasks,1,0,1,1,0,0,DarkBlue,-1,,,0,2.0,0,0,1,1,46,0,1.0,1.0,153.0,1,0,0,0,1,0,1,1,1,0,0,0,1,1,1,1,1,1,1,1,0,0,0,0,1,1,0,0,1,1
RoomPractice,CVChick,OP-RP-Allo-CVChick-G22XtraLow-Left-DarkGreen-0-OPQ.yml,CVChickLikeTasks,1,0,1,1,0,0,DarkGreen,-1,,,0,2.0,0,0,1,1,46,0,1.0,100.0,1.0,1,1,0,0,1,0,1,1,1,0,1,0,1,1,1,1,1,1,1,1,0,0,0,0,1,0,0,0,1,1
RoomPractice,CVChick,OP-RP-Allo-CVChick-G22XtraLow-Left-Grey-0-OPQ.yml,CVChickLikeTasks,1,0,1,1,0,0,Grey,-1,,,0,2.0,0,0,1,1,46,0,153.0,153.0,153.0,1,1,0,0,1,0,1,1,1,1,0,0,1,1,1,1,1,1,1,1,0,0,0,0,1,1,0,0,1,1
RoomPractice,CVChick,OP-RP-Allo-CVChick-G22XtraLow-Left-OffWhite-0-OPQ.yml,CVChickLikeTasks,1,0,1,1,0,0,OffWhite,-1,,,0,2.0,0,0,1,1,46,0,248.0,253.0,212.0,1,0,0,0,1,0,1,0,1,0,0,0,1,1,1,1,1,1,1,1,0,0,0,0,1,1,0,0,1,1
RoomPractice,CVChick,OP-RP-Allo-CVChick-G22XtraLow-Right-Beige-0-OPQ.yml,CVChickLikeTasks,1,0,1,1,0,0,Beige,1,,,0,2.0,0,0,1,1,46,0,236.0,195.0,153.0,1,1,0,0,1,0,0,1,1,0,1,1,0,1,1,1,1,1,1,1,0,1,0,0,1,1,0,0,1,0
RoomPractice,CVChick,OP-RP-Allo-CVChick-G22XtraLow-Right-Brown-0-OPQ.yml,CVChickLikeTasks,1,0,1,1,0,0,Brown,1,,,0,2.0,0,0,1,1,46,0,102.0,51.0,1.0,1,0,0,0,1,0,1,1,1,1,0,1,0,1,1,1,1,1,1,1,0,0,0,0,1,1,0,0,1,1
RoomPractice,CVChick,OP-RP-Allo-CVChick-G22XtraLow-Right-DarkBlue-0-OPQ.yml,CVChickLikeTasks,1,0,1,1,0,0,DarkBlue,1,,,0,2.0,0,0,1,1,46,0,1.0,1.0,153.0,1,1,0,0,1,0,1,1,0,1,1,1,0,1,1,1,0,1,1,0,0,0,0,0,1,1,0,0,1,1
RoomPractice,CVChick,OP-RP-Allo-CVChick-G22XtraLow-Right-DarkGreen-0-OPQ.yml,CVChickLikeTasks,1,0,1,1,0,0,DarkGreen,1,,,0,2.0,0,0,1,1,46,0,1.0,100.0,1.0,1,1,0,0,1,0,1,1,1,1,1,1,0,1,1,1,1,1,1,1,0,0,0,1,1,1,0,0,1,1
RoomPractice,CVChick,OP-RP-Allo-CVChick-G22XtraLow-Right-Grey-0-OPQ.yml,CVChickLikeTasks,1,0,1,1,0,0,Grey,1,,,0,2.0,0,0,1,1,46,0,153.0,153.0,153.0,1,0,0,0,1,0,1,1,1,1,1,1,0,1,1,1,1,0,1,1,0,0,0,0,1,0,0,0,1,0
RoomPractice,CVChick,OP-RP-Allo-CVChick-G22XtraLow-Right-OffWhite-0-OPQ.yml,CVChickLikeTasks,1,0,1,1,0,0,OffWhite,1,,,0,2.0,0,0,1,1,46,0,248.0,253.0,212.0,1,0,1,0,1,0,0,0,1,1,0,1,1,1,1,0,1,1,1,1,0,0,0,0,1,1,0,1,1,1
RoomPractice,CVChick,OP-RP-Allo-CVChick-G2NoOccluder-Left-NA-0-NA.yml,CVChickLikeTasks,1,0,1,1,0,0,,-1,,,0,2.0,0,0,1,1,46,0,,,,1,1,0,0,1,0,1,1,1,0,0,1,1,1,1,1,1,1,1,1,0,0,0,1,1,0,0,0,1,1
RoomPractice,CVChick,OP-RP-Allo-CVChick-G2NoOccluder-Right-NA-0-NA.yml,CVChickLikeTasks,1,0,1,1,0,0,,1,,,0,2.0,0,0,1,1,46,0,,,,1,1,0,0,1,1,1,1,1,0,1,1,0,1,1,1,1,1,1,1,0,1,0,0,1,1,0,0,1,1
RoomPractice,CVChick,OP-RP-Allo-CVChick-G31OccluderContra-Left-Beige-0-OPQ.yml,CVChickLikeTasks,1,0,1,1,0,0,Beige,1,,,0,3.0,0,0,1,1,46,0,236.0,195.0,153.0,1,0,0,0,1,0,1,1,1,1,1,1,1,1,1,0,1,1,1,1,0,0,0,0,1,1,0,0,1,0
RoomPractice,CVChick,OP-RP-Allo-CVChick-G31OccluderContra-Left-Brown-0-OPQ.yml,CVChickLikeTasks,1,0,1,1,0,0,Brown,1,,,0,3.0,0,0,1,1,46,0,102.0,51.0,1.0,1,1,0,0,1,0,1,1,1,0,1,1,1,1,1,1,1,1,1,1,0,1,0,0,1,1,0,0,1,1
RoomPractice,CVChick,OP-RP-Allo-CVChick-G31OccluderContra-Left-DarkBlue-0-OPQ.yml,CVChickLikeTasks,1,0,1,1,0,0,DarkBlue,1,,,0,3.0,0,0,1,1,46,0,1.0,1.0,153.0,1,1,0,0,1,0,1,1,1,0,0,1,1,1,1,1,1,1,1,1,0,0,0,0,1,1,0,0,1,0
RoomPractice,CVChick,OP-RP-Allo-CVChick-G31OccluderContra-Left-DarkGreen-0-OPQ.yml,CVChickLikeTasks,1,0,1,1,0,0,DarkGreen,1,,,0,3.0,0,0,1,1,46,0,1.0,100.0,1.0,1,1,0,0,0,0,1,1,1,0,1,1,0,1,1,1,1,1,1,0,0,0,0,0,1,1,0,0,1,1
RoomPractice,CVChick,OP-RP-Allo-CVChick-G31OccluderContra-Left-Grey-0-OPQ.yml,CVChickLikeTasks,1,0,1,1,0,0,Grey,1,,,0,3.0,0,0,1,1,46,0,153.0,153.0,153.0,1,0,0,0,1,0,1,1,1,0,1,1,0,1,1,1,1,1,1,1,0,0,0,0,1,1,0,0,1,1
RoomPractice,CVChick,OP-RP-Allo-CVChick-G31OccluderContra-Left-OffWhite-0-OPQ.yml,CVChickLikeTasks,1,0,1,1,0,0,OffWhite,1,,,0,3.0,0,0,1,1,46,0,248.0,253.0,212.0,1,1,0,0,1,0,0,0,1,1,1,1,1,1,1,0,1,1,1,0,0,0,0,0,1,1,0,0,1,1
RoomPractice,CVChick,OP-RP-Allo-CVChick-G31OccluderContra-Right-Beige-0-OPQ.yml,CVChickLikeTasks,1,0,1,1,0,0,Beige,-1,,,0,3.0,0,0,1,1,46,0,236.0,195.0,153.0,1,0,0,0,1,0,0,1,1,1,1,0,1,1,1,1,1,1,1,1,0,0,0,0,1,0,0,1,1,1
RoomPractice,CVChick,OP-RP-Allo-CVChick-G31OccluderContra-Right-Brown-0-OPQ.yml,CVChickLikeTasks,1,0,1,1,0,0,Brown,-1,,,0,3.0,0,0,1,1,46,0,102.0,51.0,1.0,1,0,0,0,1,0,1,1,1,1,1,0,1,1,1,1,1,1,1,1,0,1,0,0,1,1,0,0,1,1
RoomPractice,CVChick,OP-RP-Allo-CVChick-G31OccluderContra-Right-DarkBlue-0-OPQ.yml,CVChickLikeTasks,1,0,1,1,0,0,DarkBlue,-1,,,0,3.0,0,0,1,1,46,0,1.0,1.0,153.0,1,0,0,0,1,0,1,1,1,0,1,0,1,1,1,1,1,1,1,1,0,0,0,0,1,1,0,0,1,1
RoomPractice,CVChick,OP-RP-Allo-CVChick-G31OccluderContra-Right-DarkGreen-0-OPQ.yml,CVChickLikeTasks,1,0,1,1,0,0,DarkGreen,-1,,,0,3.0,0,0,1,1,46,0,1.0,100.0,1.0,1,0,0,0,1,0,1,0,1,1,1,1,1,1,1,1,1,1,1,1,0,0,0,0,1,1,0,0,1,1
RoomPractice,CVChick,OP-RP-Allo-CVChick-G31OccluderContra-Right-Grey-0-OPQ.yml,CVChickLikeTasks,1,0,1,1,0,0,Grey,-1,,,0,3.0,0,0,1,1,46,0,153.0,153.0,153.0,1,0,1,0,1,0,1,1,1,1,1,0,1,1,1,1,1,1,1,1,0,0,0,0,1,0,0,0,1,1
RoomPractice,CVChick,OP-RP-Allo-CVChick-G31OccluderContra-Right-OffWhite-0-OPQ.yml,CVChickLikeTasks,1,0,1,1,0,0,OffWhite,-1,,,0,3.0,0,0,1,1,46,0,248.0,253.0,212.0,1,0,0,1,1,0,0,0,1,0,1,1,1,1,1,1,1,1,1,1,0,0,0,0,1,1,0,0,1,1
RoomPractice,CVChick,OP-RP-Allo-CVChick-G31OccluderIpsi-Left-Beige-0-OPQ.yml,CVChickLikeTasks,1,0,1,1,0,0,Beige,-1,,,0,3.0,0,0,1,1,46,0,236.0,195.0,153.0,1,1,0,0,1,0,0,1,1,0,0,1,1,1,1,1,1,1,1,1,0,0,0,0,1,1,0,0,1,0
RoomPractice,CVChick,OP-RP-Allo-CVChick-G31OccluderIpsi-Left-Brown-0-OPQ.yml,CVChickLikeTasks,1,0,1,1,0,0,Brown,-1,,,0,3.0,0,0,1,1,46,0,102.0,51.0,1.0,1,1,0,0,0,0,1,1,1,1,1,0,1,1,1,1,1,1,1,1,0,0,0,0,1,1,0,1,1,1
RoomPractice,CVChick,OP-RP-Allo-CVChick-G31OccluderIpsi-Left-DarkBlue-0-OPQ.yml,CVChickLikeTasks,1,0,1,1,0,0,DarkBlue,-1,,,0,3.0,0,0,1,1,46,0,1.0,1.0,153.0,1,1,0,0,1,0,1,1,0,0,1,0,1,1,1,0,1,0,1,1,0,0,0,0,1,1,0,0,1,1
RoomPractice,CVChick,OP-RP-Allo-CVChick-G31OccluderIpsi-Left-DarkGreen-0-OPQ.yml,CVChickLikeTasks,1,0,1,1,0,0,DarkGreen,-1,,,0,3.0,0,0,1,1,46,0,1.0,100.0,1.0,1,0,0,0,1,0,1,1,1,1,1,1,1,1,1,1,1,1,1,1,0,0,0,0,1,1,0,0,1,1
RoomPractice,CVChick,OP-RP-Allo-CVChick-G31OccluderIpsi-Left-Grey-0-OPQ.yml,CVChickLikeTasks,1,0,1,1,0,0,Grey,-1,,,0,3.0,0,0,1,1,46,0,153.0,153.0,153.0,1,1,0,0,1,0,1,1,1,1,1,1,1,1,1,1,1,1,1,1,0,0,0,1,1,1,0,0,1,1
RoomPractice,CVChick,OP-RP-Allo-CVChick-G31OccluderIpsi-Left-OffWhite-0-OPQ.yml,CVChickLikeTasks,1,0,1,1,0,0,OffWhite,-1,,,0,3.0,0,0,1,1,46,0,248.0,253.0,212.0,1,0,0,0,1,0,0,0,1,0,1,0,1,1,1,1,1,1,1,1,0,0,0,0,1,1,0,0,1,0
RoomPractice,CVChick,OP-RP-Allo-CVChick-G31OccluderIpsi-Right-Beige-0-OPQ.yml,CVChickLikeTasks,1,0,1,1,0,0,Beige,1,,,0,3.0,0,0,1,1,46,0,236.0,195.0,153.0,1,0,0,0,1,0,0,1,1,0,1,1,0,1,1,1,1,1,1,0,0,0,0,0,1,1,0,0,1,1
RoomPractice,CVChick,OP-RP-Allo-CVChick-G31OccluderIpsi-Right-Brown-0-OPQ.yml,CVChickLikeTasks,1,0,1,1,0,0,Brown,1,,,0,3.0,0,0,1,1,46,0,102.0,51.0,1.0,1,0,1,0,1,0,1,1,1,0,0,1,0,1,1,1,1,1,1,1,0,0,0,1,1,1,0,0,1,1
RoomPractice,CVChick,OP-RP-Allo-CVChick-G31OccluderIpsi-Right-DarkBlue-0-OPQ.yml,CVChickLikeTasks,1,0,1,1,0,0,DarkBlue,1,,,0,3.0,0,0,1,1,46,0,1.0,1.0,153.0,1,1,0,0,1,0,1,0,1,1,1,1,0,1,1,1,1,1,1,1,0,1,0,0,1,1,0,1,1,1
RoomPractice,CVChick,OP-RP-Allo-CVChick-G31OccluderIpsi-Right-DarkGreen-0-OPQ.yml,CVChickLikeTasks,1,0,1,1,0,0,DarkGreen,1,,,0,3.0,0,0,1,1,46,0,1.0,100.0,1.0,1,0,0,0,1,0,1,1,1,1,1,1,0,1,1,1,1,1,1,1,0,0,0,0,1,1,0,0,1,1
RoomPractice,CVChick,OP-RP-Allo-CVChick-G31OccluderIpsi-Right-Grey-0-OPQ.yml,CVChickLikeTasks,1,0,1,1,0,0,Grey,1,,,0,3.0,0,0,1,1,46,0,153.0,153.0,153.0,1,0,0,0,1,0,1,1,1,0,1,1,0,1,1,1,0,1,1,1,0,0,0,0,1,1,0,0,1,1
RoomPractice,CVChick,OP-RP-Allo-CVChick-G31OccluderIpsi-Right-OffWhite-0-OPQ.yml,CVChickLikeTasks,1,0,1,1,0,0,OffWhite,1,,,0,3.0,0,0,1,1,46,0,248.0,253.0,212.0,1,0,0,0,1,0,0,0,1,1,1,0,0,1,1,1,1,1,1,1,0,0,0,0,1,1,0,0,1,1
RoomPractice,CVChick,OP-RP-Allo-CVChick-G31ThinContra-Right-Beige-0-OPQ.yml,CVChickLikeTasks,1,0,1,1,0,0,Beige,-1,,,0,3.0,0,0,1,1,46,0,236.0,195.0,153.0,1,1,1,0,1,0,0,1,1,0,1,0,1,1,1,1,1,1,1,1,0,0,0,0,1,0,0,0,1,1
RoomPractice,CVChick,OP-RP-Allo-CVChick-G31ThinContra-Right-Brown-0-OPQ.yml,CVChickLikeTasks,1,0,1,1,0,0,Brown,-1,,,0,3.0,0,0,1,1,46,0,102.0,51.0,1.0,1,0,0,0,1,0,1,1,1,0,0,0,1,1,1,1,1,1,1,1,0,0,0,1,1,0,0,0,1,0
RoomPractice,CVChick,OP-RP-Allo-CVChick-G31ThinContra-Right-DarkBlue-0-OPQ.yml,CVChickLikeTasks,1,0,1,1,0,0,DarkBlue,-1,,,0,3.0,0,0,1,1,46,0,1.0,1.0,153.0,1,1,0,0,1,0,1,1,1,0,1,0,1,1,1,1,0,1,1,1,0,1,0,0,1,0,0,0,1,1
RoomPractice,CVChick,OP-RP-Allo-CVChick-G31ThinContra-Right-DarkGreen-0-OPQ.yml,CVChickLikeTasks,1,0,1,1,0,0,DarkGreen,-1,,,0,3.0,0,0,1,1,46,0,1.0,100.0,1.0,1,1,0,0,1,0,1,1,1,0,1,0,1,1,1,1,1,1,1,1,0,0,0,1,1,1,0,0,1,0
RoomPractice,CVChick,OP-RP-Allo-CVChick-G31ThinContra-Right-Grey-0-OPQ.yml,CVChickLikeTasks,1,0,1,1,0,0,Grey,-1,,,0,3.0,0,0,1,1,46,0,153.0,153.0,153.0,1,1,0,0,1,0,1,1,1,1,1,0,1,1,1,1,1,1,1,0,0,1,0,0,1,1,0,0,1,1
RoomPractice,CVChick,OP-RP-Allo-CVChick-G31ThinContra-Right-OffWhite-0-OPQ.yml,CVChickLikeTasks,1,0,1,1,0,0,OffWhite,-1,,,0,3.0,0,0,1,1,46,0,248.0,253.0,212.0,1,0,0,0,1,0,0,0,1,1,1,0,1,1,1,1,1,1,1,1,0,0,0,0,1,1,0,0,1,1
RoomPractice,CVChick,OP-RP-Allo-CVChick-G31ThinIpsi-Left-Beige-0-OPQ.yml,CVChickLikeTasks,1,0,1,1,0,0,Beige,-1,,,0,3.0,0,0,1,1,46,0,236.0,195.0,153.0,1,0,0,0,1,0,0,1,1,0,1,1,0,1,1,1,1,1,1,1,0,0,0,0,1,0,0,1,1,1
RoomPractice,CVChick,OP-RP-Allo-CVChick-G31ThinIpsi-Left-Brown-0-OPQ.yml,CVChickLikeTasks,1,0,1,1,0,0,Brown,-1,,,0,3.0,0,0,1,1,46,0,102.0,51.0,1.0,1,0,0,0,1,0,1,1,1,1,1,0,1,1,1,1,1,1,1,1,0,0,0,0,1,1,0,0,1,1
RoomPractice,CVChick,OP-RP-Allo-CVChick-G31ThinIpsi-Left-DarkBlue-0-OPQ.yml,CVChickLikeTasks,1,0,1,1,0,0,DarkBlue,-1,,,0,3.0,0,0,1,1,46,0,1.0,1.0,153.0,1,0,0,0,1,0,1,1,1,0,1,1,1,1,1,1,1,1,1,1,0,0,0,0,1,1,0,0,1,1
RoomPractice,CVChick,OP-RP-Allo-CVChick-G31ThinIpsi-Left-DarkGreen-0-OPQ.yml,CVChickLikeTasks,1,0,1,1,0,0,DarkGreen,-1,,,0,3.0,0,0,1,1,46,0,1.0,100.0,1.0,1,0,0,0,1,0,1,1,1,1,1,0,1,1,1,1,1,1,1,1,0,0,0,0,1,1,0,0,1,1
RoomPractice,CVChick,OP-RP-Allo-CVChick-G31ThinIpsi-Left-Grey-0-OPQ.yml,CVChickLikeTasks,1,0,1,1,0,0,Grey,-1,,,0,3.0,0,0,1,1,46,0,153.0,153.0,153.0,1,1,0,0,1,0,1,1,1,1,1,0,0,1,1,1,1,1,1,1,0,0,0,0,1,1,0,0,1,1
RoomPractice,CVChick,OP-RP-Allo-CVChick-G31ThinIpsi-Left-OffWhite-0-OPQ.yml,CVChickLikeTasks,1,0,1,1,0,0,OffWhite,-1,,,0,3.0,0,0,1,1,46,0,248.0,253.0,212.0,1,1,0,0,1,0,0,0,1,0,1,1,1,1,1,1,1,1,1,0,0,0,0,0,1,1,0,0,1,1
RoomPractice,CVChick,OP-RP-Allo-CVChick-G31ThinIpsi-Right-Beige-0-OPQ.yml,CVChickLikeTasks,1,0,1,1,0,0,Beige,1,,,0,3.0,0,0,1,1,46,0,236.0,195.0,153.0,1,0,0,0,1,0,0,1,1,1,1,1,0,1,1,1,1,1,1,1,0,0,0,0,1,0,0,0,1,1
RoomPractice,CVChick,OP-RP-Allo-CVChick-G31ThinIpsi-Right-Brown-0-OPQ.yml,CVChickLikeTasks,1,0,1,1,0,0,Brown,1,,,0,3.0,0,0,1,1,46,0,102.0,51.0,1.0,1,1,0,0,0,0,1,1,1,1,1,1,0,1,1,1,1,1,1,0,0,0,0,0,1,1,0,0,1,1
RoomPractice,CVChick,OP-RP-Allo-CVChick-G31ThinIpsi-Right-DarkBlue-0-OPQ.yml,CVChickLikeTasks,1,0,1,1,0,0,DarkBlue,1,,,0,3.0,0,0,1,1,46,0,1.0,1.0,153.0,1,0,0,0,1,0,0,1,1,1,1,1,0,1,1,1,1,1,1,0,0,0,0,0,1,1,0,1,1,0
RoomPractice,CVChick,OP-RP-Allo-CVChick-G31ThinIpsi-Right-DarkGreen-0-OPQ.yml,CVChickLikeTasks,1,0,1,1,0,0,DarkGreen,1,,,0,3.0,0,0,1,1,46,0,1.0,100.0,1.0,1,0,0,0,1,0,1,1,1,0,1,1,0,1,1,1,1,1,1,1,0,0,0,0,1,1,0,0,1,0
RoomPractice,CVChick,OP-RP-Allo-CVChick-G31ThinIpsi-Right-Grey-0-OPQ.yml,CVChickLikeTasks,1,0,1,1,0,0,Grey,1,,,0,3.0,0,0,1,1,46,0,153.0,153.0,153.0,1,1,0,0,0,0,0,1,1,1,1,1,1,0,1,1,1,1,1,1,0,0,0,1,1,1,0,0,1,1
RoomPractice,CVChick,OP-RP-Allo-CVChick-G31ThinIpsi-Right-OffWhite-0-OPQ.yml,CVChickLikeTasks,1,0,1,1,0,0,OffWhite,1,,,0,3.0,0,0,1,1,46,0,248.0,253.0,212.0,1,0,0,0,1,0,0,0,1,0,1,0,0,1,1,1,1,1,1,1,0,0,0,0,1,0,0,0,1,1
RoomPractice,CVChick,OP-RP-Allo-CVChick-G31TransContra-Left-NA-0-Trans.yml,CVChickLikeTasks,1,0,1,1,0,0,,1,,,0,3.0,1,0,1,1,46,0,,,,1,0,0,0,0,0,1,1,1,0,1,0,1,1,1,1,1,1,1,1,0,0,0,0,1,1,0,0,1,1
RoomPractice,CVChick,OP-RP-Allo-CVChick-G31TransContra-Right-NA-0-Trans.yml,CVChickLikeTasks,1,0,1,1,0,0,,-1,,,0,3.0,1,0,1,1,46,0,,,,1,0,0,0,1,0,1,0,1,0,0,0,1,1,1,0,1,1,1,1,0,0,0,0,1,1,0,0,1,1
RoomPractice,CVChick,OP-RP-Allo-CVChick-G31TransIpsi-Left-NA-0-Trans.yml,CVChickLikeTasks,1,0,1,1,0,0,,-1,,,0,3.0,1,0,1,1,46,0,,,,1,0,1,0,1,0,1,1,1,1,1,0,1,1,1,0,1,1,1,1,0,0,0,1,1,0,0,0,1,1
RoomPractice,CVChick,OP-RP-Allo-CVChick-G31TransIpsi-Right-NA-0-Trans.yml,CVChickLikeTasks,1,0,1,1,0,0,,1,,,0,3.0,1,0,1,1,46,0,,,,1,0,0,0,1,0,1,1,1,0,0,1,0,1,1,1,1,1,1,1,0,0,0,1,1,0,0,0,1,1
RoomPractice,CVChick,OP-RP-Allo-CVChick-G31XtraLowContra-Left-Beige-0-OPQ.yml,CVChickLikeTasks,1,0,1,1,0,0,Beige,1,,,0,3.0,0,0,1,1,46,0,236.0,195.0,153.0,1,0,0,0,1,0,0,1,1,0,0,1,1,1,1,1,1,1,1,1,0,0,0,0,1,1,0,0,1,1
RoomPractice,CVChick,OP-RP-Allo-CVChick-G31XtraLowContra-Left-Brown-0-OPQ.yml,CVChickLikeTasks,1,0,1,1,0,0,Brown,1,,,0,3.0,0,0,1,1,46,0,102.0,51.0,1.0,1,1,0,0,1,0,1,1,1,0,1,1,1,1,1,1,1,1,1,1,0,0,0,0,1,1,0,0,1,1
RoomPractice,CVChick,OP-RP-Allo-CVChick-G31XtraLowContra-Left-DarkBlue-0-OPQ.yml,CVChickLikeTasks,1,0,1,1,0,0,DarkBlue,1,,,0,3.0,0,0,1,1,46,0,1.0,1.0,153.0,1,0,0,0,1,0,1,1,1,0,1,1,1,1,1,1,1,1,1,1,0,0,0,0,1,1,0,0,1,0
RoomPractice,CVChick,OP-RP-Allo-CVChick-G31XtraLowContra-Left-DarkGreen-0-OPQ.yml,CVChickLikeTasks,1,0,1,1,0,0,DarkGreen,1,,,0,3.0,0,0,1,1,46,0,1.0,100.0,1.0,1,1,0,0,1,1,1,1,1,0,1,1,1,1,1,1,1,1,1,1,0,0,0,0,1,1,0,0,1,1
RoomPractice,CVChick,OP-RP-Allo-CVChick-G31XtraLowContra-Left-Grey-0-OPQ.yml,CVChickLikeTasks,1,0,1,1,0,0,Grey,1,,,0,3.0,0,0,1,1,46,0,153.0,153.0,153.0,1,0,0,0,1,0,1,1,1,1,1,1,0,1,1,1,1,1,1,1,0,0,0,0,1,1,0,0,1,1
RoomPractice,CVChick,OP-RP-Allo-CVChick-G31XtraLowContra-Left-OffWhite-0-OPQ.yml,CVChickLikeTasks,1,0,1,1,0,0,OffWhite,1,,,0,3.0,0,0,1,1,46,0,248.0,253.0,212.0,1,0,0,0,1,0,0,0,1,1,1,1,0,0,1,1,1,1,1,1,0,0,0,0,1,1,0,0,1,1
RoomPractice,CVChick,OP-RP-Allo-CVChick-G31XtraLowContra-Right-Beige-0-OPQ.yml,CVChickLikeTasks,1,0,1,1,0,0,Beige,-1,,,0,3.0,0,0,1,1,46,0,236.0,195.0,153.0,1,1,0,0,0,0,0,1,1,1,1,1,1,0,1,1,1,1,1,1,0,0,0,0,1,1,0,0,1,1
RoomPractice,CVChick,OP-RP-Allo-CVChick-G31XtraLowContra-Right-Brown-0-OPQ.yml,CVChickLikeTasks,1,0,1,1,0,0,Brown,-1,,,0,3.0,0,0,1,1,46,0,102.0,51.0,1.0,1,0,0,0,1,0,1,0,0,0,1,0,1,1,1,1,1,1,1,1,0,0,0,0,1,1,0,0,1,1
RoomPractice,CVChick,OP-RP-Allo-CVChick-G31XtraLowContra-Right-DarkBlue-0-OPQ.yml,CVChickLikeTasks,1,0,1,1,0,0,DarkBlue,-1,,,0,3.0,0,0,1,1,46,0,1.0,1.0,153.0,1,0,0,0,1,0,0,1,0,1,1,1,1,1,1,1,1,1,1,0,0,0,0,0,1,1,0,0,1,0
RoomPractice,CVChick,OP-RP-Allo-CVChick-G31XtraLowContra-Right-DarkGreen-0-OPQ.yml,CVChickLikeTasks,1,0,1,1,0,0,DarkGreen,-1,,,0,3.0,0,0,1,1,46,0,1.0,100.0,1.0,1,0,0,0,1,0,1,1,1,0,1,0,1,1,1,1,1,1,1,0,0,0,0,0,1,1,0,0,1,1
RoomPractice,CVChick,OP-RP-Allo-CVChick-G31XtraLowContra-Right-Grey-0-OPQ.yml,CVChickLikeTasks,1,0,1,1,0,0,Grey,-1,,,0,3.0,0,0,1,1,46,0,153.0,153.0,153.0,1,0,0,0,1,0,1,1,1,1,0,0,1,1,1,1,1,1,1,1,0,0,0,0,1,1,0,1,1,1
RoomPractice,CVChick,OP-RP-Allo-CVChick-G31XtraLowContra-Right-OffWhite-0-OPQ.yml,CVChickLikeTasks,1,0,1,1,0,0,OffWhite,-1,,,0,3.0,0,0,1,1,46,0,248.0,253.0,212.0,1,1,0,0,1,0,0,1,1,1,1,0,1,1,1,1,1,1,1,1,0,0,0,0,1,1,0,0,1,1
RoomPractice,CVChick,OP-RP-Allo-CVChick-G31XtraLowIpsi-Left-Beige-0-OPQ.yml,CVChickLikeTasks,1,0,1,1,0,0,Beige,-1,,,0,3.0,0,0,1,1,46,0,236.0,195.0,153.0,1,1,0,0,1,0,0,1,1,0,1,0,1,1,1,1,1,1,1,1,0,0,0,1,1,1,0,0,1,1
RoomPractice,CVChick,OP-RP-Allo-CVChick-G31XtraLowIpsi-Left-Brown-0-OPQ.yml,CVChickLikeTasks,1,0,1,1,0,0,Brown,-1,,,0,3.0,0,0,1,1,46,0,102.0,51.0,1.0,1,0,0,0,1,0,1,1,0,0,1,0,1,1,1,1,1,1,1,0,0,0,0,0,1,1,0,0,1,1
RoomPractice,CVChick,OP-RP-Allo-CVChick-G31XtraLowIpsi-Left-DarkBlue-0-OPQ.yml,CVChickLikeTasks,1,0,1,1,0,0,DarkBlue,-1,,,0,3.0,0,0,1,1,46,0,1.0,1.0,153.0,1,1,1,0,1,0,1,1,1,0,1,0,0,1,1,1,1,1,1,1,0,1,0,0,1,1,0,1,1,1
RoomPractice,CVChick,OP-RP-Allo-CVChick-G31XtraLowIpsi-Left-DarkGreen-0-OPQ.yml,CVChickLikeTasks,1,0,1,1,0,0,DarkGreen,-1,,,0,3.0,0,0,1,1,46,0,1.0,100.0,1.0,1,0,0,0,1,0,1,1,1,1,1,0,1,1,1,1,1,1,1,0,0,0,0,0,1,1,0,0,1,1
RoomPractice,CVChick,OP-RP-Allo-CVChick-G31XtraLowIpsi-Left-Grey-0-OPQ.yml,CVChickLikeTasks,1,0,1,1,0,0,Grey,-1,,,0,3.0,0,0,1,1,46,0,153.0,153.0,153.0,1,1,0,0,1,0,1,1,1,0,1,1,1,1,1,1,1,1,1,1,0,0,0,0,1,1,0,0,1,1
RoomPractice,CVChick,OP-RP-Allo-CVChick-G31XtraLowIpsi-Left-OffWhite-0-OPQ.yml,CVChickLikeTasks,1,0,1,1,0,0,OffWhite,-1,,,0,3.0,0,0,1,1,46,0,248.0,253.0,212.0,1,1,1,0,1,0,1,0,1,0,1,0,1,1,1,0,0,1,1,1,0,1,0,0,1,1,0,0,1,1
RoomPractice,CVChick,OP-RP-Allo-CVChick-G31XtraLowIpsi-Right-Beige-0-OPQ.yml,CVChickLikeTasks,1,0,1,1,0,0,Beige,1,,,0,3.0,0,0,1,1,46,0,236.0,195.0,153.0,1,1,0,0,1,0,0,1,1,0,1,1,0,1,1,1,1,1,1,1,0,0,0,0,1,0,0,0,1,1
RoomPractice,CVChick,OP-RP-Allo-CVChick-G31XtraLowIpsi-Right-Brown-0-OPQ.yml,CVChickLikeTasks,1,0,1,1,0,0,Brown,1,,,0,3.0,0,0,1,1,46,0,102.0,51.0,1.0,1,1,0,0,1,1,1,1,1,0,1,1,1,1,1,1,1,1,1,1,0,0,0,0,1,0,0,0,1,0
RoomPractice,CVChick,OP-RP-Allo-CVChick-G31XtraLowIpsi-Right-DarkBlue-0-OPQ.yml,CVChickLikeTasks,1,0,1,1,0,0,DarkBlue,1,,,0,3.0,0,0,1,1,46,0,1.0,1.0,153.0,1,1,0,0,0,0,1,1,1,1,1,1,0,1,1,1,1,1,1,1,0,0,0,0,1,0,0,0,1,0
RoomPractice,CVChick,OP-RP-Allo-CVChick-G31XtraLowIpsi-Right-DarkGreen-0-OPQ.yml,CVChickLikeTasks,1,0,1,1,0,0,DarkGreen,1,,,0,3.0,0,0,1,1,46,0,1.0,100.0,1.0,1,1,0,0,1,0,1,1,1,0,1,1,0,0,1,1,1,1,1,1,0,0,0,0,1,1,0,0,1,1
RoomPractice,CVChick,OP-RP-Allo-CVChick-G31XtraLowIpsi-Right-Grey-0-OPQ.yml,CVChickLikeTasks,1,0,1,1,0,0,Grey,1,,,0,3.0,0,0,1,1,46,0,153.0,153.0,153.0,1,0,0,0,1,0,1,1,1,0,1,1,1,1,1,1,1,1,1,1,0,0,0,0,1,1,0,0,1,1
RoomPractice,CVChick,OP-RP-Allo-CVChick-G31XtraLowIpsi-Right-OffWhite-0-OPQ.yml,CVChickLikeTasks,1,0,1,1,0,0,OffWhite,1,,,0,3.0,0,0,1,1,46,0,248.0,253.0,212.0,1,1,0,0,1,0,0,0,1,1,1,1,1,0,1,1,1,1,1,1,0,0,0,0,1,1,0,0,1,1
RoomPractice,CVChick,OP-RP-Allo-CVChick-G32Occluder-Left-Beige-0-OPQ.yml,CVChickLikeTasks,1,0,1,1,0,0,Beige,-1,,,0,3.0,0,0,1,1,46,0,236.0,195.0,153.0,1,0,0,0,1,0,0,1,1,1,1,0,1,1,1,1,1,0,1,1,0,0,0,0,1,1,0,0,1,1
RoomPractice,CVChick,OP-RP-Allo-CVChick-G32Occluder-Left-Brown-0-OPQ.yml,CVChickLikeTasks,1,0,1,1,0,0,Brown,-1,,,0,3.0,0,0,1,1,46,0,102.0,51.0,1.0,1,1,0,0,1,0,1,1,1,0,1,0,1,1,1,1,1,1,1,0,0,0,0,0,1,1,0,0,1,1
RoomPractice,CVChick,OP-RP-Allo-CVChick-G32Occluder-Left-DarkBlue-0-OPQ.yml,CVChickLikeTasks,1,0,1,1,0,0,DarkBlue,-1,,,0,3.0,0,0,1,1,46,0,1.0,1.0,153.0,1,1,0,0,1,0,1,1,1,0,1,1,1,1,1,1,1,1,1,1,0,0,0,0,1,1,0,0,1,1
RoomPractice,CVChick,OP-RP-Allo-CVChick-G32Occluder-Left-DarkGreen-0-OPQ.yml,CVChickLikeTasks,1,0,1,1,0,0,DarkGreen,-1,,,0,3.0,0,0,1,1,46,0,1.0,100.0,1.0,1,0,0,0,1,0,1,1,1,0,1,0,1,1,1,0,1,1,1,1,0,1,0,0,1,1,0,0,1,1
RoomPractice,CVChick,OP-RP-Allo-CVChick-G32Occluder-Left-Grey-0-OPQ.yml,CVChickLikeTasks,1,0,1,1,0,0,Grey,-1,,,0,3.0,0,0,1,1,46,0,153.0,153.0,153.0,1,1,0,0,1,0,1,1,1,0,1,1,1,1,1,1,0,1,1,1,0,0,0,1,1,0,0,0,1,0
RoomPractice,CVChick,OP-RP-Allo-CVChick-G32Occluder-Left-OffWhite-0-OPQ.yml,CVChickLikeTasks,1,0,1,1,0,0,OffWhite,-1,,,0,3.0,0,0,1,1,46,0,248.0,253.0,212.0,1,1,0,0,1,0,1,0,1,0,1,0,1,1,1,1,1,1,1,1,0,0,0,0,1,0,0,0,1,1
RoomPractice,CVChick,OP-RP-Allo-CVChick-G32Occluder-Right-Beige-0-OPQ.yml,CVChickLikeTasks,1,0,1,1,0,0,Beige,1,,,0,3.0,0,0,1,1,46,0,236.0,195.0,153.0,1,0,0,0,1,0,0,1,1,0,1,1,0,1,1,1,1,1,1,1,0,0,0,1,1,0,0,0,1,1
RoomPractice,CVChick,OP-RP-Allo-CVChick-G32Occluder-Right-Brown-0-OPQ.yml,CVChickLikeTasks,1,0,1,1,0,0,Brown,1,,,0,3.0,0,0,1,1,46,0,102.0,51.0,1.0,1,1,0,0,0,0,1,1,1,0,0,1,0,1,1,1,1,1,1,1,0,0,0,0,1,1,0,0,1,0
RoomPractice,CVChick,OP-RP-Allo-CVChick-G32Occluder-Right-DarkBlue-0-OPQ.yml,CVChickLikeTasks,1,0,1,1,0,0,DarkBlue,1,,,0,3.0,0,0,1,1,46,0,1.0,1.0,153.0,1,1,0,0,1,0,1,1,1,0,1,1,0,1,1,1,1,1,1,1,0,0,0,1,1,1,0,0,1,1
RoomPractice,CVChick,OP-RP-Allo-CVChick-G32Occluder-Right-DarkGreen-0-OPQ.yml,CVChickLikeTasks,1,0,1,1,0,0,DarkGreen,1,,,0,3.0,0,0,1,1,46,0,1.0,100.0,1.0,1,1,0,0,1,0,1,1,1,0,1,1,0,1,1,1,1,1,1,1,0,0,0,0,1,1,0,0,1,0
RoomPractice,CVChick,OP-RP-Allo-CVChick-G32Occluder-Right-Grey-0-OPQ.yml,CVChickLikeTasks,1,0,1,1,0,0,Grey,1,,,0,3.0,0,0,1,1,46,0,153.0,153.0,153.0,1,1,1,0,1,0,1,1,1,0,0,1,0,1,1,1,1,1,1,0,0,0,0,0,1,1,0,0,1,0
RoomPractice,CVChick,OP-RP-Allo-CVChick-G32Occluder-Right-OffWhite-0-OPQ.yml,CVChickLikeTasks,1,0,1,1,0,0,OffWhite,1,,,0,3.0,0,0,1,1,46,0,248.0,253.0,212.0,1,1,0,0,1,0,0,0,1,1,1,1,0,1,1,1,1,1,1,0,0,0,0,1,1,1,0,0,1,1
RoomPractice,CVChick,OP-RP-Allo-CVChick-G32Thin-Left-Beige-0-OPQ.yml,CVChickLikeTasks,1,0,1,1,0,0,Beige,-1,,,0,3.0,0,0,1,1,46,0,236.0,195.0,153.0,1,1,0,0,1,0,1,1,1,1,1,0,1,1,1,1,1,1,1,1,0,0,0,0,1,0,0,0,1,0
RoomPractice,CVChick,OP-RP-Allo-CVChick-G32Thin-Left-Brown-0-OPQ.yml,CVChickLikeTasks,1,0,1,1,0,0,Brown,-1,,,0,3.0,0,0,1,1,46,0,102.0,51.0,1.0,1,0,0,0,0,0,1,1,1,1,1,1,0,1,1,1,1,1,1,0,0,0,0,0,1,1,0,0,1,1
RoomPractice,CVChick,OP-RP-Allo-CVChick-G32Thin-Left-DarkBlue-0-OPQ.yml,CVChickLikeTasks,1,0,1,1,0,0,DarkBlue,-1,,,0,3.0,0,0,1,1,46,0,1.0,1.0,153.0,1,0,0,0,1,0,1,1,1,1,1,1,1,1,1,1,1,0,1,1,0,0,0,1,1,1,0,0,1,1
RoomPractice,CVChick,OP-RP-Allo-CVChick-G32Thin-Left-DarkGreen-0-OPQ.yml,CVChickLikeTasks,1,0,1,1,0,0,DarkGreen,-1,,,0,3.0,0,0,1,1,46,0,1.0,100.0,1.0,1,1,1,0,1,0,1,1,1,1,1,0,1,1,1,1,1,0,1,1,0,0,0,0,1,1,0,0,1,1
RoomPractice,CVChick,OP-RP-Allo-CVChick-G32Thin-Left-Grey-0-OPQ.yml,CVChickLikeTasks,1,0,1,1,0,0,Grey,-1,,,0,3.0,0,0,1,1,46,0,153.0,153.0,153.0,1,1,0,0,1,0,1,1,1,0,0,1,0,0,1,1,1,0,1,1,0,1,0,0,1,1,0,0,1,1
RoomPractice,CVChick,OP-RP-Allo-CVChick-G32Thin-Left-OffWhite-0-OPQ.yml,CVChickLikeTasks,1,0,1,1,0,0,OffWhite,-1,,,0,3.0,0,0,1,1,46,0,248.0,253.0,212.0,1,0,0,0,1,0,0,0,1,1,1,1,1,0,1,1,1,1,1,1,0,0,0,0,1,1,0,0,1,1
RoomPractice,CVChick,OP-RP-Allo-CVChick-G32Thin-Right-Beige-0-OPQ.yml,CVChickLikeTasks,1,0,1,1,0,0,Beige,1,,,0,3.0,0,0,1,1,46,0,236.0,195.0,153.0,1,1,0,0,1,0,0,1,1,0,1,1,0,1,1,1,1,1,1,0,0,0,0,0,1,0,0,0,1,1
RoomPractice,CVChick,OP-RP-Allo-CVChick-G32Thin-Right-Brown-0-OPQ.yml,CVChickLikeTasks,1,0,1,1,0,0,Brown,1,,,0,3.0,0,0,1,1,46,0,102.0,51.0,1.0,1,0,0,0,1,0,1,1,1,1,1,1,0,1,1,1,1,1,1,1,0,0,0,0,1,1,0,0,1,1
RoomPractice,CVChick,OP-RP-Allo-CVChick-G32Thin-Right-DarkBlue-0-OPQ.yml,CVChickLikeTasks,1,0,1,1,0,0,DarkBlue,1,,,0,3.0,0,0,1,1,46,0,1.0,1.0,153.0,1,0,0,0,1,0,1,1,1,0,1,1,1,1,1,1,1,1,1,1,0,0,0,0,1,1,0,0,1,1
RoomPractice,CVChick,OP-RP-Allo-CVChick-G32Thin-Right-DarkGreen-0-OPQ.yml,CVChickLikeTasks,1,0,1,1,0,0,DarkGreen,1,,,0,3.0,0,0,1,1,46,0,1.0,100.0,1.0,1,1,0,0,0,0,1,1,1,0,1,0,0,1,1,1,1,1,1,1,0,0,0,0,1,0,0,1,1,1
RoomPractice,CVChick,OP-RP-Allo-CVChick-G32Thin-Right-Grey-0-OPQ.yml,CVChickLikeTasks,1,0,1,1,0,0,Grey,1,,,0,3.0,0,0,1,1,46,0,153.0,153.0,153.0,1,1,0,0,1,0,1,1,1,0,1,1,0,1,1,1,1,1,1,1,0,0,0,0,1,0,0,0,1,1
RoomPractice,CVChick,OP-RP-Allo-CVChick-G32Thin-Right-OffWhite-0-OPQ.yml,CVChickLikeTasks,1,0,1,1,0,0,OffWhite,1,,,0,3.0,0,0,1,1,46,0,248.0,253.0,212.0,1,1,1,0,0,0,0,0,1,0,1,1,0,1,1,1,1,0,1,1,0,0,0,0,1,0,0,0,1,1
RoomPractice,CVChick,OP-RP-Allo-CVChick-G32Trans-Left-NA-0-Trans.yml,CVChickLikeTasks,1,0,1,1,0,0,,-1,,,0,3.0,1,0,1,1,46,0,,,,1,1,0,0,1,0,1,1,1,0,1,0,1,1,1,1,1,1,1,0,0,0,0,0,1,1,0,0,1,0
RoomPractice,CVChick,OP-RP-Allo-CVChick-G32Trans-Right-NA-0-Trans.yml,CVChickLikeTasks,1,0,1,1,0,0,,1,,,0,3.0,1,0,1,1,46,0,,,,1,0,0,0,1,1,1,1,0,1,0,1,0,1,1,1,1,1,1,1,0,0,0,0,1,0,0,0,1,1
RoomPractice,CVChick,OP-RP-Allo-CVChick-G32XtraLow-Left-Beige-0-OPQ.yml,CVChickLikeTasks,1,0,1,1,0,0,Beige,-1,,,0,3.0,0,0,1,1,46,0,236.0,195.0,153.0,1,1,0,0,1,0,0,1,1,1,1,0,1,1,1,1,1,1,1,1,0,0,0,0,1,0,0,0,1,0
RoomPractice,CVChick,OP-RP-Allo-CVChick-G32XtraLow-Left-Brown-0-OPQ.yml,CVChickLikeTasks,1,0,1,1,0,0,Brown,-1,,,0,3.0,0,0,1,1,46,0,102.0,51.0,1.0,1,0,0,0,1,0,1,1,1,0,1,0,1,1,1,1,1,1,1,1,0,0,0,0,1,0,0,0,1,1
RoomPractice,CVChick,OP-RP-Allo-CVChick-G32XtraLow-Left-DarkBlue-0-OPQ.yml,CVChickLikeTasks,1,0,1,1,0,0,DarkBlue,-1,,,0,3.0,0,0,1,1,46,0,1.0,1.0,153.0,1,0,0,0,1,0,1,1,1,1,1,0,1,1,1,1,0,1,1,1,0,0,0,0,1,0,0,0,1,0
RoomPractice,CVChick,OP-RP-Allo-CVChick-G32XtraLow-Left-DarkGreen-0-OPQ.yml,CVChickLikeTasks,1,0,1,1,0,0,DarkGreen,-1,,,0,3.0,0,0,1,1,46,0,1.0,100.0,1.0,1,1,0,0,1,0,1,1,1,1,1,1,1,1,1,1,1,1,1,1,0,0,0,0,1,0,0,0,1,1
RoomPractice,CVChick,OP-RP-Allo-CVChick-G32XtraLow-Left-Grey-0-OPQ.yml,CVChickLikeTasks,1,0,1,1,0,0,Grey,-1,,,0,3.0,0,0,1,1,46,0,153.0,153.0,153.0,1,0,0,0,1,0,1,1,1,1,1,0,1,1,1,1,1,1,1,1,0,0,0,0,1,1,0,0,1,0
RoomPractice,CVChick,OP-RP-Allo-CVChick-G32XtraLow-Left-OffWhite-0-OPQ.yml,CVChickLikeTasks,1,0,1,1,0,0,OffWhite,-1,,,0,3.0,0,0,1,1,46,0,248.0,253.0,212.0,1,1,0,0,1,0,0,0,1,0,1,1,0,1,1,1,1,1,1,1,0,1,0,0,1,1,0,0,1,1
RoomPractice,CVChick,OP-RP-Allo-CVChick-G32XtraLow-Right-Beige-0-OPQ.yml,CVChickLikeTasks,1,0,1,1,0,0,Beige,1,,,0,3.0,0,0,1,1,46,0,236.0,195.0,153.0,1,0,0,0,1,0,1,1,0,0,1,1,0,1,1,0,1,1,1,1,0,0,0,0,1,1,0,0,1,1
RoomPractice,CVChick,OP-RP-Allo-CVChick-G32XtraLow-Right-Brown-0-OPQ.yml,CVChickLikeTasks,1,0,1,1,0,0,Brown,1,,,0,3.0,0,0,1,1,46,0,102.0,51.0,1.0,1,1,0,0,1,0,1,1,1,1,1,1,0,1,1,1,1,1,1,0,0,0,0,0,1,1,0,0,1,0
RoomPractice,CVChick,OP-RP-Allo-CVChick-G32XtraLow-Right-DarkBlue-0-OPQ.yml,CVChickLikeTasks,1,0,1,1,0,0,DarkBlue,1,,,0,3.0,0,0,1,1,46,0,1.0,1.0,153.0,1,1,0,0,1,0,1,1,1,0,0,1,0,1,1,1,1,1,1,0,0,0,0,0,1,0,0,0,1,1
RoomPractice,CVChick,OP-RP-Allo-CVChick-G32XtraLow-Right-DarkGreen-0-OPQ.yml,CVChickLikeTasks,1,0,1,1,0,0,DarkGreen,1,,,0,3.0,0,0,1,1,46,0,1.0,100.0,1.0,1,1,0,0,1,0,1,1,1,1,1,1,0,1,1,1,1,1,1,1,0,0,0,0,1,1,0,0,1,1
RoomPractice,CVChick,OP-RP-Allo-CVChick-G32XtraLow-Right-Grey-0-OPQ.yml,CVChickLikeTasks,1,0,1,1,0,0,Grey,1,,,0,3.0,0,0,1,1,46,0,153.0,153.0,153.0,1,0,0,0,0,1,1,1,1,0,1,1,0,1,1,1,1,1,1,1,0,0,0,0,1,1,0,0,1,1
RoomPractice,CVChick,OP-RP-Allo-CVChick-G32XtraLow-Right-OffWhite-0-OPQ.yml,CVChickLikeTasks,1,0,1,1,0,0,OffWhite,1,,,0,3.0,0,0,1,1,46,0,248.0,253.0,212.0,1,1,0,0,0,0,0,0,1,0,1,1,1,1,1,1,1,1,1,1,0,0,0,0,1,1,0,0,1,1
RoomPractice,CVChick,OP-RP-Allo-CVChick-G3NoOccluder-Left-NA-0-NA.yml,CVChickLikeTasks,1,0,1,1,0,0,,-1,,,0,3.0,0,0,1,1,46,0,,,,1,0,0,0,1,0,1,1,1,0,1,1,1,1,1,1,1,1,1,1,0,0,0,0,1,1,0,0,1,0
RoomPractice,CVChick,OP-RP-Allo-CVChick-G3NoOccluder-Right-NA-0-NA.yml,CVChickLikeTasks,1,0,1,1,0,0,,1,,,0,3.0,0,0,1,1,46,0,,,,1,0,0,0,1,0,1,1,1,1,1,1,1,1,1,1,1,1,1,0,0,0,0,0,1,1,0,0,1,1
